CODEALERTA,VPRESSAO_original
72,ilegal_mining
104,agriculture
117,agriculture
182,agriculture
211,agriculture
246,agriculture
272,agriculture
291,agriculture
373,agriculture
393,agriculture
441,ilegal_mining
443,agriculture
444,ilegal_mining
453,agriculture
475,agriculture
476,agriculture
482,agriculture
493,agriculture
494,ilegal_mining
499,ilegal_mining
513,ilegal_mining
514,ilegal_mining
516,ilegal_mining
620,agriculture
629,agriculture
671,agriculture
676,agriculture
691,agriculture
700,agriculture
701,agriculture
712,agriculture
726,agriculture
748,agriculture
774,agriculture
777,ilegal_mining
786,agriculture
800,agriculture
815,agriculture
819,ilegal_mining
862,ilegal_mining
876,agriculture
908,ilegal_mining
909,ilegal_mining
910,ilegal_mining
914,ilegal_mining
915,ilegal_mining
916,ilegal_mining
917,ilegal_mining
920,ilegal_mining
924,ilegal_mining
939,ilegal_mining
940,ilegal_mining
943,ilegal_mining
963,ilegal_mining
964,ilegal_mining
966,ilegal_mining
968,ilegal_mining
970,ilegal_mining
1147,ilegal_mining
1248,ilegal_mining
1320,agriculture
1334,agriculture
1341,agriculture
1358,agriculture
1380,agriculture
1383,agriculture
1397,agriculture
1417,ilegal_mining
1447,agriculture
1509,agriculture
1532,ilegal_mining
1536,agriculture
1547,agriculture
1552,agriculture
1564,agriculture
1576,agriculture
1606,agriculture
1607,agriculture
1616,agriculture
1617,ilegal_mining
1634,agriculture
1643,ilegal_mining
1654,ilegal_mining
1676,agriculture
1688,agriculture
1767,ilegal_mining
1801,agriculture
1802,ilegal_mining
1862,agriculture
1873,ilegal_mining
1888,ilegal_mining
1972,ilegal_mining
2034,ilegal_mining
2035,ilegal_mining
2059,agriculture
2087,agriculture
2152,agriculture
2153,ilegal_mining
2282,ilegal_mining
2294,ilegal_mining
2304,ilegal_mining
2395,ilegal_mining
2408,agriculture
2448,ilegal_mining
2466,agriculture
2480,ilegal_mining
2487,ilegal_mining
2562,agriculture
2577,ilegal_mining
2580,ilegal_mining
2581,ilegal_mining
2587,ilegal_mining
2598,agriculture
2606,agriculture
2609,agriculture
2616,ilegal_mining
2617,ilegal_mining
2629,ilegal_mining
2631,ilegal_mining
2641,ilegal_mining
2642,ilegal_mining
2643,ilegal_mining
2644,ilegal_mining
2646,ilegal_mining
2655,agriculture
2657,agriculture
2662,ilegal_mining
2663,ilegal_mining
2668,agriculture
2670,ilegal_mining
2672,ilegal_mining
2673,ilegal_mining
2674,ilegal_mining
2677,ilegal_mining
2680,ilegal_mining
2689,agriculture
2695,ilegal_mining
2696,ilegal_mining
2697,ilegal_mining
2699,ilegal_mining
2701,ilegal_mining
2702,ilegal_mining
2705,ilegal_mining
2708,ilegal_mining
2709,ilegal_mining
2713,ilegal_mining
2715,ilegal_mining
2716,ilegal_mining
2938,agriculture
2941,agriculture
2950,ilegal_mining
2957,agriculture
2959,ilegal_mining
2989,ilegal_mining
2990,ilegal_mining
2998,ilegal_mining
2999,ilegal_mining
3007,agriculture
3019,ilegal_mining
3033,ilegal_mining
3047,ilegal_mining
3056,ilegal_mining
3063,ilegal_mining
3071,ilegal_mining
3072,ilegal_mining
3075,ilegal_mining
3076,ilegal_mining
3077,ilegal_mining
3078,ilegal_mining
3079,ilegal_mining
3080,ilegal_mining
3082,ilegal_mining
3083,ilegal_mining
3084,ilegal_mining
3085,ilegal_mining
3087,ilegal_mining
3090,ilegal_mining
3091,ilegal_mining
3095,ilegal_mining
3096,ilegal_mining
3097,ilegal_mining
3099,ilegal_mining
3102,ilegal_mining
3261,agriculture
3262,ilegal_mining
3334,agriculture
3340,agriculture
3379,agriculture
3423,agriculture
3428,ilegal_mining
3441,agriculture
3540,ilegal_mining
3550,agriculture
3616,agriculture
3654,agriculture
3655,agriculture
3656,agriculture
3672,agriculture
3688,agriculture
3734,agriculture
3742,agriculture
3745,agriculture
3755,ilegal_mining
3757,ilegal_mining
3765,agriculture
3775,ilegal_mining
3802,agriculture
3839,agriculture
3842,agriculture
3888,agriculture
3930,agriculture
3947,agriculture
3964,ilegal_mining
4030,ilegal_mining
4039,ilegal_mining
4107,agriculture
4110,agriculture
4120,agriculture
4150,agriculture
4156,ilegal_mining
4173,agriculture
4174,agriculture
4177,agriculture
4180,agriculture
4200,agriculture
4209,agriculture
4211,agriculture
4222,agriculture
4224,agriculture
4260,agriculture
4300,ilegal_mining
4303,ilegal_mining
4304,ilegal_mining
4305,ilegal_mining
4306,ilegal_mining
4330,agriculture
4353,agriculture
4359,agriculture
4375,agriculture
4383,ilegal_mining
4397,agriculture
4402,agriculture
4405,agriculture
4538,agriculture
4540,agriculture
4552,agriculture
4584,ilegal_mining
4595,agriculture
4602,agriculture
4698,agriculture
4703,ilegal_mining
4715,agriculture
4717,agriculture
4718,agriculture
4736,agriculture
4740,agriculture
4767,ilegal_mining
4779,agriculture
4807,agriculture
4829,agriculture
4848,agriculture
4851,agriculture
4855,agriculture
4925,ilegal_mining
4926,agriculture
4933,agriculture
4976,agriculture
4980,ilegal_mining
4982,ilegal_mining
4983,ilegal_mining
4994,agriculture
5011,agriculture
5027,ilegal_mining
5047,agriculture
5076,agriculture
5108,agriculture
5116,agriculture
5122,ilegal_mining
5127,agriculture
5135,ilegal_mining
5142,agriculture
5161,agriculture
5165,ilegal_mining
5173,agriculture
5181,agriculture
5219,agriculture
5220,ilegal_mining
5222,agriculture
5248,agriculture
5253,ilegal_mining
5303,agriculture
5326,agriculture
5335,agriculture
5348,agriculture
5422,agriculture
5474,ilegal_mining
5500,agriculture
5521,agriculture
5535,ilegal_mining
5538,ilegal_mining
5545,agriculture
5551,agriculture
5554,agriculture
5559,agriculture
5561,agriculture
5564,agriculture
5566,agriculture
5574,agriculture
5575,agriculture
5576,ilegal_mining
5580,agriculture
5596,agriculture
5648,ilegal_mining
5650,agriculture
5655,ilegal_mining
5657,agriculture
5658,ilegal_mining
5659,agriculture
5673,agriculture
5675,ilegal_mining
5684,agriculture
5699,agriculture
5722,agriculture
5725,agriculture
5782,agriculture
5783,agriculture
5816,agriculture
5826,agriculture
5884,ilegal_mining
5946,ilegal_mining
5947,ilegal_mining
5960,agriculture
5963,agriculture
5964,agriculture
5987,ilegal_mining
5988,agriculture
6007,agriculture
6038,agriculture
6049,ilegal_mining
6064,agriculture
6103,agriculture
6110,ilegal_mining
6147,agriculture
6151,agriculture
6155,agriculture
6160,agriculture
6162,agriculture
6166,agriculture
6169,agriculture
6215,ilegal_mining
6218,agriculture
6232,agriculture
6238,agriculture
6242,agriculture
6249,agriculture
6253,agriculture
6263,agriculture
6300,agriculture
6310,agriculture
6312,agriculture
6317,agriculture
6323,agriculture
6330,agriculture
6361,ilegal_mining
6362,ilegal_mining
6385,agriculture
6407,agriculture
6414,agriculture
6415,agriculture
6416,agriculture
6424,ilegal_mining
6432,agriculture
6434,agriculture
6463,agriculture
6565,agriculture
6587,ilegal_mining
6590,agriculture
6592,ilegal_mining
6598,agriculture
6611,agriculture
6654,ilegal_mining
6672,ilegal_mining
6673,agriculture
6676,agriculture
6685,agriculture
6701,agriculture
6702,agriculture
6712,ilegal_mining
6714,agriculture
6733,agriculture
6747,agriculture
6753,agriculture
6755,agriculture
6788,ilegal_mining
6795,agriculture
6806,ilegal_mining
6813,agriculture
6843,agriculture
6844,agriculture
6853,ilegal_mining
6868,agriculture
6870,agriculture
6871,agriculture
6878,agriculture
6879,agriculture
6880,agriculture
6881,ilegal_mining
6886,agriculture
6908,agriculture
6956,agriculture
7022,agriculture
7027,agriculture
7041,agriculture
7051,agriculture
7053,agriculture
7062,ilegal_mining
7063,ilegal_mining
7065,agriculture
7074,agriculture
7085,ilegal_mining
7106,ilegal_mining
7109,agriculture
7111,ilegal_mining
7112,ilegal_mining
7151,agriculture
7208,agriculture
7240,agriculture
7257,agriculture
7263,agriculture
7332,agriculture
7372,agriculture
7406,agriculture
7446,agriculture
7457,agriculture
7470,agriculture
7472,agriculture
7486,agriculture
7490,agriculture
7504,agriculture
7550,ilegal_mining
7558,agriculture
7598,agriculture
7652,agriculture
7680,ilegal_mining
7682,agriculture
7701,agriculture
7722,ilegal_mining
7787,agriculture
7839,agriculture
7871,agriculture
7874,agriculture
7883,agriculture
7914,agriculture
7922,agriculture
7959,ilegal_mining
7965,ilegal_mining
7982,ilegal_mining
7985,ilegal_mining
8026,agriculture
8031,agriculture
8049,agriculture
8055,agriculture
8073,agriculture
8091,agriculture
8098,agriculture
8106,agriculture
8118,agriculture
8150,ilegal_mining
8159,agriculture
8160,agriculture
8165,ilegal_mining
8180,ilegal_mining
8183,ilegal_mining
8193,ilegal_mining
8197,ilegal_mining
8210,agriculture
8222,agriculture
8230,agriculture
8234,agriculture
8244,agriculture
8245,agriculture
8255,agriculture
8272,ilegal_mining
8273,agriculture
8326,ilegal_mining
8340,agriculture
8342,ilegal_mining
8343,agriculture
8347,agriculture
8392,agriculture
8411,agriculture
8455,ilegal_mining
8479,agriculture
8484,agriculture
8493,agriculture
8497,agriculture
8538,agriculture
8549,agriculture
8553,agriculture
8622,agriculture
8655,agriculture
8731,agriculture
8734,agriculture
8735,ilegal_mining
8740,ilegal_mining
8772,agriculture
8800,ilegal_mining
8841,ilegal_mining
8857,ilegal_mining
8858,ilegal_mining
8868,agriculture
8884,agriculture
8956,agriculture
8990,agriculture
8994,agriculture
9002,agriculture
9004,agriculture
9007,agriculture
9024,ilegal_mining
9050,agriculture
9070,agriculture
9075,agriculture
9077,agriculture
9079,agriculture
9081,agriculture
9113,agriculture
9118,ilegal_mining
9150,agriculture
9210,agriculture
9239,agriculture
9263,agriculture
9281,agriculture
9284,agriculture
9300,agriculture
9304,agriculture
9309,agriculture
9350,agriculture
9364,agriculture
9379,agriculture
9418,agriculture
9426,agriculture
9433,agriculture
9442,ilegal_mining
9447,agriculture
9456,agriculture
9458,agriculture
9505,agriculture
9578,agriculture
9604,agriculture
9609,agriculture
9620,agriculture
9624,agriculture
9634,agriculture
9660,agriculture
9672,ilegal_mining
9689,agriculture
9722,agriculture
9731,agriculture
9795,agriculture
9797,agriculture
9812,agriculture
9815,agriculture
9823,agriculture
9863,agriculture
9881,agriculture
9888,agriculture
9920,agriculture
9924,agriculture
9962,agriculture
9963,agriculture
9994,agriculture
9998,agriculture
10005,agriculture
10159,agriculture
10163,ilegal_mining
10180,ilegal_mining
10181,agriculture
10189,ilegal_mining
10190,ilegal_mining
10195,ilegal_mining
10206,agriculture
10218,agriculture
10292,agriculture
10295,ilegal_mining
10373,agriculture
10464,agriculture
10479,agriculture
10489,agriculture
10532,agriculture
10538,ilegal_mining
10570,agriculture
10578,agriculture
10584,agriculture
10585,agriculture
10608,ilegal_mining
10609,agriculture
10612,agriculture
10637,agriculture
10641,agriculture
10739,agriculture
10742,agriculture
10746,agriculture
10780,ilegal_mining
10815,agriculture
10846,agriculture
10848,agriculture
10855,agriculture
10872,agriculture
10936,agriculture
10983,agriculture
10994,agriculture
11068,ilegal_mining
11123,agriculture
11132,agriculture
11135,agriculture
11136,agriculture
11137,agriculture
11141,agriculture
11144,agriculture
11146,agriculture
11147,agriculture
11167,agriculture
11177,agriculture
11205,ilegal_mining
11212,agriculture
11216,agriculture
11237,ilegal_mining
11240,agriculture
11253,agriculture
11256,agriculture
11260,agriculture
11265,agriculture
11297,agriculture
11310,agriculture
11361,agriculture
11365,urban_expansion
11375,agriculture
11405,agriculture
11417,agriculture
11429,agriculture
11431,agriculture
11452,agriculture
11465,agriculture
11468,agriculture
11470,agriculture
11485,agriculture
11554,agriculture
11584,agriculture
11594,agriculture
11606,agriculture
11629,agriculture
11647,agriculture
11653,agriculture
11659,agriculture
11691,agriculture
11698,agriculture
11706,agriculture
11725,agriculture
11734,agriculture
11790,agriculture
11792,agriculture
11798,agriculture
11799,agriculture
11804,agriculture
11889,agriculture
11891,agriculture
11893,agriculture
11896,agriculture
11904,agriculture
11905,agriculture
11907,ilegal_mining
11913,ilegal_mining
11919,agriculture
11921,agriculture
11925,ilegal_mining
11926,ilegal_mining
11927,ilegal_mining
11953,agriculture
11972,agriculture
12001,agriculture
12010,agriculture
12040,agriculture
12048,ilegal_mining
12049,agriculture
12083,agriculture
12089,agriculture
12091,agriculture
12102,ilegal_mining
12276,ilegal_mining
12324,agriculture
12326,agriculture
12329,ilegal_mining
12330,ilegal_mining
12332,ilegal_mining
12334,ilegal_mining
12344,ilegal_mining
12346,ilegal_mining
12347,ilegal_mining
12349,ilegal_mining
12350,ilegal_mining
12353,ilegal_mining
12354,ilegal_mining
12358,agriculture
12359,agriculture
12363,agriculture
12376,ilegal_mining
12381,ilegal_mining
12391,ilegal_mining
12392,ilegal_mining
12405,ilegal_mining
12435,ilegal_mining
12437,agriculture
12445,ilegal_mining
12447,ilegal_mining
12450,ilegal_mining
12451,ilegal_mining
12452,ilegal_mining
12457,ilegal_mining
12460,ilegal_mining
12465,ilegal_mining
12466,ilegal_mining
12467,ilegal_mining
12469,ilegal_mining
12471,ilegal_mining
12474,ilegal_mining
12484,ilegal_mining
12488,ilegal_mining
12489,ilegal_mining
12493,ilegal_mining
12507,agriculture
12514,ilegal_mining
12638,agriculture
12756,agriculture
12789,agriculture
12790,agriculture
12792,agriculture
12797,agriculture
12839,ilegal_mining
13016,agriculture
13072,ilegal_mining
13073,ilegal_mining
13082,agriculture
13084,ilegal_mining
13088,ilegal_mining
13093,ilegal_mining
13106,agriculture
13115,agriculture
13122,agriculture
13123,agriculture
13124,agriculture
13138,ilegal_mining
13152,ilegal_mining
13171,ilegal_mining
13197,ilegal_mining
13217,ilegal_mining
13221,ilegal_mining
13222,ilegal_mining
13223,ilegal_mining
13226,ilegal_mining
13228,ilegal_mining
13230,ilegal_mining
13233,ilegal_mining
13236,ilegal_mining
13238,ilegal_mining
13240,ilegal_mining
13242,ilegal_mining
13244,ilegal_mining
13246,ilegal_mining
13248,ilegal_mining
13251,ilegal_mining
13253,ilegal_mining
13254,ilegal_mining
13257,ilegal_mining
13258,ilegal_mining
13259,ilegal_mining
13289,agriculture
13390,agriculture
13401,agriculture
13438,agriculture
13447,agriculture
13468,agriculture
13504,agriculture
13518,agriculture
13803,ilegal_mining
13805,agriculture
13812,agriculture
13813,ilegal_mining
13820,ilegal_mining
13822,ilegal_mining
13823,ilegal_mining
13825,ilegal_mining
13826,ilegal_mining
13827,ilegal_mining
13828,ilegal_mining
13854,agriculture
13859,agriculture
13870,agriculture
13882,ilegal_mining
13887,ilegal_mining
13889,ilegal_mining
13899,ilegal_mining
13921,ilegal_mining
13937,agriculture
13944,ilegal_mining
13954,ilegal_mining
13958,ilegal_mining
13960,ilegal_mining
13962,ilegal_mining
13963,ilegal_mining
13964,ilegal_mining
13965,ilegal_mining
13967,ilegal_mining
13971,ilegal_mining
13972,ilegal_mining
13974,ilegal_mining
13975,ilegal_mining
13978,ilegal_mining
13980,ilegal_mining
13984,ilegal_mining
13985,ilegal_mining
13986,ilegal_mining
13988,ilegal_mining
13992,ilegal_mining
13994,ilegal_mining
13995,ilegal_mining
13996,ilegal_mining
13998,ilegal_mining
13999,ilegal_mining
14000,ilegal_mining
14006,ilegal_mining
14007,ilegal_mining
14103,agriculture
14144,agriculture
14258,agriculture
14269,agriculture
14318,ilegal_mining
14319,ilegal_mining
14361,ilegal_mining
14459,ilegal_mining
14460,ilegal_mining
14461,ilegal_mining
14465,ilegal_mining
14472,agriculture
14515,ilegal_mining
14528,ilegal_mining
14529,ilegal_mining
14534,agriculture
14550,agriculture
14563,agriculture
14580,agriculture
14589,ilegal_mining
14647,ilegal_mining
14652,ilegal_mining
14658,ilegal_mining
14659,ilegal_mining
14661,ilegal_mining
14662,ilegal_mining
14664,ilegal_mining
14668,ilegal_mining
14669,ilegal_mining
14670,ilegal_mining
14671,ilegal_mining
14674,ilegal_mining
14675,ilegal_mining
14678,ilegal_mining
14680,ilegal_mining
14681,ilegal_mining
14682,ilegal_mining
14688,ilegal_mining
14691,ilegal_mining
14692,ilegal_mining
14693,ilegal_mining
14859,agriculture
14860,agriculture
14871,agriculture
14880,agriculture
14929,agriculture
14965,agriculture
15007,ilegal_mining
15148,ilegal_mining
15160,ilegal_mining
15186,ilegal_mining
15236,agriculture
15247,ilegal_mining
15249,ilegal_mining
15255,ilegal_mining
15258,ilegal_mining
15265,ilegal_mining
15290,agriculture
15292,agriculture
15299,agriculture
15320,ilegal_mining
15327,ilegal_mining
15341,ilegal_mining
15347,ilegal_mining
15349,ilegal_mining
15353,ilegal_mining
15357,ilegal_mining
15369,agriculture
15394,ilegal_mining
15397,ilegal_mining
15402,ilegal_mining
15403,ilegal_mining
15404,ilegal_mining
15411,ilegal_mining
15413,ilegal_mining
15414,ilegal_mining
15415,ilegal_mining
15416,ilegal_mining
15417,ilegal_mining
15419,ilegal_mining
15420,ilegal_mining
15422,ilegal_mining
15423,ilegal_mining
15425,ilegal_mining
15426,ilegal_mining
15430,ilegal_mining
15433,ilegal_mining
15435,ilegal_mining
15466,agriculture
15568,agriculture
15569,agriculture
15576,agriculture
15702,agriculture
15789,ilegal_mining
15963,agriculture
15970,ilegal_mining
15976,ilegal_mining
15980,ilegal_mining
15981,ilegal_mining
15985,ilegal_mining
15990,ilegal_mining
16001,agriculture
16016,ilegal_mining
16023,ilegal_mining
16027,ilegal_mining
16065,ilegal_mining
16067,ilegal_mining
16071,ilegal_mining
16074,ilegal_mining
16076,ilegal_mining
16081,agriculture
16095,ilegal_mining
16126,ilegal_mining
16127,ilegal_mining
16132,ilegal_mining
16135,ilegal_mining
16140,ilegal_mining
16143,ilegal_mining
16146,ilegal_mining
16148,ilegal_mining
16150,ilegal_mining
16154,ilegal_mining
16156,ilegal_mining
16162,ilegal_mining
16169,ilegal_mining
16171,ilegal_mining
16173,ilegal_mining
16174,ilegal_mining
16306,agriculture
16315,agriculture
16336,agriculture
16465,ilegal_mining
16579,ilegal_mining
16585,ilegal_mining
16586,ilegal_mining
16608,ilegal_mining
16665,agriculture
16679,ilegal_mining
16694,agriculture
16695,agriculture
16696,agriculture
16801,agriculture
16863,agriculture
16865,agriculture
16922,agriculture
16927,agriculture
16979,agriculture
17112,agriculture
17210,agriculture
17222,ilegal_mining
17227,ilegal_mining
17231,ilegal_mining
17234,ilegal_mining
17236,ilegal_mining
17238,ilegal_mining
17239,ilegal_mining
17241,agriculture
17278,agriculture
17285,agriculture
17290,ilegal_mining
17325,agriculture
17332,ilegal_mining
17335,ilegal_mining
17336,ilegal_mining
17339,agriculture
17340,ilegal_mining
17347,ilegal_mining
17349,ilegal_mining
17351,ilegal_mining
17352,ilegal_mining
17355,ilegal_mining
17359,ilegal_mining
17367,ilegal_mining
17369,ilegal_mining
17373,ilegal_mining
17376,ilegal_mining
17377,ilegal_mining
17378,ilegal_mining
17380,ilegal_mining
17383,ilegal_mining
17387,ilegal_mining
17388,ilegal_mining
17390,ilegal_mining
17397,ilegal_mining
17409,agriculture
17433,agriculture
17485,agriculture
17522,agriculture
17572,agriculture
17574,agriculture
17580,agriculture
17731,ilegal_mining
17783,agriculture
17843,agriculture
17868,agriculture
17921,ilegal_mining
17929,ilegal_mining
17931,agriculture
17966,agriculture
17998,ilegal_mining
18009,agriculture
18078,ilegal_mining
18086,agriculture
18099,ilegal_mining
18114,agriculture
18179,agriculture
18215,agriculture
18221,agriculture
18232,ilegal_mining
18242,ilegal_mining
18244,ilegal_mining
18245,ilegal_mining
18257,agriculture
18314,agriculture
18323,agriculture
18369,agriculture
18397,agriculture
18399,agriculture
18442,agriculture
18446,ilegal_mining
18468,ilegal_mining
18510,agriculture
18521,ilegal_mining
18530,ilegal_mining
18661,ilegal_mining
18664,ilegal_mining
18670,ilegal_mining
18671,ilegal_mining
18682,agriculture
18705,ilegal_mining
18727,ilegal_mining
18754,ilegal_mining
18768,ilegal_mining
18775,agriculture
18791,ilegal_mining
18793,ilegal_mining
18794,ilegal_mining
18903,ilegal_mining
18913,ilegal_mining
18914,ilegal_mining
18955,agriculture
18983,ilegal_mining
18997,agriculture
19000,agriculture
19037,agriculture
19049,ilegal_mining
19125,agriculture
19169,agriculture
19198,ilegal_mining
19206,ilegal_mining
19207,ilegal_mining
19295,ilegal_mining
19312,agriculture
19335,agriculture
19340,ilegal_mining
19342,ilegal_mining
19349,ilegal_mining
19361,agriculture
19363,ilegal_mining
19404,agriculture
19418,ilegal_mining
19485,ilegal_mining
19491,ilegal_mining
19509,agriculture
19525,ilegal_mining
19538,agriculture
19601,ilegal_mining
19605,ilegal_mining
19642,agriculture
19646,ilegal_mining
19674,agriculture
19680,ilegal_mining
19706,ilegal_mining
19710,ilegal_mining
19715,agriculture
19716,agriculture
19728,ilegal_mining
19747,agriculture
19751,agriculture
19757,agriculture
19799,agriculture
19839,ilegal_mining
19845,ilegal_mining
19865,agriculture
19884,ilegal_mining
19945,ilegal_mining
19946,ilegal_mining
19986,ilegal_mining
19988,agriculture
20059,ilegal_mining
20062,ilegal_mining
20063,ilegal_mining
20070,ilegal_mining
20101,ilegal_mining
20105,agriculture
20129,agriculture
20140,agriculture
20162,agriculture
20208,agriculture
20218,agriculture
20219,agriculture
20263,agriculture
20270,agriculture
20290,agriculture
20295,agriculture
20304,agriculture
20368,agriculture
20373,agriculture
20375,agriculture
20419,ilegal_mining
20428,agriculture
20435,agriculture
20506,agriculture
20546,agriculture
20574,agriculture
20575,agriculture
20611,agriculture
20630,agriculture
20651,agriculture
20654,agriculture
20658,agriculture
20662,ilegal_mining
20786,agriculture
20787,agriculture
20799,agriculture
20824,ilegal_mining
20840,ilegal_mining
20842,agriculture
20850,agriculture
20924,agriculture
20926,ilegal_mining
20940,ilegal_mining
20948,agriculture
21010,agriculture
21018,agriculture
21022,agriculture
21093,ilegal_mining
21097,ilegal_mining
21100,agriculture
21154,ilegal_mining
21229,agriculture
21232,agriculture
21365,agriculture
21377,agriculture
21378,ilegal_mining
21398,agriculture
21408,agriculture
21421,agriculture
21486,agriculture
21487,agriculture
21488,agriculture
21501,agriculture
21526,agriculture
21541,ilegal_mining
21544,agriculture
21553,agriculture
21563,agriculture
21565,agriculture
21567,agriculture
21569,agriculture
21595,agriculture
21639,agriculture
21650,agriculture
21652,agriculture
21661,ilegal_mining
21714,agriculture
21735,agriculture
21792,agriculture
21829,agriculture
21842,agriculture
21957,ilegal_mining
21963,agriculture
21968,agriculture
21995,agriculture
22000,agriculture
22036,agriculture
22041,ilegal_mining
22060,ilegal_mining
22112,agriculture
22159,agriculture
22176,agriculture
22183,agriculture
22184,agriculture
22188,agriculture
22200,agriculture
22205,agriculture
22319,agriculture
22413,ilegal_mining
22423,agriculture
22507,agriculture
22542,agriculture
22552,agriculture
22554,agriculture
22559,ilegal_mining
22573,agriculture
22603,agriculture
22610,agriculture
22656,agriculture
22736,ilegal_mining
22745,agriculture
22777,ilegal_mining
22780,agriculture
22795,ilegal_mining
22797,agriculture
22811,agriculture
22812,agriculture
22814,agriculture
22853,agriculture
22873,agriculture
22883,ilegal_mining
22911,agriculture
22927,agriculture
22932,agriculture
22940,agriculture
22947,agriculture
22956,agriculture
23010,agriculture
23023,agriculture
23025,agriculture
23065,ilegal_mining
23232,agriculture
23239,ilegal_mining
23240,agriculture
23252,agriculture
23283,agriculture
23327,ilegal_mining
23332,ilegal_mining
23335,agriculture
23344,agriculture
23355,agriculture
23473,agriculture
23486,agriculture
23588,agriculture
23683,ilegal_mining
23708,agriculture
23715,ilegal_mining
23756,agriculture
23773,agriculture
23792,agriculture
23803,agriculture
23835,agriculture
23858,agriculture
23922,agriculture
23959,agriculture
23980,agriculture
24038,agriculture
24050,agriculture
24056,agriculture
24064,agriculture
24081,agriculture
24249,agriculture
24262,agriculture
24264,agriculture
24268,agriculture
24290,agriculture
24295,agriculture
24296,agriculture
24303,agriculture
24347,agriculture
24413,agriculture
24501,agriculture
24502,agriculture
24505,ilegal_mining
24602,agriculture
24615,agriculture
24636,agriculture
24656,agriculture
24659,agriculture
24667,agriculture
24669,agriculture
24679,ilegal_mining
24703,agriculture
24712,agriculture
24724,agriculture
24754,ilegal_mining
24760,agriculture
24761,agriculture
24765,agriculture
24818,agriculture
24831,agriculture
24851,agriculture
24852,agriculture
24860,agriculture
24871,agriculture
24889,agriculture
24916,agriculture
24924,agriculture
24935,agriculture
24959,agriculture
24968,agriculture
25136,agriculture
25145,agriculture
25170,agriculture
25505,agriculture
25708,agriculture
25711,ilegal_mining
25802,ilegal_mining
26189,agriculture
26191,agriculture
26192,agriculture
26193,agriculture
26202,agriculture
26213,agriculture
26220,agriculture
26222,agriculture
26225,agriculture
26229,agriculture
26232,agriculture
26234,agriculture
26238,agriculture
26242,agriculture
26244,agriculture
26249,agriculture
26250,agriculture
26291,ilegal_mining
26335,agriculture
26341,agriculture
26350,agriculture
26361,agriculture
26395,agriculture
26406,ilegal_mining
26409,agriculture
26430,agriculture
26453,agriculture
26484,agriculture
26494,ilegal_mining
26753,agriculture
26771,agriculture
26955,agriculture
27014,agriculture
27081,agriculture
27089,agriculture
27099,agriculture
27107,agriculture
27115,agriculture
27118,urban_expansion
27128,ilegal_mining
27159,ilegal_mining
27160,ilegal_mining
27201,agriculture
27203,agriculture
27339,agriculture
27392,agriculture
27463,agriculture
27485,agriculture
27540,agriculture
27565,ilegal_mining
27571,agriculture
27580,agriculture
27598,agriculture
27602,agriculture
27608,agriculture
27609,agriculture
27786,agriculture
27788,agriculture
27857,agriculture
27872,ilegal_mining
27901,ilegal_mining
27904,ilegal_mining
27929,ilegal_mining
27941,ilegal_mining
27958,ilegal_mining
28071,agriculture
28072,agriculture
28181,agriculture
28278,agriculture
28282,ilegal_mining
28314,agriculture
28318,agriculture
28339,ilegal_mining
28354,agriculture
28358,agriculture
28374,agriculture
28375,agriculture
28395,agriculture
28396,agriculture
28410,agriculture
28415,agriculture
28436,agriculture
28447,agriculture
28449,agriculture
28498,agriculture
28529,agriculture
28535,agriculture
28538,agriculture
28539,agriculture
28547,agriculture
28559,agriculture
28571,agriculture
28574,agriculture
28602,agriculture
28784,agriculture
28854,agriculture
28867,agriculture
28895,agriculture
29179,agriculture
29182,agriculture
29188,agriculture
29191,agriculture
29439,agriculture
29448,agriculture
29476,agriculture
29582,agriculture
29662,ilegal_mining
29695,ilegal_mining
29703,ilegal_mining
29708,ilegal_mining
29859,agriculture
29988,ilegal_mining
30030,ilegal_mining
30053,ilegal_mining
30087,ilegal_mining
30132,ilegal_mining
30321,agriculture
30323,ilegal_mining
30324,ilegal_mining
30354,ilegal_mining
30451,ilegal_mining
30557,ilegal_mining
30567,agriculture
30603,agriculture
30665,ilegal_mining
30726,agriculture
30737,agriculture
30869,ilegal_mining
30944,ilegal_mining
31091,agriculture
31135,agriculture
31138,agriculture
31157,agriculture
31171,agriculture
31201,agriculture
31235,ilegal_mining
31262,agriculture
31264,agriculture
31308,agriculture
31332,agriculture
31393,agriculture
31421,ilegal_mining
31422,agriculture
31453,ilegal_mining
31461,agriculture
31464,agriculture
31474,agriculture
31479,agriculture
31490,ilegal_mining
31497,ilegal_mining
31509,ilegal_mining
31539,agriculture
31544,agriculture
31550,agriculture
31572,agriculture
31582,agriculture
31595,agriculture
31601,agriculture
31607,agriculture
31630,ilegal_mining
31763,ilegal_mining
31824,agriculture
31828,agriculture
31834,agriculture
31835,ilegal_mining
31836,ilegal_mining
31848,agriculture
31862,agriculture
31884,agriculture
31890,agriculture
31894,agriculture
31899,agriculture
31930,ilegal_mining
31944,agriculture
31956,agriculture
31960,agriculture
31967,ilegal_mining
31993,agriculture
32005,agriculture
32019,ilegal_mining
32020,agriculture
32025,agriculture
32036,agriculture
32053,ilegal_mining
32054,agriculture
32063,agriculture
32083,agriculture
32085,ilegal_mining
32092,agriculture
32104,ilegal_mining
32121,agriculture
32128,agriculture
32137,agriculture
32145,agriculture
32160,ilegal_mining
32166,agriculture
32176,agriculture
32177,agriculture
32198,ilegal_mining
32219,agriculture
32235,agriculture
32240,ilegal_mining
32241,agriculture
32246,ilegal_mining
32271,agriculture
32279,agriculture
32283,agriculture
32287,ilegal_mining
32313,ilegal_mining
32317,ilegal_mining
32326,agriculture
32329,agriculture
32330,agriculture
32340,ilegal_mining
32343,ilegal_mining
32346,ilegal_mining
32347,ilegal_mining
32348,ilegal_mining
32350,ilegal_mining
32351,ilegal_mining
32352,ilegal_mining
32353,ilegal_mining
32360,ilegal_mining
32371,ilegal_mining
32382,ilegal_mining
32383,ilegal_mining
32417,ilegal_mining
32419,ilegal_mining
32425,ilegal_mining
32433,ilegal_mining
32435,ilegal_mining
32438,ilegal_mining
32442,ilegal_mining
32448,ilegal_mining
32450,ilegal_mining
32455,ilegal_mining
32461,ilegal_mining
32462,ilegal_mining
32465,ilegal_mining
32478,ilegal_mining
32479,ilegal_mining
32480,ilegal_mining
32483,ilegal_mining
32485,ilegal_mining
32489,ilegal_mining
32491,ilegal_mining
32499,ilegal_mining
32502,ilegal_mining
32577,agriculture
32589,ilegal_mining
32590,ilegal_mining
32594,ilegal_mining
32595,ilegal_mining
32605,ilegal_mining
32613,ilegal_mining
32619,ilegal_mining
32642,ilegal_mining
32678,agriculture
32681,ilegal_mining
32687,ilegal_mining
32713,ilegal_mining
32718,ilegal_mining
32752,agriculture
32755,agriculture
32764,ilegal_mining
32773,ilegal_mining
32791,ilegal_mining
32799,agriculture
32870,agriculture
32904,ilegal_mining
32941,agriculture
32972,ilegal_mining
32973,ilegal_mining
33051,agriculture
33057,agriculture
33067,agriculture
33077,agriculture
33097,ilegal_mining
33187,ilegal_mining
33203,agriculture
33208,agriculture
33213,agriculture
33229,agriculture
33254,agriculture
33262,agriculture
33272,agriculture
33277,agriculture
33279,agriculture
33287,agriculture
33331,agriculture
33367,agriculture
33368,agriculture
33374,agriculture
33376,agriculture
33394,agriculture
33488,agriculture
33495,agriculture
33523,agriculture
33524,agriculture
33525,agriculture
33529,agriculture
33550,agriculture
33554,agriculture
33555,agriculture
33558,agriculture
33605,agriculture
33609,agriculture
33621,agriculture
33626,agriculture
33627,agriculture
33630,agriculture
33636,agriculture
33638,agriculture
33639,agriculture
33644,agriculture
33660,agriculture
33678,agriculture
33700,agriculture
33707,ilegal_mining
33734,ilegal_mining
33752,agriculture
33762,ilegal_mining
33784,agriculture
33794,ilegal_mining
33813,ilegal_mining
33829,ilegal_mining
33846,ilegal_mining
33863,agriculture
33938,agriculture
33950,agriculture
33955,agriculture
33986,ilegal_mining
34013,agriculture
34036,ilegal_mining
34050,agriculture
34055,agriculture
34073,agriculture
34074,agriculture
34096,agriculture
34118,ilegal_mining
34126,ilegal_mining
34131,agriculture
34181,ilegal_mining
34230,agriculture
34273,agriculture
34275,agriculture
34311,agriculture
34320,ilegal_mining
34324,ilegal_mining
34328,ilegal_mining
34345,ilegal_mining
34353,ilegal_mining
34359,ilegal_mining
34363,ilegal_mining
34398,agriculture
34403,agriculture
34416,ilegal_mining
34599,agriculture
34690,agriculture
34714,ilegal_mining
34733,ilegal_mining
34760,ilegal_mining
34765,ilegal_mining
34768,ilegal_mining
34771,agriculture
34790,agriculture
34822,agriculture
34837,agriculture
34861,agriculture
34918,agriculture
34971,agriculture
34991,agriculture
35087,agriculture
35134,agriculture
35147,agriculture
35162,ilegal_mining
35185,agriculture
35308,agriculture
35344,agriculture
35346,agriculture
35347,ilegal_mining
35353,ilegal_mining
35359,agriculture
35363,ilegal_mining
35375,ilegal_mining
35376,ilegal_mining
35377,ilegal_mining
35378,ilegal_mining
35382,ilegal_mining
35383,ilegal_mining
35386,ilegal_mining
35389,ilegal_mining
35391,ilegal_mining
35394,ilegal_mining
35397,ilegal_mining
35411,ilegal_mining
35417,ilegal_mining
35420,ilegal_mining
35424,ilegal_mining
35433,ilegal_mining
35435,ilegal_mining
35458,ilegal_mining
35459,ilegal_mining
35464,ilegal_mining
35466,ilegal_mining
35474,agriculture
35514,ilegal_mining
35519,ilegal_mining
35540,ilegal_mining
35552,ilegal_mining
35553,ilegal_mining
35554,ilegal_mining
35558,ilegal_mining
35559,ilegal_mining
35560,ilegal_mining
35563,ilegal_mining
35566,ilegal_mining
35637,agriculture
35662,ilegal_mining
35678,ilegal_mining
35679,ilegal_mining
35787,ilegal_mining
36017,ilegal_mining
36086,ilegal_mining
36108,ilegal_mining
36167,agriculture
36169,agriculture
36260,ilegal_mining
36275,ilegal_mining
36284,ilegal_mining
36285,ilegal_mining
36296,ilegal_mining
36343,agriculture
36362,agriculture
36363,agriculture
36386,ilegal_mining
36389,ilegal_mining
36460,agriculture
36488,agriculture
36504,agriculture
36519,agriculture
36560,agriculture
36575,agriculture
36592,agriculture
36600,agriculture
36646,agriculture
36647,agriculture
36888,agriculture
36898,agriculture
36968,agriculture
36984,agriculture
37098,agriculture
37152,agriculture
37261,agriculture
37262,agriculture
37375,agriculture
37420,agriculture
37575,agriculture
37582,agriculture
37597,agriculture
37679,agriculture
37699,agriculture
37751,agriculture
37756,agriculture
37791,agriculture
37798,agriculture
37809,agriculture
37820,ilegal_mining
37854,ilegal_mining
37859,ilegal_mining
37878,agriculture
37911,agriculture
37925,agriculture
37944,agriculture
37948,agriculture
37950,agriculture
37960,agriculture
37977,agriculture
37986,agriculture
38018,ilegal_mining
38140,agriculture
38146,agriculture
38157,agriculture
38203,agriculture
38234,ilegal_mining
38254,agriculture
38258,agriculture
38288,agriculture
38292,agriculture
38294,agriculture
38302,ilegal_mining
38320,ilegal_mining
38322,ilegal_mining
38329,agriculture
38341,agriculture
38350,agriculture
38358,agriculture
38397,agriculture
38399,agriculture
38435,agriculture
38446,agriculture
38491,ilegal_mining
38492,agriculture
38532,ilegal_mining
38537,ilegal_mining
38538,ilegal_mining
38557,agriculture
38560,agriculture
38585,agriculture
38620,agriculture
38627,agriculture
38631,agriculture
38641,agriculture
38667,agriculture
38705,agriculture
38706,agriculture
38773,agriculture
39005,agriculture
39062,ilegal_mining
39068,ilegal_mining
39079,ilegal_mining
39101,agriculture
39107,agriculture
39233,agriculture
39332,agriculture
39530,agriculture
39669,agriculture
39685,agriculture
39732,agriculture
39737,agriculture
39757,ilegal_mining
39762,agriculture
39767,agriculture
39771,ilegal_mining
39809,agriculture
39872,agriculture
39913,agriculture
39939,agriculture
39954,agriculture
39985,agriculture
39997,agriculture
40025,ilegal_mining
40031,agriculture
40044,ilegal_mining
40051,agriculture
40054,agriculture
40061,agriculture
40067,agriculture
40130,ilegal_mining
40164,agriculture
40326,ilegal_mining
40548,agriculture
40616,agriculture
40667,agriculture
40675,agriculture
40764,agriculture
40833,agriculture
40851,agriculture
40882,agriculture
40938,agriculture
41004,agriculture
41018,agriculture
41038,agriculture
41039,agriculture
41057,agriculture
41110,agriculture
41176,agriculture
41177,agriculture
41268,agriculture
41280,agriculture
41286,ilegal_mining
41291,agriculture
41304,agriculture
41309,ilegal_mining
41324,agriculture
41338,agriculture
41378,agriculture
41392,agriculture
41431,agriculture
41459,agriculture
41462,agriculture
41525,agriculture
41768,agriculture
41771,agriculture
41812,agriculture
41912,agriculture
41918,ilegal_mining
41944,agriculture
41952,agriculture
41989,agriculture
42016,agriculture
42058,agriculture
42111,agriculture
42125,ilegal_mining
42173,agriculture
42275,agriculture
42278,agriculture
42292,agriculture
42309,agriculture
42344,agriculture
42349,agriculture
42373,agriculture
42378,ilegal_mining
42409,ilegal_mining
42416,ilegal_mining
42503,agriculture
42560,ilegal_mining
42566,agriculture
42580,agriculture
42613,ilegal_mining
42623,agriculture
42630,ilegal_mining
42633,ilegal_mining
42659,agriculture
42679,ilegal_mining
42716,ilegal_mining
42721,ilegal_mining
42725,agriculture
42772,agriculture
42775,agriculture
42786,agriculture
42794,ilegal_mining
42810,ilegal_mining
42820,agriculture
42838,agriculture
42848,agriculture
42852,ilegal_mining
42903,agriculture
42921,agriculture
42997,agriculture
43062,agriculture
43190,agriculture
43254,ilegal_mining
43255,agriculture
43259,ilegal_mining
43332,agriculture
43339,agriculture
43353,agriculture
43434,agriculture
43483,agriculture
43485,agriculture
43512,agriculture
43514,agriculture
43527,agriculture
43541,agriculture
43552,agriculture
43558,agriculture
43571,agriculture
43595,agriculture
43619,ilegal_mining
43629,agriculture
43651,agriculture
43670,ilegal_mining
43682,agriculture
43688,agriculture
43698,agriculture
43712,agriculture
43715,agriculture
43735,agriculture
43788,agriculture
43845,agriculture
43856,ilegal_mining
43876,agriculture
43881,agriculture
43887,agriculture
43895,agriculture
43916,agriculture
43985,agriculture
44013,agriculture
44077,agriculture
44157,agriculture
44253,agriculture
44261,agriculture
44326,agriculture
44385,agriculture
44415,agriculture
44422,agriculture
44427,agriculture
44442,agriculture
44452,agriculture
44473,agriculture
44487,agriculture
44513,agriculture
44516,agriculture
44600,agriculture
44629,agriculture
44631,agriculture
44638,agriculture
44653,agriculture
44655,ilegal_mining
44656,agriculture
44665,agriculture
44675,agriculture
44682,agriculture
44707,agriculture
44818,agriculture
44863,ilegal_mining
45130,agriculture
45159,agriculture
45180,agriculture
45190,agriculture
45323,agriculture
45406,agriculture
45416,agriculture
45420,agriculture
45421,agriculture
45534,agriculture
45547,agriculture
45558,agriculture
45561,agriculture
45565,agriculture
45594,agriculture
45657,agriculture
45659,agriculture
45675,agriculture
45705,agriculture
45783,agriculture
45802,agriculture
45809,agriculture
45819,agriculture
45821,ilegal_mining
45826,ilegal_mining
45909,agriculture
45910,agriculture
45919,agriculture
45962,agriculture
46115,agriculture
46123,agriculture
46328,agriculture
46342,agriculture
46345,agriculture
47279,agriculture
47363,agriculture
47371,agriculture
47411,agriculture
47766,agriculture
47770,agriculture
47868,agriculture
47970,agriculture
48036,agriculture
48038,agriculture
48077,agriculture
48118,agriculture
48145,agriculture
48152,agriculture
48178,agriculture
48189,agriculture
48261,agriculture
48375,agriculture
48404,agriculture
48426,agriculture
48449,agriculture
48450,agriculture
48603,agriculture
48634,agriculture
48694,agriculture
48839,agriculture
48849,agriculture
48903,agriculture
48922,agriculture
48943,agriculture
48970,agriculture
48987,agriculture
48990,agriculture
49011,agriculture
49015,agriculture
49029,agriculture
49034,agriculture
49043,agriculture
49091,agriculture
49104,agriculture
49124,agriculture
49189,agriculture
49203,agriculture
49315,agriculture
49365,agriculture
49411,agriculture
49453,agriculture
49475,agriculture
49520,agriculture
49522,agriculture
49555,agriculture
49647,agriculture
49763,agriculture
49796,agriculture
49805,agriculture
49822,agriculture
49838,agriculture
49841,agriculture
49913,agriculture
49968,agriculture
49977,agriculture
49982,agriculture
50001,agriculture
50002,agriculture
50004,agriculture
50028,agriculture
50054,agriculture
50063,agriculture
50085,agriculture
50168,agriculture
50198,agriculture
50206,agriculture
50269,agriculture
50278,agriculture
50352,agriculture
50377,agriculture
50391,agriculture
50394,agriculture
50413,agriculture
50427,agriculture
50449,agriculture
50455,agriculture
50495,agriculture
50508,agriculture
50538,agriculture
50543,agriculture
50555,agriculture
50572,agriculture
50599,agriculture
50632,agriculture
50691,agriculture
50705,agriculture
50730,agriculture
50744,agriculture
50771,agriculture
50774,agriculture
50781,agriculture
50784,agriculture
50794,agriculture
50817,agriculture
50854,agriculture
50882,agriculture
50904,agriculture
50936,agriculture
50953,agriculture
50974,agriculture
50997,agriculture
51018,agriculture
51019,agriculture
51023,agriculture
51024,agriculture
51105,agriculture
51106,agriculture
51125,agriculture
51130,ilegal_mining
51138,agriculture
51146,agriculture
51185,agriculture
51200,agriculture
51282,agriculture
51325,agriculture
51378,agriculture
51384,agriculture
51391,agriculture
51424,agriculture
51497,agriculture
51533,agriculture
51536,agriculture
51542,agriculture
51560,agriculture
51649,agriculture
51673,agriculture
51783,ilegal_mining
51968,ilegal_mining
51987,agriculture
51998,agriculture
52018,agriculture
52027,agriculture
52033,ilegal_mining
52052,agriculture
52088,ilegal_mining
52117,ilegal_mining
52129,ilegal_mining
52156,ilegal_mining
52161,agriculture
52170,ilegal_mining
52172,ilegal_mining
52212,agriculture
52223,agriculture
52231,agriculture
52233,agriculture
52256,ilegal_mining
52302,agriculture
52380,agriculture
52391,agriculture
52505,agriculture
52574,agriculture
52581,agriculture
52625,ilegal_mining
52721,agriculture
52732,agriculture
52734,ilegal_mining
52743,agriculture
52752,agriculture
52754,agriculture
52757,agriculture
52768,agriculture
52769,agriculture
52775,agriculture
52778,agriculture
52787,agriculture
52795,agriculture
52808,agriculture
52811,agriculture
52825,agriculture
52827,agriculture
52839,agriculture
52843,agriculture
52858,agriculture
52864,agriculture
52876,agriculture
52880,agriculture
52890,agriculture
52896,agriculture
52906,agriculture
52909,agriculture
52912,agriculture
52913,agriculture
52915,agriculture
52918,agriculture
52927,agriculture
52943,agriculture
52950,agriculture
52960,agriculture
52992,agriculture
53002,agriculture
53017,agriculture
53027,agriculture
53030,agriculture
53039,agriculture
53046,agriculture
53050,agriculture
53075,agriculture
53079,agriculture
53093,ilegal_mining
53110,agriculture
53112,ilegal_mining
53116,agriculture
53119,agriculture
53124,agriculture
53132,agriculture
53160,agriculture
53168,agriculture
53170,agriculture
53178,agriculture
53183,agriculture
53195,agriculture
53199,agriculture
53206,agriculture
53253,agriculture
53259,agriculture
53267,agriculture
53272,agriculture
53293,agriculture
53299,agriculture
53305,agriculture
53344,agriculture
53345,agriculture
53346,agriculture
53350,agriculture
53351,agriculture
53364,agriculture
53368,agriculture
53420,agriculture
53494,agriculture
53495,agriculture
53499,agriculture
53501,agriculture
53507,agriculture
53513,agriculture
53568,agriculture
53708,agriculture
53732,agriculture
53764,agriculture
53773,agriculture
53782,agriculture
53790,agriculture
53827,agriculture
53831,agriculture
53837,agriculture
53848,ilegal_mining
53858,agriculture
53860,agriculture
53873,agriculture
53877,agriculture
53897,agriculture
53911,agriculture
53952,agriculture
53955,agriculture
53965,agriculture
54101,agriculture
54126,agriculture
54132,agriculture
54164,agriculture
54168,agriculture
54276,agriculture
54294,agriculture
54301,agriculture
54304,agriculture
54396,agriculture
54789,ilegal_mining
54856,ilegal_mining
55041,agriculture
56070,agriculture
56755,agriculture
56771,agriculture
56859,agriculture
56863,ilegal_mining
56864,ilegal_mining
56882,ilegal_mining
56883,ilegal_mining
56914,agriculture
56916,ilegal_mining
56922,agriculture
56936,ilegal_mining
56937,ilegal_mining
56938,agriculture
56986,ilegal_mining
57022,ilegal_mining
57023,ilegal_mining
57024,ilegal_mining
57045,agriculture
57066,agriculture
57077,ilegal_mining
57084,agriculture
57091,agriculture
57094,agriculture
57097,agriculture
57110,agriculture
57121,ilegal_mining
57126,agriculture
57162,agriculture
57163,agriculture
57193,agriculture
57196,agriculture
57203,ilegal_mining
57228,ilegal_mining
57232,agriculture
57236,agriculture
57260,agriculture
57298,agriculture
57303,agriculture
57324,agriculture
57335,agriculture
57342,agriculture
57378,agriculture
57379,agriculture
57495,agriculture
57504,agriculture
57517,ilegal_mining
57563,agriculture
57626,agriculture
57650,agriculture
57786,agriculture
57811,agriculture
57827,agriculture
57948,agriculture
57971,agriculture
58007,agriculture
58008,agriculture
58021,agriculture
58041,agriculture
58097,agriculture
58105,agriculture
58124,agriculture
58147,agriculture
58160,agriculture
58170,agriculture
58179,ilegal_mining
58198,agriculture
58202,agriculture
58219,agriculture
58273,agriculture
58349,agriculture
58396,agriculture
58432,agriculture
58444,agriculture
58460,agriculture
58519,agriculture
58534,agriculture
58539,agriculture
58551,agriculture
58591,agriculture
58631,agriculture
58646,agriculture
58647,agriculture
58676,ilegal_mining
58683,ilegal_mining
58691,ilegal_mining
58692,ilegal_mining
58700,ilegal_mining
58703,ilegal_mining
58709,agriculture
58711,ilegal_mining
58714,ilegal_mining
58719,ilegal_mining
58720,ilegal_mining
58739,ilegal_mining
58752,agriculture
58773,agriculture
58804,agriculture
58856,agriculture
58915,agriculture
58936,agriculture
58943,agriculture
59089,agriculture
59107,agriculture
59109,agriculture
59113,agriculture
59143,ilegal_mining
59145,agriculture
59165,agriculture
59405,agriculture
59640,agriculture
59753,agriculture
60215,agriculture
60224,agriculture
60238,agriculture
60242,agriculture
60291,agriculture
60330,agriculture
60415,agriculture
60523,agriculture
60843,agriculture
60908,agriculture
60936,agriculture
60971,agriculture
60995,agriculture
61000,agriculture
61013,agriculture
61032,agriculture
61037,agriculture
61049,agriculture
61056,agriculture
61061,agriculture
61080,ilegal_mining
61082,ilegal_mining
61099,agriculture
61118,agriculture
61189,agriculture
61235,agriculture
61237,agriculture
61275,agriculture
61277,agriculture
61281,agriculture
61292,agriculture
61303,agriculture
61351,agriculture
61358,agriculture
61368,agriculture
61370,agriculture
61413,agriculture
61422,agriculture
61426,agriculture
61428,agriculture
61432,agriculture
61435,agriculture
61467,agriculture
61487,agriculture
61497,agriculture
61506,agriculture
61513,agriculture
61520,agriculture
61550,agriculture
61552,agriculture
61558,agriculture
61564,agriculture
61575,agriculture
61576,agriculture
61618,agriculture
61625,agriculture
61631,agriculture
61661,agriculture
61721,agriculture
61730,agriculture
61737,agriculture
61750,agriculture
61773,agriculture
61778,agriculture
61794,agriculture
61808,agriculture
61811,agriculture
61814,agriculture
61874,agriculture
61878,agriculture
61906,agriculture
61914,agriculture
61915,agriculture
61916,agriculture
61921,agriculture
61924,agriculture
61926,agriculture
61948,agriculture
61950,agriculture
61952,agriculture
61955,agriculture
61960,agriculture
61965,agriculture
61972,agriculture
61973,agriculture
61993,agriculture
61994,agriculture
62000,agriculture
62001,agriculture
62017,agriculture
62023,agriculture
62024,agriculture
62029,agriculture
62033,agriculture
62036,agriculture
62038,agriculture
62074,agriculture
62080,agriculture
62105,agriculture
62122,agriculture
62135,agriculture
62147,agriculture
62154,agriculture
62179,agriculture
62187,agriculture
62209,agriculture
62216,agriculture
62230,agriculture
62248,agriculture
62264,agriculture
62291,agriculture
62312,agriculture
62341,agriculture
62351,agriculture
62353,agriculture
62357,agriculture
62369,agriculture
62377,agriculture
62406,agriculture
62454,agriculture
62593,agriculture
62613,agriculture
62751,agriculture
62795,agriculture
62903,agriculture
62911,agriculture
62988,agriculture
62998,agriculture
63012,ilegal_mining
63013,ilegal_mining
63051,agriculture
63079,ilegal_mining
63084,ilegal_mining
63129,ilegal_mining
63137,ilegal_mining
63138,ilegal_mining
63141,ilegal_mining
63144,ilegal_mining
63145,ilegal_mining
63159,ilegal_mining
63179,agriculture
63213,ilegal_mining
63214,ilegal_mining
63215,ilegal_mining
63216,ilegal_mining
63224,ilegal_mining
63226,ilegal_mining
63227,ilegal_mining
63231,ilegal_mining
63232,ilegal_mining
63234,ilegal_mining
63239,ilegal_mining
63242,ilegal_mining
63244,ilegal_mining
63246,ilegal_mining
63252,ilegal_mining
63255,ilegal_mining
63281,agriculture
63302,ilegal_mining
63307,ilegal_mining
63324,agriculture
63345,ilegal_mining
63375,agriculture
63426,agriculture
63501,agriculture
63502,agriculture
63553,agriculture
63556,agriculture
63586,agriculture
63603,agriculture
63627,agriculture
63668,agriculture
63739,agriculture
63829,agriculture
63914,agriculture
63918,agriculture
63921,agriculture
63954,agriculture
63962,agriculture
63967,agriculture
64035,agriculture
64108,agriculture
64251,agriculture
64602,agriculture
64660,agriculture
64682,agriculture
64691,agriculture
64704,agriculture
64757,agriculture
64769,agriculture
64868,agriculture
64878,ilegal_mining
64885,agriculture
64924,agriculture
64929,agriculture
64956,agriculture
64957,agriculture
64972,agriculture
64998,agriculture
65004,agriculture
65033,agriculture
65043,agriculture
65076,agriculture
65077,agriculture
65115,ilegal_mining
65116,ilegal_mining
65142,agriculture
65283,agriculture
65328,agriculture
65372,agriculture
65412,agriculture
65479,agriculture
65500,agriculture
65543,agriculture
65581,agriculture
65601,agriculture
65636,agriculture
65685,agriculture
65726,agriculture
65735,agriculture
65743,agriculture
65749,agriculture
65763,agriculture
65773,agriculture
65778,agriculture
65782,agriculture
65784,agriculture
65785,ilegal_mining
65799,agriculture
65811,agriculture
65828,agriculture
65838,agriculture
65840,agriculture
65865,agriculture
65876,agriculture
66003,agriculture
66010,agriculture
66012,agriculture
66065,agriculture
66074,agriculture
66135,agriculture
66143,agriculture
66144,agriculture
66148,agriculture
66165,agriculture
66178,agriculture
66196,agriculture
66207,agriculture
66246,agriculture
66261,agriculture
66282,agriculture
66287,agriculture
66374,agriculture
66378,agriculture
66394,agriculture
66498,agriculture
66599,agriculture
66668,agriculture
66686,agriculture
66736,agriculture
66742,agriculture
66776,agriculture
66790,agriculture
66801,agriculture
66802,agriculture
66851,agriculture
66861,agriculture
66872,agriculture
66899,agriculture
66908,agriculture
66910,agriculture
66913,agriculture
66964,agriculture
67022,agriculture
67023,agriculture
67026,agriculture
67030,agriculture
67037,agriculture
67042,agriculture
67043,agriculture
67045,agriculture
67046,agriculture
67054,agriculture
67056,agriculture
67058,agriculture
67059,agriculture
67068,agriculture
67075,agriculture
67078,agriculture
67080,agriculture
67084,agriculture
67091,agriculture
67092,agriculture
67096,agriculture
67098,agriculture
67101,agriculture
67102,agriculture
67110,agriculture
67128,agriculture
67146,ilegal_mining
67150,agriculture
67199,agriculture
67205,agriculture
67220,agriculture
67225,agriculture
67270,agriculture
67300,agriculture
67331,agriculture
67346,agriculture
67424,agriculture
67475,agriculture
67491,agriculture
67496,agriculture
67517,agriculture
67543,agriculture
67551,agriculture
67617,agriculture
67632,agriculture
67670,agriculture
67675,agriculture
67707,agriculture
67708,agriculture
67728,agriculture
67740,agriculture
67768,agriculture
67785,agriculture
67786,agriculture
67793,agriculture
67821,agriculture
67870,agriculture
67887,agriculture
67920,agriculture
67926,agriculture
67963,agriculture
68043,agriculture
68055,agriculture
68069,agriculture
68086,agriculture
68106,agriculture
68134,agriculture
68250,agriculture
68265,agriculture
68268,agriculture
68375,agriculture
68387,agriculture
68401,agriculture
68404,agriculture
68552,agriculture
69273,agriculture
70937,agriculture
71043,agriculture
71078,agriculture
71141,agriculture
71209,agriculture
71235,agriculture
71390,agriculture
71400,agriculture
71524,agriculture
71541,agriculture
71579,agriculture
71750,ilegal_mining
72013,agriculture
72384,agriculture
72396,agriculture
72470,agriculture
72524,agriculture
72531,agriculture
72536,agriculture
72547,agriculture
72564,agriculture
72565,agriculture
72566,agriculture
72567,agriculture
72574,agriculture
72575,agriculture
72576,agriculture
72589,agriculture
72599,agriculture
72607,agriculture
72615,agriculture
72653,agriculture
72661,agriculture
72665,agriculture
72666,agriculture
73659,agriculture
73670,agriculture
73673,agriculture
73702,agriculture
73717,agriculture
73751,agriculture
73769,agriculture
73784,agriculture
73798,agriculture
73808,agriculture
73828,agriculture
73864,agriculture
74010,agriculture
74044,agriculture
74057,agriculture
74105,agriculture
74137,agriculture
74291,ilegal_mining
74293,ilegal_mining
74294,ilegal_mining
74295,ilegal_mining
74297,ilegal_mining
74299,ilegal_mining
74339,agriculture
74354,agriculture
74356,agriculture
74414,agriculture
74426,agriculture
74430,agriculture
74433,agriculture
74436,ilegal_mining
74475,agriculture
74509,agriculture
74524,agriculture
74525,ilegal_mining
74575,agriculture
74583,agriculture
74588,agriculture
74591,agriculture
74641,ilegal_mining
74671,ilegal_mining
74672,ilegal_mining
74681,agriculture
74682,ilegal_mining
74686,agriculture
74690,ilegal_mining
74691,ilegal_mining
74699,agriculture
74701,agriculture
74702,agriculture
74716,ilegal_mining
74734,ilegal_mining
74735,agriculture
74749,agriculture
74768,agriculture
74789,ilegal_mining
74790,ilegal_mining
74861,ilegal_mining
74867,ilegal_mining
74870,ilegal_mining
74871,ilegal_mining
74907,agriculture
74909,agriculture
75020,agriculture
75109,agriculture
75148,agriculture
75174,agriculture
75195,agriculture
75235,agriculture
75253,agriculture
75260,agriculture
75316,agriculture
75357,agriculture
75364,agriculture
75415,agriculture
75421,agriculture
75462,agriculture
75477,agriculture
75507,agriculture
75525,agriculture
75541,agriculture
75660,agriculture
75664,agriculture
75665,agriculture
75868,agriculture
75925,agriculture
75939,agriculture
75940,agriculture
75985,agriculture
76074,agriculture
76112,agriculture
76174,agriculture
76201,agriculture
76218,agriculture
76256,agriculture
76271,agriculture
76304,agriculture
76317,agriculture
76320,agriculture
76333,agriculture
76344,agriculture
76354,agriculture
76385,agriculture
76394,agriculture
76396,agriculture
76412,agriculture
76413,agriculture
76427,agriculture
76429,agriculture
76452,agriculture
76615,agriculture
76728,agriculture
76735,agriculture
76870,agriculture
76874,agriculture
76876,agriculture
76877,agriculture
76878,agriculture
76883,agriculture
76887,agriculture
76888,agriculture
76890,agriculture
76894,agriculture
76899,agriculture
76900,agriculture
76902,agriculture
76906,agriculture
76910,agriculture
76918,agriculture
76925,agriculture
76926,agriculture
76940,agriculture
76942,agriculture
76943,agriculture
76948,agriculture
76950,agriculture
76951,agriculture
76953,agriculture
76956,agriculture
76957,agriculture
76958,agriculture
76970,agriculture
76971,agriculture
76989,agriculture
76992,agriculture
77006,agriculture
77007,agriculture
77010,agriculture
77014,agriculture
77015,agriculture
77019,agriculture
77024,agriculture
77048,agriculture
77051,agriculture
77056,agriculture
77088,agriculture
77108,agriculture
77124,agriculture
77165,agriculture
77180,agriculture
77186,agriculture
77190,agriculture
77239,agriculture
77242,agriculture
77264,agriculture
77328,agriculture
77349,agriculture
77432,agriculture
77651,agriculture
77654,agriculture
77694,agriculture
77700,agriculture
77701,agriculture
77767,ilegal_mining
77911,agriculture
77963,agriculture
77971,agriculture
77999,agriculture
78010,agriculture
78014,agriculture
78037,agriculture
78044,agriculture
78057,agriculture
78132,agriculture
78331,ilegal_mining
78415,ilegal_mining
78416,agriculture
78417,ilegal_mining
78418,ilegal_mining
78449,agriculture
78452,agriculture
78466,ilegal_mining
78479,ilegal_mining
78494,agriculture
78513,agriculture
79018,agriculture
79025,agriculture
79163,agriculture
79173,agriculture
79201,agriculture
79236,agriculture
79336,agriculture
79341,agriculture
79356,agriculture
79367,agriculture
79387,agriculture
79390,agriculture
79410,agriculture
79415,agriculture
79416,agriculture
79422,agriculture
79434,agriculture
79448,agriculture
79467,agriculture
79471,agriculture
79486,agriculture
79489,agriculture
79503,agriculture
79536,agriculture
79539,agriculture
79554,agriculture
79572,agriculture
79627,agriculture
79647,agriculture
79796,agriculture
79826,agriculture
79888,agriculture
79894,agriculture
79895,agriculture
79901,ilegal_mining
79909,agriculture
79919,agriculture
79948,agriculture
79961,agriculture
79964,agriculture
79965,agriculture
79967,agriculture
79983,ilegal_mining
79984,ilegal_mining
79999,agriculture
80004,agriculture
80034,agriculture
80066,agriculture
80071,agriculture
80080,agriculture
80082,agriculture
80085,agriculture
80090,agriculture
80112,agriculture
80116,agriculture
80120,agriculture
80121,agriculture
80126,agriculture
80135,ilegal_mining
80147,agriculture
80159,ilegal_mining
80173,agriculture
80188,agriculture
80192,agriculture
80504,agriculture
80558,agriculture
80563,agriculture
80633,agriculture
80650,agriculture
80668,agriculture
80730,agriculture
80734,agriculture
80793,agriculture
80864,agriculture
80900,agriculture
80915,agriculture
80950,agriculture
80982,agriculture
80994,agriculture
80998,agriculture
81006,agriculture
81091,agriculture
81140,agriculture
81164,agriculture
81190,agriculture
81195,agriculture
81204,agriculture
81208,agriculture
81244,agriculture
81298,agriculture
81354,agriculture
81360,agriculture
81409,agriculture
81455,agriculture
81485,agriculture
81495,ilegal_mining
81501,agriculture
81560,agriculture
81563,agriculture
81576,agriculture
81592,agriculture
81596,agriculture
81643,ilegal_mining
81693,agriculture
81700,agriculture
81732,agriculture
81771,agriculture
81794,agriculture
81806,agriculture
81810,agriculture
81822,agriculture
81854,agriculture
81883,agriculture
81897,agriculture
81913,ilegal_mining
81916,ilegal_mining
81917,ilegal_mining
81918,agriculture
81926,agriculture
81927,agriculture
81932,agriculture
81934,agriculture
81935,agriculture
81942,agriculture
81947,agriculture
81951,agriculture
81955,agriculture
81964,agriculture
81969,ilegal_mining
81973,agriculture
81975,agriculture
82002,agriculture
82005,ilegal_mining
82035,agriculture
82048,agriculture
82053,agriculture
82055,agriculture
82062,agriculture
82073,agriculture
82079,agriculture
82080,agriculture
82083,agriculture
82087,agriculture
82089,agriculture
82090,agriculture
82092,agriculture
82108,agriculture
82376,agriculture
82423,agriculture
82445,agriculture
82450,agriculture
82451,agriculture
82463,agriculture
82468,agriculture
82469,agriculture
82481,agriculture
82482,agriculture
82511,agriculture
82548,agriculture
82602,agriculture
82610,agriculture
82623,ilegal_mining
82629,agriculture
82673,ilegal_mining
82678,ilegal_mining
82680,ilegal_mining
82681,ilegal_mining
82683,ilegal_mining
82699,ilegal_mining
82768,agriculture
82769,ilegal_mining
82777,agriculture
82781,ilegal_mining
82783,ilegal_mining
82803,ilegal_mining
82804,ilegal_mining
82806,ilegal_mining
82829,agriculture
82863,agriculture
82870,ilegal_mining
82871,ilegal_mining
82886,agriculture
82893,agriculture
82901,ilegal_mining
82963,agriculture
82991,agriculture
82997,agriculture
83011,agriculture
83039,agriculture
83053,agriculture
83061,ilegal_mining
83062,ilegal_mining
83077,agriculture
83095,agriculture
83104,agriculture
83107,agriculture
83109,agriculture
83114,agriculture
83116,agriculture
83147,agriculture
83149,agriculture
83150,agriculture
83213,agriculture
83223,agriculture
83231,agriculture
83255,agriculture
83338,agriculture
83346,agriculture
83350,agriculture
83400,agriculture
83406,agriculture
83411,agriculture
83415,agriculture
83425,agriculture
83469,agriculture
83507,agriculture
83537,agriculture
83543,ilegal_mining
83544,ilegal_mining
83545,ilegal_mining
83558,agriculture
83572,agriculture
83675,ilegal_mining
83684,agriculture
83707,agriculture
83848,agriculture
84190,agriculture
84556,ilegal_mining
84573,agriculture
84637,ilegal_mining
84674,agriculture
84732,agriculture
84750,agriculture
84760,agriculture
84771,agriculture
84787,agriculture
84799,agriculture
84817,agriculture
84828,agriculture
84850,agriculture
84866,agriculture
84867,agriculture
84882,agriculture
84900,agriculture
84910,agriculture
84919,ilegal_mining
84947,agriculture
84983,ilegal_mining
84986,ilegal_mining
84988,ilegal_mining
84989,ilegal_mining
85003,agriculture
85016,ilegal_mining
85028,ilegal_mining
85055,agriculture
85137,agriculture
85140,agriculture
85148,agriculture
85183,agriculture
85190,agriculture
85192,agriculture
85213,agriculture
85231,agriculture
85259,agriculture
85274,agriculture
85284,agriculture
85390,agriculture
85412,agriculture
85455,ilegal_mining
85470,agriculture
85566,agriculture
85630,ilegal_mining
85649,ilegal_mining
85661,ilegal_mining
85670,ilegal_mining
85687,ilegal_mining
85727,agriculture
85728,agriculture
85744,agriculture
85759,agriculture
85801,ilegal_mining
85808,ilegal_mining
85839,agriculture
85841,agriculture
85889,agriculture
85893,ilegal_mining
85905,ilegal_mining
85906,ilegal_mining
85923,ilegal_mining
85934,agriculture
85938,ilegal_mining
85941,agriculture
85944,ilegal_mining
85948,ilegal_mining
85957,ilegal_mining
85958,ilegal_mining
85984,agriculture
85985,agriculture
85987,agriculture
86010,agriculture
86011,ilegal_mining
86040,ilegal_mining
86135,agriculture
86275,ilegal_mining
86300,agriculture
86307,ilegal_mining
86407,agriculture
86557,ilegal_mining
86560,ilegal_mining
86614,agriculture
86919,agriculture
87244,agriculture
87245,agriculture
87338,agriculture
87351,ilegal_mining
87367,ilegal_mining
87425,agriculture
87447,agriculture
87453,agriculture
87488,agriculture
87517,agriculture
87541,ilegal_mining
87576,agriculture
87628,agriculture
87651,ilegal_mining
87657,agriculture
87666,agriculture
87671,agriculture
87672,agriculture
87679,agriculture
87701,agriculture
87751,agriculture
87792,agriculture
87793,agriculture
87805,agriculture
87832,agriculture
87848,agriculture
87887,agriculture
87896,agriculture
87950,agriculture
87981,agriculture
87985,agriculture
88041,agriculture
88072,agriculture
88086,agriculture
88098,agriculture
88114,agriculture
88140,agriculture
88171,agriculture
88211,agriculture
88285,agriculture
88314,agriculture
88315,ilegal_mining
88327,agriculture
88337,agriculture
88485,ilegal_mining
88486,ilegal_mining
88503,ilegal_mining
88546,agriculture
88582,ilegal_mining
88596,agriculture
88688,agriculture
88738,agriculture
88752,ilegal_mining
88774,ilegal_mining
88790,agriculture
88799,agriculture
88856,agriculture
88877,agriculture
88884,agriculture
88885,agriculture
88905,agriculture
88911,agriculture
89077,agriculture
89079,ilegal_mining
89082,ilegal_mining
89088,ilegal_mining
89089,ilegal_mining
89106,agriculture
89182,agriculture
89210,ilegal_mining
89212,ilegal_mining
89213,agriculture
89223,ilegal_mining
89237,ilegal_mining
89239,ilegal_mining
89244,ilegal_mining
89260,agriculture
89287,agriculture
89328,ilegal_mining
89329,ilegal_mining
89336,ilegal_mining
89366,agriculture
89372,agriculture
89499,agriculture
89604,agriculture
89606,agriculture
89620,agriculture
89629,agriculture
89631,agriculture
89634,agriculture
89638,agriculture
89666,agriculture
89673,agriculture
89675,agriculture
89687,agriculture
89699,agriculture
89702,agriculture
89713,agriculture
89722,ilegal_mining
89724,ilegal_mining
89730,agriculture
89731,agriculture
89732,agriculture
89740,agriculture
89745,agriculture
89748,agriculture
89750,agriculture
89753,agriculture
89756,agriculture
89762,ilegal_mining
89765,ilegal_mining
89771,agriculture
89780,agriculture
89787,agriculture
89789,agriculture
89820,agriculture
89825,agriculture
89862,agriculture
89939,agriculture
89961,agriculture
89963,agriculture
89977,agriculture
90039,ilegal_mining
90040,agriculture
90071,ilegal_mining
90095,ilegal_mining
90126,agriculture
90127,agriculture
90134,agriculture
90139,ilegal_mining
90142,agriculture
90144,ilegal_mining
90146,ilegal_mining
90167,agriculture
90190,agriculture
90193,agriculture
90202,ilegal_mining
90210,ilegal_mining
90214,agriculture
90220,ilegal_mining
90250,ilegal_mining
90254,agriculture
90261,ilegal_mining
90270,ilegal_mining
90300,agriculture
90363,agriculture
90378,ilegal_mining
90425,agriculture
90440,agriculture
90468,ilegal_mining
90475,agriculture
90480,agriculture
90602,agriculture
90623,agriculture
90624,ilegal_mining
90634,agriculture
90637,agriculture
90644,agriculture
90654,ilegal_mining
90656,agriculture
90657,agriculture
90697,agriculture
90830,agriculture
90844,agriculture
90846,agriculture
90864,agriculture
90865,agriculture
90902,agriculture
90906,agriculture
90954,ilegal_mining
90955,ilegal_mining
90972,ilegal_mining
91003,ilegal_mining
91016,ilegal_mining
91018,agriculture
91028,agriculture
91032,agriculture
91042,ilegal_mining
91047,ilegal_mining
91055,agriculture
91071,agriculture
91072,ilegal_mining
91073,agriculture
91122,agriculture
91126,ilegal_mining
91132,ilegal_mining
91134,ilegal_mining
91164,agriculture
91180,ilegal_mining
91182,ilegal_mining
91198,agriculture
91209,agriculture
91227,ilegal_mining
91237,agriculture
91245,agriculture
91253,ilegal_mining
91268,ilegal_mining
91269,ilegal_mining
91279,agriculture
91305,ilegal_mining
91318,agriculture
91320,agriculture
91322,ilegal_mining
91323,ilegal_mining
91332,ilegal_mining
91337,ilegal_mining
91354,agriculture
91360,ilegal_mining
91371,agriculture
91550,agriculture
91576,agriculture
91589,agriculture
91598,agriculture
91626,agriculture
91703,ilegal_mining
91714,agriculture
91725,ilegal_mining
91738,agriculture
91741,agriculture
91755,agriculture
91780,agriculture
91781,agriculture
91785,ilegal_mining
91786,ilegal_mining
91788,agriculture
91796,ilegal_mining
91805,ilegal_mining
91806,agriculture
91807,agriculture
91808,agriculture
91809,agriculture
91814,agriculture
91817,agriculture
91823,agriculture
91826,agriculture
91828,agriculture
91829,agriculture
91833,agriculture
91915,ilegal_mining
91916,ilegal_mining
91918,ilegal_mining
91926,ilegal_mining
91968,agriculture
91977,ilegal_mining
91984,ilegal_mining
91989,agriculture
91998,ilegal_mining
92004,agriculture
92006,agriculture
92009,agriculture
92010,ilegal_mining
92041,ilegal_mining
92128,agriculture
92135,agriculture
92224,agriculture
92246,ilegal_mining
92350,agriculture
92366,ilegal_mining
92367,ilegal_mining
92399,agriculture
92469,agriculture
92471,agriculture
92519,agriculture
92563,agriculture
92600,agriculture
92721,agriculture
92730,agriculture
92768,ilegal_mining
92776,ilegal_mining
92790,agriculture
92793,ilegal_mining
92840,agriculture
92866,agriculture
92867,agriculture
92880,agriculture
92980,ilegal_mining
93008,ilegal_mining
93020,ilegal_mining
93022,ilegal_mining
93035,ilegal_mining
93041,agriculture
93042,ilegal_mining
93106,ilegal_mining
93108,ilegal_mining
93128,ilegal_mining
93129,ilegal_mining
93133,ilegal_mining
93136,ilegal_mining
93137,agriculture
93239,agriculture
93240,agriculture
93246,agriculture
93247,agriculture
93248,agriculture
93249,agriculture
93250,agriculture
93317,agriculture
93325,agriculture
93388,ilegal_mining
93389,ilegal_mining
93392,agriculture
93573,agriculture
93589,agriculture
93720,agriculture
93721,agriculture
93746,agriculture
93752,agriculture
93753,agriculture
93755,agriculture
93758,agriculture
93763,agriculture
93766,agriculture
93767,agriculture
93770,agriculture
93772,agriculture
93780,agriculture
93786,agriculture
93793,agriculture
93839,agriculture
93848,agriculture
93849,agriculture
93850,agriculture
93859,agriculture
93864,agriculture
93879,agriculture
93880,agriculture
93892,agriculture
93893,agriculture
93895,agriculture
93905,agriculture
93938,agriculture
93952,ilegal_mining
93953,ilegal_mining
93961,agriculture
94006,agriculture
94041,ilegal_mining
94055,agriculture
94057,ilegal_mining
94074,agriculture
94076,agriculture
94086,agriculture
94092,agriculture
94125,agriculture
94129,agriculture
94136,agriculture
94139,agriculture
94147,agriculture
94152,agriculture
94161,agriculture
94169,agriculture
94174,agriculture
94176,agriculture
94178,agriculture
94181,agriculture
94208,agriculture
94209,agriculture
94214,agriculture
94221,agriculture
94231,agriculture
94274,agriculture
94286,ilegal_mining
94314,agriculture
94317,agriculture
94318,agriculture
94320,ilegal_mining
94322,agriculture
94323,agriculture
94331,ilegal_mining
94341,agriculture
94344,agriculture
94367,agriculture
94382,agriculture
94385,agriculture
94387,ilegal_mining
94413,agriculture
94430,agriculture
94439,agriculture
94469,agriculture
94478,agriculture
94495,ilegal_mining
94496,ilegal_mining
94497,ilegal_mining
94499,ilegal_mining
94500,agriculture
94512,agriculture
94531,agriculture
94567,agriculture
94573,agriculture
94581,agriculture
94590,agriculture
94627,agriculture
94699,agriculture
94702,ilegal_mining
94713,agriculture
94740,agriculture
94741,ilegal_mining
94743,ilegal_mining
94744,ilegal_mining
94748,agriculture
94749,ilegal_mining
94756,ilegal_mining
94757,agriculture
94793,agriculture
94874,agriculture
94875,agriculture
94892,agriculture
94905,agriculture
94912,ilegal_mining
94923,agriculture
94959,ilegal_mining
94963,agriculture
94974,agriculture
94976,agriculture
94986,agriculture
94987,agriculture
94990,ilegal_mining
94994,agriculture
94998,ilegal_mining
95009,ilegal_mining
95023,agriculture
95024,agriculture
95026,agriculture
95029,agriculture
95040,agriculture
95043,agriculture
95057,agriculture
95071,ilegal_mining
95073,agriculture
95074,agriculture
95082,agriculture
95109,agriculture
95118,ilegal_mining
95124,agriculture
95145,agriculture
95152,ilegal_mining
95154,ilegal_mining
95155,ilegal_mining
95163,ilegal_mining
95175,agriculture
95191,agriculture
95194,agriculture
95195,agriculture
95198,agriculture
95199,agriculture
95200,agriculture
95201,agriculture
95223,agriculture
95224,agriculture
95236,agriculture
95251,ilegal_mining
95274,ilegal_mining
95275,agriculture
95291,agriculture
95307,agriculture
95312,agriculture
95313,agriculture
95325,ilegal_mining
95329,agriculture
95331,ilegal_mining
95337,agriculture
95341,ilegal_mining
95353,agriculture
95361,agriculture
95366,agriculture
95393,ilegal_mining
95396,ilegal_mining
95397,agriculture
95449,agriculture
95458,agriculture
95462,agriculture
95465,agriculture
95466,agriculture
95467,agriculture
95472,agriculture
95478,ilegal_mining
95483,ilegal_mining
95493,agriculture
95494,agriculture
95499,ilegal_mining
95512,agriculture
95531,agriculture
95548,agriculture
95551,ilegal_mining
95555,agriculture
95577,agriculture
95579,agriculture
95598,agriculture
95611,ilegal_mining
95619,ilegal_mining
95647,agriculture
95868,agriculture
95876,agriculture
95927,agriculture
95960,agriculture
95962,agriculture
95969,agriculture
95998,agriculture
96000,agriculture
96025,agriculture
96048,ilegal_mining
96054,agriculture
96057,agriculture
96060,agriculture
96072,agriculture
96075,ilegal_mining
96077,agriculture
96089,agriculture
96111,ilegal_mining
96112,ilegal_mining
96126,agriculture
96335,agriculture
96348,agriculture
96368,agriculture
96372,agriculture
96502,ilegal_mining
96621,agriculture
96623,ilegal_mining
96704,agriculture
96712,agriculture
96795,ilegal_mining
96850,agriculture
96861,ilegal_mining
96950,agriculture
96956,ilegal_mining
96962,ilegal_mining
96968,ilegal_mining
97003,ilegal_mining
97006,ilegal_mining
97042,ilegal_mining
97243,agriculture
97264,agriculture
97308,agriculture
97313,agriculture
97316,agriculture
97381,ilegal_mining
97416,agriculture
97418,agriculture
97420,agriculture
97459,ilegal_mining
97464,ilegal_mining
97477,ilegal_mining
97479,ilegal_mining
97482,ilegal_mining
97487,ilegal_mining
97490,ilegal_mining
97495,agriculture
97500,agriculture
97506,agriculture
97517,agriculture
97556,agriculture
97558,agriculture
97563,agriculture
97577,agriculture
97578,agriculture
97682,agriculture
97722,agriculture
97737,agriculture
97738,agriculture
97749,agriculture
97756,agriculture
97760,agriculture
97768,ilegal_mining
97775,agriculture
97809,agriculture
97889,agriculture
97928,ilegal_mining
97937,agriculture
97978,agriculture
97983,agriculture
97984,agriculture
98009,ilegal_mining
98079,agriculture
98106,agriculture
98131,ilegal_mining
98148,agriculture
98165,agriculture
98167,ilegal_mining
98175,ilegal_mining
98176,ilegal_mining
98177,agriculture
98179,ilegal_mining
98184,ilegal_mining
98185,ilegal_mining
98192,ilegal_mining
98196,ilegal_mining
98200,agriculture
98201,agriculture
98240,ilegal_mining
98247,ilegal_mining
98264,ilegal_mining
98267,ilegal_mining
98270,ilegal_mining
98272,ilegal_mining
98273,ilegal_mining
98277,ilegal_mining
98279,ilegal_mining
98282,ilegal_mining
98285,ilegal_mining
98289,ilegal_mining
98291,ilegal_mining
98293,agriculture
98313,agriculture
98334,agriculture
98336,agriculture
98339,agriculture
98343,ilegal_mining
98344,agriculture
98411,agriculture
98412,agriculture
98463,agriculture
98525,agriculture
98541,agriculture
98556,agriculture
98564,agriculture
98583,agriculture
98596,ilegal_mining
98616,agriculture
98624,ilegal_mining
98626,agriculture
98648,agriculture
98650,agriculture
98714,ilegal_mining
98736,agriculture
98745,agriculture
98787,ilegal_mining
98794,agriculture
98798,ilegal_mining
98809,ilegal_mining
98813,agriculture
98846,agriculture
98854,agriculture
98919,agriculture
98937,agriculture
98970,ilegal_mining
98990,agriculture
98999,agriculture
99006,ilegal_mining
99014,agriculture
99030,ilegal_mining
99038,ilegal_mining
99133,ilegal_mining
99143,ilegal_mining
99145,agriculture
99154,agriculture
99157,agriculture
99214,agriculture
99217,ilegal_mining
99225,agriculture
99232,agriculture
99278,ilegal_mining
99313,agriculture
99327,agriculture
99348,ilegal_mining
99385,ilegal_mining
99417,agriculture
99488,agriculture
99517,ilegal_mining
99562,ilegal_mining
99563,ilegal_mining
99565,ilegal_mining
99570,agriculture
99621,ilegal_mining
99638,agriculture
99667,ilegal_mining
99675,agriculture
99690,agriculture
99714,agriculture
99716,ilegal_mining
99775,ilegal_mining
99787,agriculture
99801,agriculture
99833,agriculture
99870,agriculture
99930,ilegal_mining
99936,agriculture
99969,ilegal_mining
99971,ilegal_mining
99993,agriculture
100004,ilegal_mining
100005,ilegal_mining
100012,ilegal_mining
100019,ilegal_mining
100023,ilegal_mining
100025,ilegal_mining
100032,ilegal_mining
100084,ilegal_mining
100085,agriculture
100086,agriculture
100089,agriculture
100093,ilegal_mining
100107,agriculture
100117,agriculture
100123,agriculture
100126,agriculture
100133,ilegal_mining
100142,ilegal_mining
100146,agriculture
100169,agriculture
100192,ilegal_mining
100204,agriculture
100232,agriculture
100236,agriculture
100251,agriculture
100256,agriculture
100259,agriculture
100263,ilegal_mining
100277,ilegal_mining
100286,agriculture
100294,agriculture
100299,ilegal_mining
100301,agriculture
100304,agriculture
100332,agriculture
100353,agriculture
100357,ilegal_mining
100403,ilegal_mining
100427,ilegal_mining
100431,ilegal_mining
100440,ilegal_mining
100441,ilegal_mining
100442,ilegal_mining
100445,ilegal_mining
100446,agriculture
100449,ilegal_mining
100452,agriculture
100462,ilegal_mining
100491,ilegal_mining
100518,agriculture
100536,ilegal_mining
100546,ilegal_mining
100547,ilegal_mining
100553,ilegal_mining
100581,ilegal_mining
100635,agriculture
100648,agriculture
100653,ilegal_mining
100696,agriculture
100713,agriculture
100731,ilegal_mining
100767,agriculture
100810,agriculture
100815,agriculture
100876,ilegal_mining
100877,ilegal_mining
100946,ilegal_mining
100985,agriculture
100996,agriculture
100997,ilegal_mining
101022,agriculture
101223,agriculture
101255,ilegal_mining
101259,ilegal_mining
101269,ilegal_mining
101271,ilegal_mining
101272,ilegal_mining
101274,ilegal_mining
101334,ilegal_mining
101338,ilegal_mining
101405,ilegal_mining
101409,ilegal_mining
101504,ilegal_mining
101509,agriculture
101527,ilegal_mining
101532,ilegal_mining
101536,ilegal_mining
101539,ilegal_mining
101563,agriculture
101575,ilegal_mining
101607,ilegal_mining
101762,ilegal_mining
101763,ilegal_mining
101826,agriculture
101848,agriculture
101862,agriculture
101927,ilegal_mining
101982,ilegal_mining
101997,ilegal_mining
102002,agriculture
102005,ilegal_mining
102006,ilegal_mining
102059,ilegal_mining
102066,ilegal_mining
102067,agriculture
102095,agriculture
102121,agriculture
102202,agriculture
102217,ilegal_mining
102227,ilegal_mining
102235,ilegal_mining
102237,ilegal_mining
102267,agriculture
102270,ilegal_mining
102272,ilegal_mining
102281,ilegal_mining
102285,agriculture
102349,ilegal_mining
102384,ilegal_mining
102441,ilegal_mining
102445,ilegal_mining
102448,ilegal_mining
102535,ilegal_mining
102537,ilegal_mining
102565,ilegal_mining
102606,ilegal_mining
102607,agriculture
102676,agriculture
102687,ilegal_mining
102690,ilegal_mining
102721,agriculture
102732,ilegal_mining
102760,ilegal_mining
102784,agriculture
102814,ilegal_mining
102816,ilegal_mining
102833,agriculture
102848,agriculture
102896,ilegal_mining
102900,ilegal_mining
102902,ilegal_mining
102907,ilegal_mining
102911,ilegal_mining
102913,ilegal_mining
103004,ilegal_mining
103011,ilegal_mining
103030,ilegal_mining
103103,ilegal_mining
103106,ilegal_mining
103121,agriculture
103133,ilegal_mining
103138,ilegal_mining
103141,ilegal_mining
103145,ilegal_mining
103181,ilegal_mining
103230,agriculture
103244,agriculture
103254,ilegal_mining
103265,agriculture
103268,ilegal_mining
103274,agriculture
103331,agriculture
103349,agriculture
103373,ilegal_mining
103376,ilegal_mining
103379,ilegal_mining
103382,ilegal_mining
103408,agriculture
103419,ilegal_mining
103471,ilegal_mining
103472,agriculture
103477,ilegal_mining
103488,ilegal_mining
103497,ilegal_mining
103572,agriculture
103601,ilegal_mining
103602,agriculture
103612,ilegal_mining
103613,ilegal_mining
103614,ilegal_mining
103616,ilegal_mining
103649,agriculture
103665,ilegal_mining
103680,agriculture
103688,agriculture
103690,ilegal_mining
103737,agriculture
103800,agriculture
103837,agriculture
103844,agriculture
103884,agriculture
103944,agriculture
103988,agriculture
103991,ilegal_mining
103998,agriculture
104066,agriculture
104139,agriculture
104147,ilegal_mining
104163,ilegal_mining
104171,ilegal_mining
104312,agriculture
104342,ilegal_mining
104343,agriculture
104355,agriculture
104374,agriculture
104379,agriculture
104384,ilegal_mining
104386,ilegal_mining
104387,ilegal_mining
104465,ilegal_mining
104487,agriculture
104613,agriculture
104637,agriculture
104798,ilegal_mining
104799,ilegal_mining
105019,agriculture
105082,agriculture
105144,agriculture
105211,agriculture
105215,ilegal_mining
105332,agriculture
105390,ilegal_mining
105412,agriculture
105413,agriculture
105414,agriculture
105455,ilegal_mining
105525,ilegal_mining
105526,ilegal_mining
105530,agriculture
105568,agriculture
105584,agriculture
105607,agriculture
105662,agriculture
105680,agriculture
105681,agriculture
105687,agriculture
105750,agriculture
105833,agriculture
105932,agriculture
105935,agriculture
105957,agriculture
105989,ilegal_mining
106043,agriculture
106055,agriculture
106059,agriculture
106072,agriculture
106082,agriculture
106096,agriculture
106101,agriculture
106185,ilegal_mining
106242,agriculture
106268,agriculture
106284,agriculture
106286,agriculture
106294,ilegal_mining
106419,agriculture
106440,agriculture
106463,agriculture
106488,ilegal_mining
106494,agriculture
106513,agriculture
106535,agriculture
106577,agriculture
106579,agriculture
106615,ilegal_mining
106619,ilegal_mining
106651,ilegal_mining
106676,agriculture
106888,ilegal_mining
106906,agriculture
106918,agriculture
106920,agriculture
106936,ilegal_mining
107038,ilegal_mining
107212,ilegal_mining
107240,agriculture
107247,agriculture
107248,agriculture
107268,agriculture
107302,agriculture
107338,agriculture
107355,agriculture
107360,agriculture
107389,ilegal_mining
107543,agriculture
107599,ilegal_mining
107606,ilegal_mining
107612,ilegal_mining
107619,ilegal_mining
107634,agriculture
107638,agriculture
107648,agriculture
107654,agriculture
107655,agriculture
107658,agriculture
107667,agriculture
107669,agriculture
107679,agriculture
107683,agriculture
107694,agriculture
107696,agriculture
107813,agriculture
107830,agriculture
107897,agriculture
107957,agriculture
108032,agriculture
108148,ilegal_mining
108320,agriculture
108356,agriculture
108451,ilegal_mining
108459,ilegal_mining
108489,ilegal_mining
108490,ilegal_mining
108491,ilegal_mining
108541,agriculture
108545,agriculture
108581,agriculture
108582,agriculture
108590,agriculture
108591,agriculture
108625,agriculture
108652,agriculture
108663,agriculture
108664,agriculture
108706,agriculture
108720,agriculture
108764,agriculture
108830,agriculture
108850,agriculture
108856,agriculture
108858,agriculture
108881,agriculture
108889,agriculture
108903,agriculture
108919,agriculture
108966,agriculture
108970,agriculture
108976,agriculture
108988,agriculture
108997,ilegal_mining
108999,ilegal_mining
109004,ilegal_mining
109023,ilegal_mining
109024,ilegal_mining
109089,agriculture
109107,ilegal_mining
109131,agriculture
109447,ilegal_mining
109488,ilegal_mining
109510,ilegal_mining
109525,ilegal_mining
109534,agriculture
109535,ilegal_mining
109551,agriculture
109552,agriculture
109572,ilegal_mining
109573,ilegal_mining
109584,ilegal_mining
109609,agriculture
109613,ilegal_mining
109645,ilegal_mining
109657,ilegal_mining
109725,agriculture
109769,agriculture
109804,agriculture
109820,agriculture
109834,ilegal_mining
109837,agriculture
109861,agriculture
109875,ilegal_mining
109880,ilegal_mining
109881,ilegal_mining
109885,ilegal_mining
110011,ilegal_mining
110118,agriculture
110162,agriculture
110238,ilegal_mining
110287,ilegal_mining
110289,ilegal_mining
110299,ilegal_mining
110322,ilegal_mining
110323,ilegal_mining
110325,ilegal_mining
110551,agriculture
110617,ilegal_mining
110655,ilegal_mining
110669,ilegal_mining
110684,ilegal_mining
110710,agriculture
110872,agriculture
110878,agriculture
110880,agriculture
110883,agriculture
110901,agriculture
110903,agriculture
110917,agriculture
110918,agriculture
110954,agriculture
110997,agriculture
111052,agriculture
111100,agriculture
111110,agriculture
111127,agriculture
111276,agriculture
111287,agriculture
111314,agriculture
111434,agriculture
111480,agriculture
111507,agriculture
111535,ilegal_mining
111536,agriculture
111539,agriculture
111542,agriculture
111588,agriculture
111592,agriculture
111630,agriculture
111647,ilegal_mining
111648,agriculture
111686,agriculture
111692,agriculture
111732,agriculture
111934,agriculture
111965,agriculture
112017,agriculture
112020,agriculture
112021,agriculture
112035,agriculture
112052,agriculture
112057,agriculture
112063,agriculture
112066,agriculture
112069,agriculture
112075,agriculture
112078,agriculture
112116,agriculture
112118,agriculture
112144,agriculture
112196,agriculture
112226,agriculture
112302,agriculture
112555,agriculture
112591,agriculture
112692,agriculture
112720,agriculture
112781,agriculture
112953,ilegal_mining
112954,agriculture
112999,ilegal_mining
113001,ilegal_mining
113004,agriculture
113016,ilegal_mining
113019,agriculture
113022,ilegal_mining
113045,ilegal_mining
113090,agriculture
113104,agriculture
113152,agriculture
113224,ilegal_mining
113383,agriculture
113437,agriculture
113441,agriculture
113451,agriculture
113592,agriculture
113640,ilegal_mining
113694,agriculture
113701,agriculture
113702,agriculture
113737,ilegal_mining
113738,ilegal_mining
113805,agriculture
113850,ilegal_mining
113862,agriculture
113924,agriculture
113977,ilegal_mining
116342,agriculture
116751,agriculture
117272,agriculture
118089,agriculture
118420,agriculture
119003,agriculture
119005,agriculture
119007,agriculture
119016,agriculture
119020,agriculture
119029,agriculture
119030,agriculture
119032,agriculture
119037,agriculture
119040,agriculture
119046,agriculture
119047,agriculture
119054,agriculture
119059,agriculture
119063,agriculture
119065,agriculture
119066,agriculture
119067,agriculture
119069,agriculture
119070,agriculture
119081,agriculture
119084,agriculture
119090,agriculture
119091,agriculture
119102,agriculture
119103,agriculture
119104,agriculture
119120,agriculture
119124,agriculture
119125,agriculture
119126,agriculture
119130,agriculture
119133,agriculture
119137,agriculture
119170,agriculture
119172,agriculture
119175,agriculture
119178,agriculture
119183,agriculture
119186,agriculture
119187,agriculture
119190,agriculture
119193,agriculture
119194,agriculture
119196,agriculture
119213,agriculture
119216,agriculture
119221,agriculture
119229,agriculture
119230,agriculture
119231,agriculture
119236,agriculture
119241,agriculture
119248,agriculture
119250,agriculture
119256,agriculture
119258,agriculture
119267,agriculture
119268,agriculture
119274,agriculture
119278,agriculture
119279,agriculture
119280,agriculture
119288,agriculture
119292,agriculture
119293,agriculture
119297,agriculture
119302,agriculture
119305,agriculture
119308,agriculture
119310,agriculture
119311,agriculture
119316,agriculture
119317,agriculture
119318,agriculture
119321,agriculture
119323,agriculture
119328,agriculture
119331,agriculture
119332,agriculture
119337,agriculture
119340,agriculture
119342,agriculture
119343,agriculture
119344,agriculture
119353,agriculture
119363,agriculture
119364,agriculture
119371,agriculture
119376,agriculture
119380,agriculture
119385,agriculture
119387,agriculture
119392,agriculture
119397,agriculture
119398,agriculture
119402,agriculture
119410,agriculture
119414,agriculture
119416,agriculture
119419,agriculture
119422,agriculture
119425,agriculture
119428,agriculture
119442,agriculture
119446,agriculture
119449,agriculture
119450,agriculture
119452,agriculture
119453,agriculture
119455,agriculture
119456,agriculture
119459,agriculture
119460,agriculture
119462,agriculture
119476,agriculture
119479,agriculture
119480,agriculture
119482,agriculture
119487,agriculture
119490,agriculture
119495,agriculture
119496,agriculture
119497,agriculture
119502,agriculture
119510,agriculture
119511,agriculture
119513,agriculture
119522,agriculture
119524,agriculture
119529,agriculture
119532,agriculture
119534,agriculture
119541,agriculture
119542,agriculture
119543,agriculture
119544,agriculture
119547,agriculture
119555,agriculture
119556,agriculture
119557,agriculture
119563,agriculture
119566,agriculture
119578,agriculture
119582,agriculture
119584,agriculture
119587,agriculture
119590,agriculture
119601,agriculture
119607,agriculture
119610,agriculture
119612,agriculture
119614,agriculture
119615,agriculture
119616,agriculture
119621,agriculture
119622,agriculture
119628,agriculture
119629,agriculture
119631,agriculture
119638,agriculture
119642,agriculture
119645,agriculture
119646,agriculture
119653,agriculture
119656,agriculture
119658,agriculture
119659,agriculture
119662,agriculture
119663,agriculture
119667,agriculture
119671,agriculture
119676,agriculture
119686,agriculture
119696,agriculture
119698,agriculture
119701,agriculture
119703,agriculture
119710,agriculture
119713,agriculture
119726,agriculture
119728,agriculture
119732,agriculture
119735,agriculture
119736,agriculture
119741,agriculture
119747,agriculture
119752,agriculture
119755,agriculture
119761,agriculture
119767,agriculture
119769,agriculture
119771,agriculture
119775,agriculture
119776,agriculture
119778,agriculture
119783,agriculture
119784,agriculture
119789,agriculture
119791,agriculture
119797,agriculture
119799,agriculture
119800,agriculture
119802,agriculture
119816,agriculture
119820,agriculture
119824,agriculture
119829,agriculture
119832,agriculture
119838,agriculture
119839,agriculture
119845,agriculture
119849,agriculture
119850,agriculture
119860,agriculture
119861,agriculture
119873,agriculture
119877,agriculture
119891,agriculture
119896,agriculture
119910,agriculture
119921,agriculture
119933,agriculture
119935,agriculture
119939,agriculture
119965,agriculture
119975,agriculture
119984,agriculture
119991,agriculture
120019,agriculture
120030,agriculture
120032,agriculture
120051,agriculture
120055,agriculture
120062,agriculture
120064,agriculture
120091,agriculture
120095,agriculture
120112,agriculture
120116,agriculture
120133,agriculture
120156,agriculture
120178,agriculture
120188,agriculture
120235,agriculture
120346,agriculture
120362,agriculture
120382,agriculture
120438,agriculture
120450,agriculture
120452,agriculture
120460,agriculture
120480,agriculture
120507,agriculture
120516,agriculture
120549,agriculture
120563,agriculture
120570,agriculture
120583,ilegal_mining
120586,ilegal_mining
120592,agriculture
120595,ilegal_mining
120598,ilegal_mining
120601,ilegal_mining
120605,ilegal_mining
120606,ilegal_mining
120607,ilegal_mining
120608,ilegal_mining
120609,ilegal_mining
120612,ilegal_mining
120614,ilegal_mining
120615,ilegal_mining
120617,ilegal_mining
120620,ilegal_mining
120623,ilegal_mining
120627,ilegal_mining
120631,ilegal_mining
120632,ilegal_mining
120635,ilegal_mining
120639,ilegal_mining
120643,ilegal_mining
120645,ilegal_mining
120651,ilegal_mining
120659,agriculture
120665,agriculture
120685,agriculture
120695,agriculture
120698,agriculture
120718,agriculture
120724,agriculture
120755,agriculture
120778,agriculture
120822,agriculture
120824,agriculture
120850,agriculture
120857,agriculture
120866,agriculture
120872,agriculture
120882,agriculture
120897,agriculture
120918,agriculture
120984,agriculture
120987,agriculture
120992,agriculture
121041,agriculture
121043,agriculture
121074,agriculture
121077,agriculture
121079,agriculture
121096,agriculture
121106,agriculture
121114,agriculture
121131,agriculture
121135,agriculture
121137,agriculture
121140,agriculture
121142,agriculture
121146,agriculture
121213,agriculture
121234,agriculture
121238,agriculture
121242,agriculture
121250,agriculture
121253,agriculture
121272,agriculture
121301,agriculture
121306,urban_expansion
121307,agriculture
121308,agriculture
121318,ilegal_mining
121319,ilegal_mining
121337,agriculture
121338,agriculture
121340,agriculture
121349,agriculture
121350,agriculture
121351,agriculture
121428,agriculture
121437,agriculture
121455,agriculture
121463,agriculture
121674,agriculture
121718,agriculture
121735,agriculture
121785,agriculture
121808,agriculture
121813,agriculture
121826,agriculture
121827,agriculture
121863,agriculture
121866,agriculture
121874,agriculture
121877,agriculture
121888,agriculture
121892,agriculture
121935,agriculture
121938,agriculture
121954,agriculture
121991,agriculture
122080,agriculture
122445,agriculture
122447,agriculture
122449,agriculture
122452,agriculture
122470,agriculture
122472,agriculture
122487,agriculture
122491,agriculture
122495,agriculture
122500,agriculture
122505,agriculture
122507,agriculture
122510,agriculture
122531,agriculture
122534,agriculture
122544,agriculture
122545,agriculture
122546,agriculture
122550,agriculture
122552,agriculture
122554,agriculture
122586,agriculture
122593,agriculture
122596,agriculture
122598,agriculture
122602,agriculture
122612,agriculture
122630,agriculture
122634,agriculture
122641,agriculture
122644,agriculture
122658,agriculture
122661,agriculture
122664,agriculture
122668,agriculture
122673,agriculture
122680,agriculture
122693,agriculture
122695,agriculture
122702,agriculture
122717,agriculture
122720,agriculture
122722,agriculture
122726,agriculture
122728,agriculture
122729,agriculture
122735,agriculture
122737,agriculture
122742,agriculture
122748,agriculture
122788,agriculture
122789,ilegal_mining
122801,agriculture
122821,agriculture
122854,agriculture
122860,ilegal_mining
122861,agriculture
122874,agriculture
122881,agriculture
122897,ilegal_mining
122901,ilegal_mining
122912,agriculture
122913,agriculture
122945,agriculture
122963,ilegal_mining
122991,agriculture
122993,ilegal_mining
122997,agriculture
123011,ilegal_mining
123015,ilegal_mining
123017,agriculture
123029,ilegal_mining
123032,agriculture
123037,ilegal_mining
123057,ilegal_mining
123085,ilegal_mining
123102,ilegal_mining
123103,ilegal_mining
123104,agriculture
123108,ilegal_mining
123117,agriculture
123135,agriculture
123197,ilegal_mining
123202,agriculture
123212,ilegal_mining
123213,ilegal_mining
123216,agriculture
123249,agriculture
123250,agriculture
123261,agriculture
123265,agriculture
123268,agriculture
123270,ilegal_mining
123289,ilegal_mining
123294,ilegal_mining
123321,ilegal_mining
123344,ilegal_mining
123355,agriculture
123356,agriculture
123371,ilegal_mining
123376,agriculture
123394,agriculture
123421,agriculture
123427,agriculture
123768,agriculture
123776,agriculture
123777,agriculture
123787,agriculture
123800,agriculture
123808,agriculture
123813,ilegal_mining
123818,agriculture
123824,agriculture
123825,ilegal_mining
123842,agriculture
123854,ilegal_mining
123858,agriculture
123859,agriculture
123866,ilegal_mining
123867,ilegal_mining
123879,agriculture
123890,ilegal_mining
123893,agriculture
123911,agriculture
123915,agriculture
123916,ilegal_mining
123919,agriculture
123923,agriculture
123927,agriculture
123929,ilegal_mining
123930,agriculture
123931,agriculture
123935,agriculture
123936,agriculture
123938,agriculture
123939,agriculture
123942,agriculture
123943,agriculture
123944,agriculture
123954,agriculture
123957,agriculture
123959,agriculture
123966,ilegal_mining
123968,agriculture
123987,agriculture
123990,agriculture
123993,agriculture
123995,agriculture
123998,ilegal_mining
124003,agriculture
124006,ilegal_mining
124009,agriculture
124019,agriculture
124022,agriculture
124028,agriculture
124031,agriculture
124033,agriculture
124035,ilegal_mining
124038,ilegal_mining
124041,agriculture
124042,ilegal_mining
124049,agriculture
124050,agriculture
124051,agriculture
124053,agriculture
124059,agriculture
124060,agriculture
124063,agriculture
124065,agriculture
124066,ilegal_mining
124070,ilegal_mining
124071,agriculture
124076,agriculture
124078,agriculture
124081,agriculture
124084,agriculture
124085,agriculture
124089,agriculture
124096,agriculture
124098,agriculture
124102,agriculture
124103,ilegal_mining
124107,agriculture
124113,agriculture
124115,agriculture
124120,agriculture
124124,agriculture
124125,agriculture
124126,ilegal_mining
124131,agriculture
124132,agriculture
124133,agriculture
124134,ilegal_mining
124136,agriculture
124143,agriculture
124149,agriculture
124150,agriculture
124153,agriculture
124157,agriculture
124158,agriculture
124159,agriculture
124163,agriculture
124165,agriculture
124168,agriculture
124171,ilegal_mining
124172,agriculture
124173,ilegal_mining
124305,agriculture
124339,agriculture
124403,agriculture
124424,agriculture
124427,agriculture
124455,agriculture
124463,agriculture
124465,agriculture
124483,agriculture
124488,agriculture
124495,agriculture
124503,agriculture
124518,agriculture
124526,agriculture
124536,agriculture
124540,agriculture
124549,agriculture
124560,agriculture
124563,agriculture
124565,agriculture
124572,agriculture
124574,agriculture
124591,agriculture
124593,agriculture
124603,ilegal_mining
124617,agriculture
124660,agriculture
124661,agriculture
124675,agriculture
124678,agriculture
124680,ilegal_mining
124705,ilegal_mining
124708,ilegal_mining
124719,ilegal_mining
124724,agriculture
124741,agriculture
124760,ilegal_mining
124883,agriculture
124884,agriculture
124885,agriculture
124887,agriculture
124892,agriculture
124897,agriculture
124900,agriculture
124902,agriculture
124903,agriculture
124908,agriculture
124910,agriculture
124918,agriculture
124924,agriculture
124931,agriculture
124934,agriculture
124944,agriculture
124957,agriculture
124959,agriculture
124967,agriculture
124968,agriculture
124974,agriculture
124980,agriculture
124988,agriculture
124991,agriculture
124995,agriculture
125000,agriculture
125003,agriculture
125006,agriculture
125007,agriculture
125008,agriculture
125010,agriculture
125011,agriculture
125012,agriculture
125016,agriculture
125031,agriculture
125036,agriculture
125038,agriculture
125039,agriculture
125040,agriculture
125042,agriculture
125049,agriculture
125057,agriculture
125098,ilegal_mining
125103,ilegal_mining
125104,agriculture
125106,agriculture
125111,agriculture
125113,agriculture
125115,agriculture
125119,agriculture
125122,agriculture
125123,agriculture
125130,agriculture
125131,agriculture
125136,agriculture
125147,agriculture
125150,agriculture
125157,agriculture
125172,agriculture
125177,agriculture
125179,agriculture
125181,agriculture
125182,agriculture
125190,agriculture
125192,agriculture
125194,agriculture
125196,agriculture
125197,agriculture
125207,agriculture
125208,agriculture
125212,agriculture
125220,agriculture
125226,agriculture
125232,agriculture
125234,agriculture
125236,agriculture
125247,agriculture
125249,agriculture
125250,agriculture
125252,agriculture
125256,agriculture
125261,agriculture
125263,agriculture
125264,agriculture
125265,agriculture
125267,agriculture
125296,agriculture
125299,agriculture
125311,agriculture
125312,agriculture
125314,agriculture
125316,agriculture
125322,agriculture
125323,agriculture
125324,agriculture
125325,agriculture
125328,agriculture
125330,agriculture
125332,agriculture
125337,agriculture
125343,agriculture
125344,agriculture
125352,agriculture
125353,agriculture
125361,agriculture
125372,agriculture
125373,agriculture
125375,agriculture
125376,agriculture
125392,agriculture
125453,agriculture
125477,agriculture
125481,agriculture
125488,agriculture
125494,agriculture
125499,agriculture
125566,agriculture
125581,agriculture
125594,agriculture
125610,agriculture
125660,agriculture
125669,agriculture
125689,agriculture
125696,agriculture
125701,agriculture
125740,agriculture
125788,agriculture
125791,agriculture
125798,agriculture
125804,agriculture
125810,agriculture
125830,ilegal_mining
125831,ilegal_mining
125834,agriculture
125836,ilegal_mining
125837,ilegal_mining
125839,ilegal_mining
125840,ilegal_mining
125841,ilegal_mining
125842,ilegal_mining
125843,ilegal_mining
125844,ilegal_mining
125845,ilegal_mining
125846,ilegal_mining
125847,ilegal_mining
125848,ilegal_mining
125849,ilegal_mining
125850,ilegal_mining
125851,ilegal_mining
125852,ilegal_mining
125853,ilegal_mining
125855,ilegal_mining
125856,ilegal_mining
125857,ilegal_mining
125858,ilegal_mining
125859,ilegal_mining
125860,ilegal_mining
125861,ilegal_mining
125862,ilegal_mining
125863,ilegal_mining
125864,ilegal_mining
125865,ilegal_mining
125866,ilegal_mining
125867,ilegal_mining
125868,ilegal_mining
125869,ilegal_mining
125870,ilegal_mining
125871,ilegal_mining
125872,ilegal_mining
125873,ilegal_mining
125874,ilegal_mining
125889,ilegal_mining
125890,ilegal_mining
125893,ilegal_mining
125894,ilegal_mining
125895,ilegal_mining
125896,ilegal_mining
125897,ilegal_mining
125898,ilegal_mining
125899,ilegal_mining
125900,ilegal_mining
125901,ilegal_mining
125902,ilegal_mining
125903,ilegal_mining
125906,ilegal_mining
125907,ilegal_mining
125910,ilegal_mining
125911,ilegal_mining
125914,ilegal_mining
125916,ilegal_mining
125917,ilegal_mining
125921,ilegal_mining
125923,ilegal_mining
125924,ilegal_mining
125925,ilegal_mining
125926,ilegal_mining
125933,agriculture
125934,ilegal_mining
125940,ilegal_mining
125946,ilegal_mining
125950,ilegal_mining
125957,ilegal_mining
125961,ilegal_mining
125964,ilegal_mining
125970,ilegal_mining
125971,ilegal_mining
125977,ilegal_mining
125980,ilegal_mining
125983,ilegal_mining
125987,ilegal_mining
125989,ilegal_mining
125997,ilegal_mining
125999,ilegal_mining
126006,agriculture
126013,ilegal_mining
126015,ilegal_mining
126016,ilegal_mining
126017,ilegal_mining
126024,ilegal_mining
126027,ilegal_mining
126030,ilegal_mining
126031,ilegal_mining
126040,ilegal_mining
126045,ilegal_mining
126047,ilegal_mining
126053,ilegal_mining
126056,ilegal_mining
126057,ilegal_mining
126059,ilegal_mining
126061,ilegal_mining
126064,ilegal_mining
126067,ilegal_mining
126084,agriculture
126091,agriculture
126095,agriculture
126103,agriculture
126132,ilegal_mining
126133,agriculture
126135,ilegal_mining
126141,ilegal_mining
126146,ilegal_mining
126147,ilegal_mining
126148,ilegal_mining
126149,ilegal_mining
126151,ilegal_mining
126152,ilegal_mining
126154,ilegal_mining
126155,ilegal_mining
126156,ilegal_mining
126157,ilegal_mining
126158,ilegal_mining
126161,ilegal_mining
126164,ilegal_mining
126165,agriculture
126166,ilegal_mining
126167,ilegal_mining
126168,ilegal_mining
126169,ilegal_mining
126170,ilegal_mining
126171,ilegal_mining
126172,ilegal_mining
126173,ilegal_mining
126174,ilegal_mining
126175,ilegal_mining
126176,ilegal_mining
126177,ilegal_mining
126179,ilegal_mining
126180,ilegal_mining
126181,ilegal_mining
126182,ilegal_mining
126183,ilegal_mining
126184,ilegal_mining
126185,ilegal_mining
126186,ilegal_mining
126187,ilegal_mining
126191,ilegal_mining
126192,ilegal_mining
126194,ilegal_mining
126195,ilegal_mining
126196,ilegal_mining
126197,ilegal_mining
126198,ilegal_mining
126207,agriculture
126222,agriculture
126239,agriculture
126262,agriculture
126287,agriculture
126354,agriculture
126362,ilegal_mining
126374,ilegal_mining
126391,agriculture
126394,agriculture
126405,agriculture
126406,agriculture
126441,ilegal_mining
126447,ilegal_mining
126448,ilegal_mining
126451,ilegal_mining
126459,ilegal_mining
126461,agriculture
126472,ilegal_mining
126474,ilegal_mining
126476,ilegal_mining
126483,agriculture
126654,agriculture
126713,agriculture
126763,agriculture
126775,agriculture
126828,agriculture
126872,agriculture
126905,agriculture
126973,agriculture
126985,agriculture
127116,agriculture
127129,agriculture
127358,agriculture
127367,agriculture
127413,agriculture
127414,agriculture
127447,agriculture
127463,agriculture
127517,agriculture
127533,agriculture
127538,agriculture
127540,agriculture
127542,agriculture
127570,agriculture
127571,agriculture
127572,agriculture
127580,agriculture
127581,agriculture
127588,agriculture
127592,agriculture
127598,ilegal_mining
127601,agriculture
127602,ilegal_mining
127603,ilegal_mining
127604,agriculture
127622,agriculture
127624,agriculture
127625,agriculture
127636,agriculture
127646,ilegal_mining
127654,agriculture
127661,agriculture
127674,agriculture
127676,agriculture
127678,agriculture
127682,agriculture
127686,agriculture
127700,agriculture
127701,agriculture
127704,agriculture
127708,agriculture
127739,agriculture
127760,agriculture
127761,agriculture
127771,urban_expansion
127774,urban_expansion
127785,agriculture
127793,agriculture
127797,agriculture
127803,agriculture
127860,agriculture
127943,agriculture
127949,agriculture
128036,agriculture
128057,agriculture
128061,agriculture
128062,agriculture
128064,agriculture
128086,agriculture
128111,agriculture
128112,agriculture
128114,agriculture
128120,agriculture
128123,agriculture
128125,agriculture
128133,agriculture
128140,agriculture
128142,agriculture
128145,agriculture
128147,agriculture
128149,agriculture
128155,agriculture
128156,agriculture
128164,agriculture
128168,agriculture
128170,agriculture
128173,agriculture
128181,agriculture
128186,agriculture
128189,agriculture
128195,agriculture
128197,agriculture
128198,agriculture
128203,agriculture
128204,agriculture
128208,agriculture
128211,agriculture
128213,agriculture
128219,agriculture
128220,agriculture
128223,agriculture
128227,agriculture
128228,agriculture
128236,agriculture
128237,agriculture
128238,agriculture
128242,agriculture
128248,agriculture
128249,ilegal_mining
128251,agriculture
128252,agriculture
128261,agriculture
128262,agriculture
128274,agriculture
128286,agriculture
128287,agriculture
128288,agriculture
128294,ilegal_mining
128296,agriculture
128297,agriculture
128300,agriculture
128303,agriculture
128304,agriculture
128324,agriculture
128345,agriculture
128356,agriculture
128357,ilegal_mining
128386,agriculture
128537,agriculture
128548,agriculture
128564,agriculture
128585,agriculture
128605,ilegal_mining
128651,agriculture
128660,agriculture
128664,ilegal_mining
128756,agriculture
128770,agriculture
128777,ilegal_mining
128780,ilegal_mining
128781,ilegal_mining
128783,ilegal_mining
128835,agriculture
128845,agriculture
128851,agriculture
128875,ilegal_mining
128883,agriculture
129086,agriculture
129129,agriculture
129134,ilegal_mining
129136,ilegal_mining
129139,ilegal_mining
129140,ilegal_mining
129141,ilegal_mining
129142,ilegal_mining
129159,agriculture
129172,ilegal_mining
129175,agriculture
129182,agriculture
129191,ilegal_mining
129192,ilegal_mining
129200,ilegal_mining
129207,ilegal_mining
129210,ilegal_mining
129222,agriculture
129246,agriculture
129252,ilegal_mining
129257,agriculture
129279,agriculture
129297,agriculture
129298,agriculture
129325,agriculture
129351,agriculture
129353,agriculture
129354,agriculture
129355,agriculture
129362,agriculture
129365,agriculture
129368,agriculture
129402,agriculture
129449,agriculture
129450,ilegal_mining
129456,agriculture
129461,agriculture
129464,agriculture
129489,ilegal_mining
129490,ilegal_mining
129507,agriculture
129513,ilegal_mining
129517,agriculture
129526,agriculture
129535,ilegal_mining
129537,ilegal_mining
129551,ilegal_mining
129553,ilegal_mining
129554,ilegal_mining
129558,ilegal_mining
129562,ilegal_mining
129569,agriculture
129573,ilegal_mining
129575,agriculture
129580,ilegal_mining
129584,ilegal_mining
129638,agriculture
129651,agriculture
129653,agriculture
129694,agriculture
129705,agriculture
129722,agriculture
129724,ilegal_mining
129733,ilegal_mining
129737,agriculture
129769,agriculture
129821,agriculture
129840,ilegal_mining
129843,agriculture
129847,ilegal_mining
129855,agriculture
129857,agriculture
129876,agriculture
129910,agriculture
129926,agriculture
129933,agriculture
129941,ilegal_mining
129955,agriculture
129968,agriculture
129981,agriculture
129997,agriculture
130073,ilegal_mining
130074,ilegal_mining
130075,ilegal_mining
130076,ilegal_mining
130077,ilegal_mining
130078,ilegal_mining
130079,ilegal_mining
130087,ilegal_mining
130091,ilegal_mining
130092,ilegal_mining
130093,ilegal_mining
130094,ilegal_mining
130130,ilegal_mining
130132,ilegal_mining
130134,ilegal_mining
130136,ilegal_mining
130137,ilegal_mining
130138,ilegal_mining
130142,ilegal_mining
130143,ilegal_mining
130146,ilegal_mining
130147,ilegal_mining
130149,ilegal_mining
130150,ilegal_mining
130151,ilegal_mining
130153,ilegal_mining
130154,ilegal_mining
130156,ilegal_mining
130157,agriculture
130158,ilegal_mining
130162,ilegal_mining
130170,ilegal_mining
130171,ilegal_mining
130175,ilegal_mining
130176,ilegal_mining
130179,ilegal_mining
130180,ilegal_mining
130182,ilegal_mining
130183,ilegal_mining
130184,ilegal_mining
130185,ilegal_mining
141687,agriculture
142462,agriculture
142479,ilegal_mining
142485,ilegal_mining
142502,ilegal_mining
142512,ilegal_mining
142560,agriculture
142604,agriculture
142948,agriculture
142996,agriculture
143040,agriculture
143099,agriculture
143188,ilegal_mining
143308,agriculture
143312,agriculture
144430,agriculture
144452,agriculture
146261,agriculture
147569,agriculture
147582,ilegal_mining
147599,agriculture
147719,ilegal_mining
147787,ilegal_mining
147825,agriculture
147838,ilegal_mining
147853,ilegal_mining
148034,agriculture
148149,ilegal_mining
148153,ilegal_mining
148154,ilegal_mining
148155,ilegal_mining
148156,ilegal_mining
148158,ilegal_mining
148159,ilegal_mining
148161,ilegal_mining
148162,ilegal_mining
148172,agriculture
148178,agriculture
148219,ilegal_mining
148225,ilegal_mining
148226,ilegal_mining
148229,ilegal_mining
148231,ilegal_mining
148233,ilegal_mining
148238,ilegal_mining
148243,ilegal_mining
148249,ilegal_mining
148250,ilegal_mining
148257,ilegal_mining
148261,ilegal_mining
149088,agriculture
149137,agriculture
149138,agriculture
149214,agriculture
149309,agriculture
149323,agriculture
149325,agriculture
149335,agriculture
149360,agriculture
149384,agriculture
149464,agriculture
149477,agriculture
149683,agriculture
149748,agriculture
150240,agriculture
150789,agriculture
150857,ilegal_mining
150885,ilegal_mining
151175,agriculture
151215,ilegal_mining
151217,ilegal_mining
151236,agriculture
151262,ilegal_mining
151347,agriculture
151395,ilegal_mining
151400,agriculture
151503,ilegal_mining
151574,agriculture
151590,agriculture
151636,agriculture
151649,agriculture
151655,ilegal_mining
151670,agriculture
151774,ilegal_mining
151786,ilegal_mining
151801,agriculture
151813,agriculture
151887,agriculture
151890,agriculture
151901,agriculture
151954,agriculture
151992,agriculture
151994,agriculture
152009,agriculture
152015,agriculture
152041,agriculture
152054,agriculture
152080,agriculture
152105,agriculture
152152,ilegal_mining
152159,ilegal_mining
152160,ilegal_mining
152164,agriculture
152168,ilegal_mining
152207,ilegal_mining
152214,agriculture
152218,ilegal_mining
152240,ilegal_mining
152241,ilegal_mining
152242,ilegal_mining
152269,ilegal_mining
152278,ilegal_mining
152282,ilegal_mining
152325,ilegal_mining
152326,ilegal_mining
152337,ilegal_mining
152343,ilegal_mining
152345,ilegal_mining
152349,ilegal_mining
152351,ilegal_mining
152353,ilegal_mining
152356,ilegal_mining
152358,ilegal_mining
152361,ilegal_mining
152363,ilegal_mining
152366,ilegal_mining
152368,ilegal_mining
152369,ilegal_mining
152370,ilegal_mining
152371,ilegal_mining
152374,ilegal_mining
152376,ilegal_mining
152377,ilegal_mining
152379,ilegal_mining
152381,ilegal_mining
152382,ilegal_mining
152384,ilegal_mining
152392,ilegal_mining
152397,ilegal_mining
152408,ilegal_mining
152410,ilegal_mining
152411,ilegal_mining
152417,ilegal_mining
152428,ilegal_mining
152435,ilegal_mining
152483,agriculture
152487,agriculture
152488,agriculture
152506,agriculture
152512,agriculture
152525,ilegal_mining
152546,agriculture
152560,ilegal_mining
152561,ilegal_mining
152586,ilegal_mining
152588,ilegal_mining
152591,ilegal_mining
152594,ilegal_mining
152597,ilegal_mining
152598,ilegal_mining
152601,ilegal_mining
152606,agriculture
152609,ilegal_mining
152610,ilegal_mining
152614,ilegal_mining
152620,ilegal_mining
152621,ilegal_mining
152622,ilegal_mining
152623,ilegal_mining
152626,ilegal_mining
152628,ilegal_mining
152629,ilegal_mining
152630,ilegal_mining
152639,agriculture
152642,ilegal_mining
152643,ilegal_mining
152645,ilegal_mining
152646,ilegal_mining
152650,ilegal_mining
152651,ilegal_mining
152652,ilegal_mining
152661,ilegal_mining
152663,ilegal_mining
152680,agriculture
152739,ilegal_mining
152745,ilegal_mining
152748,ilegal_mining
152756,ilegal_mining
152757,ilegal_mining
152759,ilegal_mining
152760,ilegal_mining
152768,ilegal_mining
152780,ilegal_mining
152781,ilegal_mining
152783,ilegal_mining
152789,ilegal_mining
152795,ilegal_mining
152796,ilegal_mining
152798,ilegal_mining
152800,ilegal_mining
152804,ilegal_mining
152806,ilegal_mining
152810,ilegal_mining
152811,ilegal_mining
152814,ilegal_mining
152819,ilegal_mining
152824,ilegal_mining
152826,ilegal_mining
152837,ilegal_mining
152841,ilegal_mining
152843,ilegal_mining
152884,ilegal_mining
152900,ilegal_mining
152917,ilegal_mining
152931,agriculture
152934,ilegal_mining
152935,ilegal_mining
152936,ilegal_mining
152940,ilegal_mining
152942,ilegal_mining
152944,ilegal_mining
152945,ilegal_mining
152952,ilegal_mining
152954,ilegal_mining
152956,ilegal_mining
152962,ilegal_mining
152965,ilegal_mining
152970,ilegal_mining
152976,ilegal_mining
152983,ilegal_mining
152995,ilegal_mining
153002,ilegal_mining
153004,ilegal_mining
153006,ilegal_mining
153010,ilegal_mining
153016,ilegal_mining
153058,ilegal_mining
153059,ilegal_mining
153088,ilegal_mining
153089,ilegal_mining
153093,ilegal_mining
153098,ilegal_mining
153099,ilegal_mining
153104,ilegal_mining
153106,ilegal_mining
153109,ilegal_mining
153111,ilegal_mining
153112,ilegal_mining
153114,ilegal_mining
153118,ilegal_mining
153119,ilegal_mining
153122,ilegal_mining
153123,ilegal_mining
153127,ilegal_mining
153129,ilegal_mining
153131,ilegal_mining
153132,ilegal_mining
153136,ilegal_mining
153137,ilegal_mining
153138,ilegal_mining
153141,ilegal_mining
153143,ilegal_mining
153145,ilegal_mining
153154,ilegal_mining
153163,ilegal_mining
153170,ilegal_mining
153174,ilegal_mining
153176,agriculture
153201,agriculture
153209,agriculture
153308,agriculture
153310,agriculture
153314,agriculture
153315,agriculture
153370,agriculture
153387,agriculture
153422,agriculture
153429,agriculture
153442,agriculture
153460,ilegal_mining
153461,ilegal_mining
153463,ilegal_mining
153465,ilegal_mining
153496,ilegal_mining
153502,agriculture
153504,ilegal_mining
153506,ilegal_mining
153604,agriculture
153612,agriculture
153623,agriculture
153641,agriculture
153699,agriculture
153798,agriculture
153862,agriculture
153866,agriculture
153873,agriculture
153877,ilegal_mining
153878,agriculture
153881,agriculture
153883,agriculture
153884,agriculture
153893,ilegal_mining
153894,ilegal_mining
153895,ilegal_mining
153906,agriculture
153907,agriculture
153908,agriculture
153913,agriculture
153946,agriculture
153952,agriculture
153954,agriculture
153959,agriculture
153974,agriculture
154018,agriculture
154086,agriculture
154093,agriculture
154099,agriculture
154101,agriculture
154127,ilegal_mining
154146,agriculture
154150,agriculture
154157,ilegal_mining
154182,agriculture
154183,agriculture
154190,agriculture
154241,agriculture
154290,ilegal_mining
154302,agriculture
154307,ilegal_mining
154309,ilegal_mining
154311,ilegal_mining
154316,agriculture
154328,agriculture
154372,agriculture
154373,agriculture
154432,ilegal_mining
154649,agriculture
154663,agriculture
154704,agriculture
154726,agriculture
154739,agriculture
154751,agriculture
154989,agriculture
155048,agriculture
155247,agriculture
155279,agriculture
155280,agriculture
155321,agriculture
155323,agriculture
155324,agriculture
155326,agriculture
155331,agriculture
155333,agriculture
155338,agriculture
155344,agriculture
155350,agriculture
155362,agriculture
155364,agriculture
155365,agriculture
155375,agriculture
155384,agriculture
155385,agriculture
155386,agriculture
155388,agriculture
155389,agriculture
155393,agriculture
155396,agriculture
155397,agriculture
155398,agriculture
155402,agriculture
155404,agriculture
155413,agriculture
155417,agriculture
155419,agriculture
155421,agriculture
155422,agriculture
155430,agriculture
155431,agriculture
155432,agriculture
155433,agriculture
155438,agriculture
155443,agriculture
155444,agriculture
155445,agriculture
155447,agriculture
155453,agriculture
155464,agriculture
155471,agriculture
155478,agriculture
155479,agriculture
155486,agriculture
155567,agriculture
155572,agriculture
155579,agriculture
155615,ilegal_mining
155629,agriculture
155633,ilegal_mining
155634,ilegal_mining
155639,agriculture
155659,agriculture
155661,agriculture
155670,agriculture
155682,agriculture
155683,agriculture
155689,agriculture
155695,agriculture
155698,agriculture
155699,agriculture
155708,agriculture
155724,agriculture
155767,agriculture
155770,agriculture
155779,agriculture
155826,agriculture
155841,agriculture
155860,agriculture
155864,agriculture
155887,agriculture
155892,agriculture
155934,agriculture
155955,agriculture
156030,agriculture
156031,agriculture
156037,agriculture
156042,agriculture
156097,agriculture
156134,agriculture
156139,agriculture
156204,agriculture
156269,agriculture
156274,agriculture
156307,agriculture
156360,agriculture
156425,ilegal_mining
156426,ilegal_mining
156432,agriculture
156445,ilegal_mining
156449,ilegal_mining
156502,agriculture
156508,ilegal_mining
156537,ilegal_mining
156664,ilegal_mining
156672,ilegal_mining
156844,agriculture
156849,agriculture
156875,ilegal_mining
156884,agriculture
156974,agriculture
156992,agriculture
156998,agriculture
157053,agriculture
157064,ilegal_mining
157104,agriculture
157125,agriculture
157156,agriculture
157194,agriculture
157249,agriculture
157266,agriculture
157291,agriculture
157391,agriculture
157401,agriculture
157429,agriculture
157432,agriculture
157545,agriculture
157554,agriculture
157567,agriculture
157578,agriculture
157661,agriculture
157708,agriculture
157754,agriculture
157770,agriculture
157779,ilegal_mining
157791,agriculture
157812,agriculture
157849,agriculture
157853,agriculture
157854,ilegal_mining
157861,ilegal_mining
157863,ilegal_mining
157864,ilegal_mining
157865,ilegal_mining
157872,ilegal_mining
157884,agriculture
157894,ilegal_mining
157897,agriculture
157913,agriculture
157920,agriculture
157934,agriculture
157949,agriculture
158000,agriculture
158049,ilegal_mining
158056,ilegal_mining
158074,agriculture
158081,agriculture
158097,agriculture
158164,agriculture
158183,agriculture
158187,agriculture
158207,agriculture
158224,agriculture
158262,agriculture
158266,agriculture
158302,agriculture
158315,agriculture
158321,agriculture
158375,agriculture
158504,agriculture
158549,agriculture
158551,agriculture
158559,agriculture
158577,agriculture
158581,agriculture
158588,agriculture
158589,agriculture
158595,agriculture
158617,agriculture
158633,ilegal_mining
158634,ilegal_mining
158635,ilegal_mining
158636,ilegal_mining
158657,agriculture
158661,agriculture
158663,agriculture
158677,agriculture
158681,ilegal_mining
158683,ilegal_mining
158684,ilegal_mining
158686,ilegal_mining
158687,ilegal_mining
158688,agriculture
158691,agriculture
158692,ilegal_mining
158693,ilegal_mining
158736,agriculture
158745,ilegal_mining
158748,ilegal_mining
158749,agriculture
158751,ilegal_mining
158812,agriculture
158833,agriculture
158872,agriculture
158926,agriculture
158969,agriculture
158971,agriculture
158999,agriculture
159054,agriculture
159083,ilegal_mining
159092,ilegal_mining
159096,agriculture
159100,ilegal_mining
159108,ilegal_mining
159109,ilegal_mining
159116,agriculture
159134,ilegal_mining
159171,agriculture
159173,agriculture
159178,agriculture
159194,agriculture
159197,agriculture
159198,agriculture
159224,agriculture
159284,agriculture
159323,ilegal_mining
159324,agriculture
159328,agriculture
159332,agriculture
159363,agriculture
159365,agriculture
159370,agriculture
159398,agriculture
159399,agriculture
159404,agriculture
159407,agriculture
159429,agriculture
159433,agriculture
159466,agriculture
159518,agriculture
159523,agriculture
159595,agriculture
159691,agriculture
159695,agriculture
159766,agriculture
159790,agriculture
159872,ilegal_mining
159873,ilegal_mining
159874,ilegal_mining
159878,ilegal_mining
159952,agriculture
159999,agriculture
160003,agriculture
160004,ilegal_mining
160005,ilegal_mining
160009,ilegal_mining
160018,agriculture
160020,agriculture
160029,agriculture
160034,ilegal_mining
160050,agriculture
160056,agriculture
160113,agriculture
160180,agriculture
160193,agriculture
160198,agriculture
160200,agriculture
160299,agriculture
160312,agriculture
160317,agriculture
160320,agriculture
160335,agriculture
160366,agriculture
160425,ilegal_mining
160427,ilegal_mining
160451,ilegal_mining
160452,ilegal_mining
160453,ilegal_mining
160454,ilegal_mining
160455,ilegal_mining
160456,ilegal_mining
160457,ilegal_mining
160458,agriculture
160465,ilegal_mining
160466,ilegal_mining
160467,ilegal_mining
160472,ilegal_mining
160475,ilegal_mining
160476,ilegal_mining
160477,ilegal_mining
160478,ilegal_mining
160479,ilegal_mining
160480,ilegal_mining
160481,ilegal_mining
160482,ilegal_mining
160484,ilegal_mining
160485,ilegal_mining
160486,agriculture
160507,ilegal_mining
160508,ilegal_mining
160511,ilegal_mining
160518,ilegal_mining
160520,ilegal_mining
160524,ilegal_mining
160525,ilegal_mining
160529,ilegal_mining
160533,ilegal_mining
160535,ilegal_mining
160536,ilegal_mining
160537,ilegal_mining
160539,ilegal_mining
160540,ilegal_mining
160541,ilegal_mining
160543,ilegal_mining
160544,ilegal_mining
160546,ilegal_mining
160547,ilegal_mining
160548,ilegal_mining
160549,ilegal_mining
160550,ilegal_mining
160554,agriculture
160560,ilegal_mining
160570,ilegal_mining
160571,ilegal_mining
160572,ilegal_mining
160573,ilegal_mining
160578,agriculture
160581,agriculture
160603,ilegal_mining
160604,ilegal_mining
160610,ilegal_mining
160611,ilegal_mining
160612,ilegal_mining
160614,agriculture
160616,ilegal_mining
160617,ilegal_mining
160618,ilegal_mining
160619,ilegal_mining
160620,ilegal_mining
160621,ilegal_mining
160624,ilegal_mining
160627,ilegal_mining
160628,ilegal_mining
160657,agriculture
160685,agriculture
160703,agriculture
160707,agriculture
160709,agriculture
160710,agriculture
160772,agriculture
160782,ilegal_mining
160789,agriculture
160804,ilegal_mining
160816,agriculture
160817,ilegal_mining
160864,agriculture
160910,agriculture
160921,agriculture
160941,agriculture
160960,agriculture
160985,agriculture
160997,agriculture
161050,agriculture
161363,agriculture
161370,agriculture
161372,agriculture
161378,ilegal_mining
161389,agriculture
161398,ilegal_mining
161451,agriculture
161486,ilegal_mining
161488,ilegal_mining
161493,ilegal_mining
161497,ilegal_mining
161498,ilegal_mining
161502,ilegal_mining
161505,agriculture
161514,ilegal_mining
161517,ilegal_mining
161523,agriculture
161525,ilegal_mining
161526,ilegal_mining
161528,ilegal_mining
161530,ilegal_mining
161538,agriculture
161539,ilegal_mining
161548,ilegal_mining
161555,ilegal_mining
161562,agriculture
161570,ilegal_mining
161575,ilegal_mining
161581,agriculture
161583,ilegal_mining
161588,agriculture
161589,ilegal_mining
161595,ilegal_mining
161598,agriculture
161608,ilegal_mining
161610,ilegal_mining
161613,ilegal_mining
161619,ilegal_mining
161621,ilegal_mining
161628,agriculture
161789,agriculture
162451,agriculture
162541,agriculture
162562,agriculture
162681,agriculture
162689,agriculture
162786,agriculture
162945,agriculture
163030,agriculture
163037,agriculture
163068,agriculture
163081,agriculture
163109,agriculture
163135,agriculture
163140,agriculture
163143,ilegal_mining
163146,agriculture
163147,agriculture
163156,ilegal_mining
163173,agriculture
163191,agriculture
163192,agriculture
163194,ilegal_mining
163196,ilegal_mining
163199,ilegal_mining
163221,ilegal_mining
163222,ilegal_mining
163237,agriculture
163241,agriculture
163243,agriculture
163251,agriculture
163253,ilegal_mining
163257,ilegal_mining
163258,ilegal_mining
163265,ilegal_mining
163269,ilegal_mining
163271,agriculture
163287,ilegal_mining
163289,agriculture
163290,ilegal_mining
163293,agriculture
163314,agriculture
163320,agriculture
163328,agriculture
163362,agriculture
163369,agriculture
163375,ilegal_mining
163377,ilegal_mining
163380,agriculture
163574,ilegal_mining
163576,ilegal_mining
163577,ilegal_mining
163592,agriculture
163619,ilegal_mining
163622,ilegal_mining
163623,agriculture
163641,agriculture
163647,agriculture
163655,agriculture
163662,agriculture
163668,ilegal_mining
163669,agriculture
163675,agriculture
163682,agriculture
163689,agriculture
163697,ilegal_mining
163705,ilegal_mining
163707,agriculture
163709,agriculture
163711,agriculture
163732,ilegal_mining
163733,ilegal_mining
163740,ilegal_mining
163742,ilegal_mining
163792,agriculture
163796,agriculture
163856,agriculture
163890,agriculture
163917,agriculture
163938,agriculture
163958,agriculture
164049,agriculture
164212,agriculture
164217,agriculture
164227,agriculture
164235,agriculture
164240,agriculture
164250,agriculture
164260,agriculture
164265,agriculture
164268,agriculture
164271,agriculture
164275,agriculture
164280,agriculture
164305,agriculture
164320,agriculture
164322,agriculture
164331,agriculture
164334,agriculture
164340,agriculture
164361,agriculture
164406,agriculture
164413,agriculture
164491,agriculture
164505,agriculture
164519,agriculture
164525,agriculture
164531,agriculture
164597,agriculture
164623,agriculture
164629,agriculture
164631,agriculture
164632,agriculture
164633,agriculture
164644,agriculture
164656,agriculture
164692,agriculture
164696,agriculture
164697,agriculture
164707,agriculture
164725,agriculture
164727,agriculture
164735,agriculture
164765,agriculture
164785,agriculture
164786,agriculture
164787,agriculture
164799,agriculture
164818,agriculture
164836,agriculture
164882,agriculture
164913,agriculture
164946,agriculture
164964,agriculture
164970,agriculture
164991,agriculture
165002,agriculture
165025,agriculture
165046,agriculture
165061,agriculture
165063,agriculture
165065,agriculture
165077,agriculture
165082,agriculture
165095,agriculture
165149,agriculture
165224,agriculture
165234,agriculture
165242,agriculture
165313,ilegal_mining
165350,ilegal_mining
165356,ilegal_mining
165358,ilegal_mining
165359,ilegal_mining
165360,ilegal_mining
165362,ilegal_mining
165365,ilegal_mining
165370,ilegal_mining
165372,ilegal_mining
165375,ilegal_mining
165377,ilegal_mining
165379,ilegal_mining
165382,ilegal_mining
165383,ilegal_mining
165387,ilegal_mining
165390,ilegal_mining
165398,ilegal_mining
165407,ilegal_mining
165408,ilegal_mining
165410,ilegal_mining
165413,ilegal_mining
165418,ilegal_mining
165421,ilegal_mining
165427,ilegal_mining
165429,ilegal_mining
165431,ilegal_mining
165440,agriculture
165441,ilegal_mining
165442,ilegal_mining
165443,ilegal_mining
165451,ilegal_mining
165459,ilegal_mining
165462,ilegal_mining
165466,ilegal_mining
165469,ilegal_mining
165476,ilegal_mining
165480,ilegal_mining
165484,ilegal_mining
165486,ilegal_mining
165487,ilegal_mining
165490,ilegal_mining
165496,ilegal_mining
165501,ilegal_mining
165509,agriculture
165525,agriculture
165526,ilegal_mining
165544,ilegal_mining
165555,ilegal_mining
165573,agriculture
165588,agriculture
165597,agriculture
165600,agriculture
165634,agriculture
165644,agriculture
165656,agriculture
165662,ilegal_mining
165663,ilegal_mining
165665,ilegal_mining
165669,ilegal_mining
165670,ilegal_mining
165671,ilegal_mining
165673,ilegal_mining
165676,ilegal_mining
165682,ilegal_mining
165683,ilegal_mining
165686,ilegal_mining
165687,ilegal_mining
165688,ilegal_mining
165690,ilegal_mining
165694,ilegal_mining
165695,ilegal_mining
165698,ilegal_mining
165699,ilegal_mining
165703,ilegal_mining
165708,ilegal_mining
165710,agriculture
165714,ilegal_mining
165719,ilegal_mining
165724,ilegal_mining
165725,ilegal_mining
165726,ilegal_mining
165727,ilegal_mining
165735,ilegal_mining
165736,agriculture
165741,ilegal_mining
165742,ilegal_mining
165746,ilegal_mining
165747,ilegal_mining
165752,ilegal_mining
165754,ilegal_mining
165756,ilegal_mining
165759,ilegal_mining
165762,ilegal_mining
165766,ilegal_mining
165769,ilegal_mining
165770,ilegal_mining
165775,ilegal_mining
165779,ilegal_mining
165781,ilegal_mining
165782,ilegal_mining
165786,ilegal_mining
165787,ilegal_mining
165790,ilegal_mining
165792,ilegal_mining
165794,ilegal_mining
165799,ilegal_mining
165800,ilegal_mining
165801,ilegal_mining
165810,ilegal_mining
165818,ilegal_mining
165825,agriculture
165836,agriculture
165866,ilegal_mining
165878,ilegal_mining
165879,ilegal_mining
165880,ilegal_mining
165881,ilegal_mining
165882,ilegal_mining
165885,ilegal_mining
165891,ilegal_mining
165892,ilegal_mining
165895,ilegal_mining
165904,ilegal_mining
165911,ilegal_mining
165912,ilegal_mining
165919,ilegal_mining
165922,ilegal_mining
165924,ilegal_mining
165927,ilegal_mining
165928,ilegal_mining
165930,ilegal_mining
165938,agriculture
165943,ilegal_mining
165945,ilegal_mining
165950,ilegal_mining
165967,agriculture
165983,ilegal_mining
165991,ilegal_mining
165997,ilegal_mining
166005,ilegal_mining
166019,ilegal_mining
166028,ilegal_mining
166029,ilegal_mining
166044,ilegal_mining
166045,ilegal_mining
166053,ilegal_mining
166054,ilegal_mining
166057,ilegal_mining
166066,ilegal_mining
166071,ilegal_mining
166079,agriculture
166106,agriculture
166124,agriculture
166152,agriculture
166186,agriculture
166208,agriculture
166209,agriculture
166210,agriculture
166232,ilegal_mining
166233,ilegal_mining
166238,ilegal_mining
166241,ilegal_mining
166242,ilegal_mining
166243,ilegal_mining
166246,ilegal_mining
166248,ilegal_mining
166251,ilegal_mining
166253,ilegal_mining
166258,ilegal_mining
166261,ilegal_mining
166265,ilegal_mining
166267,ilegal_mining
166270,ilegal_mining
166272,ilegal_mining
166274,ilegal_mining
166283,ilegal_mining
166286,ilegal_mining
166287,ilegal_mining
166291,agriculture
166293,ilegal_mining
166294,ilegal_mining
166296,ilegal_mining
166302,ilegal_mining
166306,ilegal_mining
166309,ilegal_mining
166310,ilegal_mining
166317,ilegal_mining
166318,ilegal_mining
166320,ilegal_mining
166321,ilegal_mining
166322,ilegal_mining
166326,ilegal_mining
166327,ilegal_mining
166333,ilegal_mining
166334,ilegal_mining
166335,ilegal_mining
166337,ilegal_mining
166346,ilegal_mining
166353,ilegal_mining
166354,ilegal_mining
166358,ilegal_mining
166360,ilegal_mining
166366,ilegal_mining
166367,ilegal_mining
166371,ilegal_mining
166374,ilegal_mining
166391,ilegal_mining
166398,ilegal_mining
166406,ilegal_mining
166411,ilegal_mining
166416,ilegal_mining
166421,ilegal_mining
166423,ilegal_mining
166430,ilegal_mining
166431,ilegal_mining
166441,ilegal_mining
166444,ilegal_mining
166445,ilegal_mining
166455,ilegal_mining
166456,ilegal_mining
166459,ilegal_mining
166464,ilegal_mining
166465,ilegal_mining
166466,ilegal_mining
166473,ilegal_mining
166475,ilegal_mining
166483,ilegal_mining
166484,ilegal_mining
166486,ilegal_mining
166488,ilegal_mining
166489,ilegal_mining
166491,ilegal_mining
166492,ilegal_mining
166493,ilegal_mining
166501,ilegal_mining
166504,ilegal_mining
166507,ilegal_mining
166511,ilegal_mining
166513,ilegal_mining
166528,ilegal_mining
166529,ilegal_mining
166536,ilegal_mining
166538,ilegal_mining
166543,ilegal_mining
166546,ilegal_mining
166547,ilegal_mining
166548,ilegal_mining
166555,ilegal_mining
166557,ilegal_mining
166565,ilegal_mining
166566,ilegal_mining
167216,agriculture
167587,agriculture
167698,agriculture
170543,ilegal_mining
170550,ilegal_mining
170628,agriculture
170736,agriculture
170739,agriculture
170853,agriculture
170866,agriculture
170870,agriculture
170913,agriculture
170957,agriculture
170985,agriculture
170989,agriculture
171018,agriculture
171037,agriculture
171049,agriculture
171057,ilegal_mining
171059,ilegal_mining
171061,ilegal_mining
171078,ilegal_mining
171129,agriculture
171135,agriculture
171137,ilegal_mining
171146,agriculture
171152,agriculture
171156,agriculture
171165,agriculture
171181,agriculture
171183,agriculture
171192,agriculture
171204,ilegal_mining
171214,agriculture
171228,ilegal_mining
171245,agriculture
171253,agriculture
171278,agriculture
171300,agriculture
171314,agriculture
171355,ilegal_mining
171360,agriculture
171392,agriculture
171408,agriculture
171427,agriculture
171428,agriculture
171452,agriculture
171460,agriculture
171472,agriculture
171508,agriculture
171561,agriculture
171578,agriculture
171617,agriculture
171621,ilegal_mining
171626,ilegal_mining
171632,ilegal_mining
171651,agriculture
171655,agriculture
171657,agriculture
171667,agriculture
171669,agriculture
171684,agriculture
171693,agriculture
171698,agriculture
171704,agriculture
171706,agriculture
171729,agriculture
171741,agriculture
171759,agriculture
171770,agriculture
171789,agriculture
171800,agriculture
171830,agriculture
171849,agriculture
171877,agriculture
171891,agriculture
171900,agriculture
171913,agriculture
171950,agriculture
171995,agriculture
171998,agriculture
172010,agriculture
172030,agriculture
172043,agriculture
172057,agriculture
172059,agriculture
172063,agriculture
172066,agriculture
172106,agriculture
172107,agriculture
172120,agriculture
172170,agriculture
172172,agriculture
172232,agriculture
172277,agriculture
172360,agriculture
172587,agriculture
172652,ilegal_mining
172653,agriculture
172679,agriculture
172680,agriculture
172687,agriculture
172690,agriculture
172694,agriculture
172729,ilegal_mining
172742,agriculture
172761,agriculture
172777,agriculture
172792,ilegal_mining
172800,agriculture
172812,agriculture
172817,agriculture
172822,ilegal_mining
172823,ilegal_mining
172825,agriculture
172845,agriculture
172853,ilegal_mining
172854,ilegal_mining
172855,ilegal_mining
172856,ilegal_mining
172862,ilegal_mining
172893,agriculture
173057,ilegal_mining
173074,ilegal_mining
173085,agriculture
173087,agriculture
173230,agriculture
173259,agriculture
173451,agriculture
173529,agriculture
173537,agriculture
173605,agriculture
173655,agriculture
173669,agriculture
173700,agriculture
173743,agriculture
173835,agriculture
173843,agriculture
173849,agriculture
173854,agriculture
173862,agriculture
173865,agriculture
173867,agriculture
173870,agriculture
173871,agriculture
173873,agriculture
173874,agriculture
173875,agriculture
173878,agriculture
173880,agriculture
173885,agriculture
173886,agriculture
173889,agriculture
173892,agriculture
173894,agriculture
173931,agriculture
173933,agriculture
173972,ilegal_mining
173974,ilegal_mining
173975,ilegal_mining
173980,ilegal_mining
173981,ilegal_mining
173986,ilegal_mining
173987,ilegal_mining
173989,ilegal_mining
173995,ilegal_mining
173998,ilegal_mining
174002,agriculture
174007,ilegal_mining
174011,ilegal_mining
174013,ilegal_mining
174015,ilegal_mining
174020,ilegal_mining
174022,ilegal_mining
174125,agriculture
174134,agriculture
174135,agriculture
174140,agriculture
174146,agriculture
174172,agriculture
174181,ilegal_mining
174182,ilegal_mining
174185,agriculture
174204,agriculture
174208,ilegal_mining
174217,agriculture
174224,ilegal_mining
174226,ilegal_mining
174230,ilegal_mining
174232,ilegal_mining
174233,ilegal_mining
174240,agriculture
174243,ilegal_mining
174244,ilegal_mining
174245,ilegal_mining
174250,ilegal_mining
174253,ilegal_mining
174255,ilegal_mining
174258,ilegal_mining
174259,ilegal_mining
174260,ilegal_mining
174262,ilegal_mining
174263,ilegal_mining
174264,ilegal_mining
174267,ilegal_mining
174268,ilegal_mining
174279,agriculture
174286,ilegal_mining
174288,ilegal_mining
174289,ilegal_mining
174294,ilegal_mining
174295,ilegal_mining
174301,ilegal_mining
174303,ilegal_mining
174305,ilegal_mining
174306,ilegal_mining
174307,ilegal_mining
174309,ilegal_mining
174311,agriculture
174329,agriculture
174346,agriculture
174407,agriculture
174411,ilegal_mining
174438,agriculture
174439,agriculture
174449,agriculture
174461,agriculture
174487,agriculture
174493,agriculture
174526,agriculture
174529,ilegal_mining
174533,agriculture
174546,agriculture
174597,ilegal_mining
174598,agriculture
174603,agriculture
174622,agriculture
174669,agriculture
174733,agriculture
174770,agriculture
174788,agriculture
174803,agriculture
174844,agriculture
174868,agriculture
174888,agriculture
174898,agriculture
174974,agriculture
174997,agriculture
175005,agriculture
175010,agriculture
175038,agriculture
175085,agriculture
175117,agriculture
175165,agriculture
175171,ilegal_mining
175278,agriculture
175358,agriculture
175382,agriculture
175383,agriculture
175384,agriculture
175416,agriculture
175458,agriculture
175479,agriculture
175481,agriculture
175488,agriculture
175493,agriculture
175517,agriculture
175529,agriculture
175563,agriculture
175595,agriculture
175599,agriculture
175638,agriculture
175663,agriculture
175680,agriculture
175710,agriculture
175721,agriculture
175737,agriculture
175788,agriculture
175790,agriculture
175808,agriculture
175809,ilegal_mining
175820,ilegal_mining
175824,agriculture
175826,ilegal_mining
175828,agriculture
175854,agriculture
175872,agriculture
175895,agriculture
175904,agriculture
175905,agriculture
175911,agriculture
175945,agriculture
175951,agriculture
175983,agriculture
176010,agriculture
176020,agriculture
176044,agriculture
176100,agriculture
176116,agriculture
176117,agriculture
176129,agriculture
176141,agriculture
176146,agriculture
176159,agriculture
176160,agriculture
176212,agriculture
176286,agriculture
176289,agriculture
176292,agriculture
176295,agriculture
176298,agriculture
176301,agriculture
176324,agriculture
176339,agriculture
176375,agriculture
176388,agriculture
176391,agriculture
176436,agriculture
176448,agriculture
176451,agriculture
176452,agriculture
176517,agriculture
176537,agriculture
176549,agriculture
176567,agriculture
176596,agriculture
176606,agriculture
176628,agriculture
176629,agriculture
176640,agriculture
176660,agriculture
176677,agriculture
176685,agriculture
176721,agriculture
176725,agriculture
176744,agriculture
176749,agriculture
176778,agriculture
176821,agriculture
176855,agriculture
176859,agriculture
176900,agriculture
176910,agriculture
176923,agriculture
176925,agriculture
176938,agriculture
176954,agriculture
176960,agriculture
176966,agriculture
176975,agriculture
176980,agriculture
177005,agriculture
177025,agriculture
177068,agriculture
177084,agriculture
177091,agriculture
177108,agriculture
177154,agriculture
177167,agriculture
177172,agriculture
177210,agriculture
177231,agriculture
177252,agriculture
177308,agriculture
177340,agriculture
177357,agriculture
177436,agriculture
177475,agriculture
177518,agriculture
177584,agriculture
177598,agriculture
177638,agriculture
177662,agriculture
177677,agriculture
177678,agriculture
177684,agriculture
177693,agriculture
177702,agriculture
177708,agriculture
177714,agriculture
177716,agriculture
177717,agriculture
177728,agriculture
177741,agriculture
177805,ilegal_mining
177808,agriculture
177810,agriculture
177813,agriculture
177832,agriculture
177836,agriculture
177892,agriculture
177935,agriculture
177939,agriculture
177977,agriculture
178002,agriculture
178004,agriculture
178006,agriculture
178014,agriculture
178022,agriculture
178026,ilegal_mining
178037,agriculture
178049,agriculture
178070,agriculture
178071,agriculture
178079,agriculture
178146,agriculture
178180,agriculture
178197,agriculture
178275,agriculture
178307,agriculture
178317,agriculture
178436,agriculture
178658,agriculture
178663,agriculture
178665,agriculture
178675,agriculture
179007,agriculture
179359,agriculture
179368,agriculture
179372,ilegal_mining
179392,agriculture
180592,agriculture
180594,ilegal_mining
180595,ilegal_mining
180598,ilegal_mining
180599,ilegal_mining
180601,ilegal_mining
180614,ilegal_mining
180615,agriculture
180618,ilegal_mining
180619,ilegal_mining
180623,ilegal_mining
180624,ilegal_mining
180628,ilegal_mining
180635,ilegal_mining
180651,agriculture
180652,ilegal_mining
180655,agriculture
180702,agriculture
180703,ilegal_mining
180781,agriculture
180920,ilegal_mining
180922,agriculture
180931,agriculture
180939,ilegal_mining
180941,ilegal_mining
180942,ilegal_mining
180951,agriculture
180992,ilegal_mining
180993,ilegal_mining
181046,agriculture
181106,agriculture
181154,agriculture
181182,agriculture
181246,agriculture
181332,agriculture
181333,agriculture
181348,agriculture
181355,ilegal_mining
181356,ilegal_mining
181360,agriculture
181363,ilegal_mining
181376,ilegal_mining
181377,agriculture
181379,agriculture
181414,ilegal_mining
181436,ilegal_mining
181446,agriculture
181467,agriculture
181483,agriculture
181531,ilegal_mining
181534,ilegal_mining
181579,ilegal_mining
181581,agriculture
181607,agriculture
181609,agriculture
181640,agriculture
181653,agriculture
181713,agriculture
181749,ilegal_mining
181751,ilegal_mining
181757,ilegal_mining
181762,agriculture
181768,ilegal_mining
181785,ilegal_mining
181790,ilegal_mining
181791,ilegal_mining
181798,ilegal_mining
181815,ilegal_mining
181821,ilegal_mining
181827,ilegal_mining
181831,ilegal_mining
181837,ilegal_mining
181840,ilegal_mining
181859,ilegal_mining
181869,ilegal_mining
181912,agriculture
181926,agriculture
181930,ilegal_mining
181963,agriculture
181967,agriculture
182000,agriculture
182069,agriculture
182109,agriculture
182115,agriculture
182177,agriculture
182180,ilegal_mining
182185,ilegal_mining
182186,agriculture
182203,agriculture
182209,agriculture
182224,agriculture
182243,agriculture
182253,agriculture
182290,agriculture
182406,agriculture
182424,agriculture
182455,ilegal_mining
182456,ilegal_mining
182457,ilegal_mining
182462,ilegal_mining
182467,ilegal_mining
182470,ilegal_mining
182473,ilegal_mining
182474,ilegal_mining
182476,ilegal_mining
182478,ilegal_mining
182479,ilegal_mining
182482,ilegal_mining
182486,ilegal_mining
182487,ilegal_mining
182503,ilegal_mining
182504,ilegal_mining
182506,ilegal_mining
182507,ilegal_mining
182509,ilegal_mining
182515,ilegal_mining
182516,ilegal_mining
182518,agriculture
182521,ilegal_mining
182524,ilegal_mining
182525,ilegal_mining
182528,ilegal_mining
182529,ilegal_mining
182530,ilegal_mining
182535,agriculture
182537,ilegal_mining
182544,ilegal_mining
182547,ilegal_mining
182553,ilegal_mining
182555,ilegal_mining
182557,ilegal_mining
182601,agriculture
182647,ilegal_mining
182666,ilegal_mining
182679,agriculture
182695,agriculture
182705,ilegal_mining
182711,agriculture
182716,agriculture
182719,agriculture
182721,ilegal_mining
182756,agriculture
182803,agriculture
182827,ilegal_mining
182860,agriculture
182862,agriculture
182877,ilegal_mining
182878,ilegal_mining
182879,ilegal_mining
182883,ilegal_mining
182884,ilegal_mining
182885,ilegal_mining
182910,agriculture
182949,agriculture
182970,agriculture
182984,agriculture
182998,agriculture
183021,agriculture
183189,agriculture
183230,ilegal_mining
183231,ilegal_mining
183282,agriculture
183323,agriculture
183336,agriculture
183363,ilegal_mining
183374,agriculture
183378,agriculture
183434,agriculture
183548,agriculture
183639,agriculture
183658,agriculture
183663,agriculture
186773,agriculture
186955,agriculture
189005,agriculture
189009,agriculture
189040,agriculture
189050,agriculture
189053,agriculture
189069,agriculture
189081,agriculture
189170,agriculture
189184,agriculture
189192,ilegal_mining
189196,agriculture
189203,agriculture
189233,agriculture
189252,agriculture
189300,agriculture
189311,agriculture
189340,agriculture
189342,agriculture
189349,agriculture
189358,ilegal_mining
189386,agriculture
189418,agriculture
189428,agriculture
189439,ilegal_mining
189442,agriculture
189453,agriculture
189454,agriculture
189459,agriculture
189464,agriculture
189467,agriculture
189468,agriculture
189474,agriculture
189475,agriculture
189476,agriculture
189482,agriculture
189501,agriculture
189502,agriculture
189504,agriculture
189519,agriculture
189547,agriculture
189554,agriculture
189555,agriculture
189568,agriculture
189581,agriculture
189601,agriculture
189609,agriculture
189622,agriculture
189629,agriculture
189632,agriculture
189634,agriculture
189637,agriculture
189670,agriculture
189703,agriculture
189739,agriculture
189766,agriculture
189767,agriculture
189811,agriculture
189813,agriculture
189819,agriculture
189836,agriculture
189862,agriculture
189870,ilegal_mining
189875,agriculture
189911,agriculture
189925,agriculture
189942,ilegal_mining
189952,agriculture
189961,ilegal_mining
189962,ilegal_mining
189963,ilegal_mining
189966,ilegal_mining
189986,agriculture
189988,agriculture
190004,agriculture
190005,agriculture
190024,agriculture
190031,agriculture
190048,agriculture
190060,agriculture
190085,agriculture
190173,agriculture
190202,agriculture
190258,agriculture
190281,agriculture
190282,agriculture
190296,agriculture
190335,agriculture
190418,agriculture
190419,agriculture
190563,agriculture
190575,agriculture
190589,agriculture
190610,agriculture
190627,agriculture
190628,agriculture
190631,agriculture
190634,agriculture
190657,agriculture
190696,agriculture
190716,ilegal_mining
190717,ilegal_mining
190732,agriculture
190766,ilegal_mining
190769,agriculture
190882,agriculture
190887,agriculture
190947,agriculture
190994,agriculture
191125,agriculture
191147,agriculture
191162,agriculture
191183,agriculture
191201,agriculture
191228,agriculture
191255,agriculture
191259,agriculture
191270,agriculture
191272,agriculture
191320,agriculture
191327,agriculture
191340,agriculture
191353,ilegal_mining
191360,ilegal_mining
191381,agriculture
191448,agriculture
191486,agriculture
191533,agriculture
191559,ilegal_mining
191571,agriculture
191595,agriculture
191597,agriculture
191733,agriculture
191734,ilegal_mining
191736,agriculture
191773,agriculture
191793,ilegal_mining
191795,ilegal_mining
191799,ilegal_mining
191800,ilegal_mining
191801,ilegal_mining
191802,ilegal_mining
191811,agriculture
191816,agriculture
191818,agriculture
191834,agriculture
191907,agriculture
191913,agriculture
191915,agriculture
191931,agriculture
191938,agriculture
191940,agriculture
191945,agriculture
191946,agriculture
191960,agriculture
191963,agriculture
191964,agriculture
191965,agriculture
191967,agriculture
191968,agriculture
191970,agriculture
191975,agriculture
191982,agriculture
192000,ilegal_mining
192003,ilegal_mining
192007,agriculture
192009,agriculture
192021,ilegal_mining
192025,ilegal_mining
192028,agriculture
192031,ilegal_mining
192034,agriculture
192039,agriculture
192042,agriculture
192044,agriculture
192045,agriculture
192048,agriculture
192054,ilegal_mining
192055,agriculture
192061,agriculture
192066,agriculture
192068,agriculture
192089,agriculture
192097,agriculture
192104,agriculture
192106,agriculture
192253,agriculture
192263,agriculture
192265,agriculture
192278,agriculture
192300,agriculture
192323,agriculture
192355,agriculture
192364,agriculture
192373,agriculture
192378,agriculture
192380,agriculture
192389,agriculture
192435,agriculture
192443,agriculture
192451,agriculture
192453,agriculture
192474,agriculture
192484,agriculture
192513,agriculture
192555,agriculture
192574,agriculture
192582,agriculture
192583,agriculture
192586,agriculture
192601,agriculture
192606,agriculture
192607,agriculture
192618,agriculture
192644,agriculture
192691,agriculture
192694,agriculture
192715,agriculture
192783,agriculture
192841,agriculture
192850,agriculture
192855,agriculture
192878,agriculture
192903,agriculture
192942,agriculture
192953,agriculture
192982,agriculture
193015,agriculture
193019,agriculture
193037,agriculture
193046,agriculture
193070,agriculture
193090,agriculture
193115,agriculture
193117,agriculture
193135,agriculture
193160,agriculture
193180,agriculture
193182,agriculture
193190,agriculture
193217,agriculture
193220,agriculture
193239,agriculture
193251,agriculture
193299,agriculture
193304,agriculture
193312,agriculture
193331,agriculture
193343,agriculture
193365,agriculture
193375,agriculture
193403,agriculture
193441,agriculture
193456,agriculture
193465,agriculture
193471,agriculture
193483,agriculture
193502,agriculture
193506,agriculture
193517,agriculture
193537,agriculture
193538,agriculture
193539,agriculture
193569,agriculture
193573,agriculture
193579,agriculture
193581,agriculture
193597,agriculture
193629,agriculture
193665,agriculture
193727,agriculture
193735,agriculture
193765,agriculture
193801,agriculture
193833,agriculture
193849,agriculture
193853,agriculture
193918,agriculture
193944,agriculture
193953,agriculture
193962,agriculture
193967,agriculture
193985,agriculture
194017,agriculture
194029,agriculture
194031,agriculture
194036,agriculture
194049,agriculture
194051,agriculture
194063,agriculture
194071,agriculture
194085,agriculture
194089,agriculture
194093,agriculture
194118,agriculture
194126,agriculture
194136,agriculture
194157,agriculture
194162,agriculture
194166,agriculture
194168,agriculture
194175,agriculture
194181,agriculture
194225,agriculture
194246,agriculture
194253,agriculture
194286,agriculture
194295,agriculture
194302,agriculture
194303,agriculture
194307,agriculture
194310,agriculture
194311,agriculture
194336,agriculture
194385,agriculture
194387,agriculture
194475,agriculture
194526,agriculture
194577,agriculture
194585,agriculture
194591,agriculture
194612,agriculture
194671,agriculture
194693,agriculture
194733,agriculture
194736,agriculture
194765,agriculture
194857,agriculture
194922,agriculture
195037,agriculture
195055,agriculture
195061,agriculture
195063,agriculture
195071,agriculture
195076,agriculture
195089,agriculture
195113,agriculture
195137,agriculture
195144,agriculture
195145,agriculture
195148,agriculture
195153,agriculture
195171,agriculture
195175,agriculture
195177,agriculture
195198,agriculture
195219,agriculture
195244,agriculture
195255,agriculture
195265,ilegal_mining
195267,ilegal_mining
195274,ilegal_mining
195277,ilegal_mining
195279,ilegal_mining
195280,ilegal_mining
195282,ilegal_mining
195286,ilegal_mining
195287,ilegal_mining
195293,ilegal_mining
195294,ilegal_mining
195299,ilegal_mining
195300,ilegal_mining
195303,ilegal_mining
195307,agriculture
195309,ilegal_mining
195310,ilegal_mining
195324,agriculture
195345,agriculture
195374,agriculture
195400,agriculture
195406,ilegal_mining
195415,ilegal_mining
195421,ilegal_mining
195422,ilegal_mining
195427,agriculture
195435,ilegal_mining
195436,ilegal_mining
195441,agriculture
195442,agriculture
195476,agriculture
195483,agriculture
195523,ilegal_mining
195525,ilegal_mining
195530,ilegal_mining
195580,agriculture
195583,agriculture
195593,agriculture
195598,ilegal_mining
195611,ilegal_mining
195612,ilegal_mining
195615,ilegal_mining
195620,ilegal_mining
195645,ilegal_mining
195649,ilegal_mining
195660,ilegal_mining
195663,ilegal_mining
195664,ilegal_mining
195668,ilegal_mining
195671,ilegal_mining
195681,ilegal_mining
195682,agriculture
195694,agriculture
195704,agriculture
195821,agriculture
195829,agriculture
195830,agriculture
195857,agriculture
195860,agriculture
195923,agriculture
195929,agriculture
195944,agriculture
195965,agriculture
195978,agriculture
195987,agriculture
195998,agriculture
196035,agriculture
196044,agriculture
196072,agriculture
196148,agriculture
196149,agriculture
196160,agriculture
196167,agriculture
196178,agriculture
196234,agriculture
196266,agriculture
196296,ilegal_mining
196371,ilegal_mining
196389,agriculture
197469,agriculture
197545,agriculture
197914,agriculture
197931,agriculture
197939,agriculture
197961,agriculture
197965,agriculture
197969,agriculture
198016,agriculture
198029,agriculture
198551,agriculture
198571,agriculture
198694,agriculture
198741,agriculture
198749,agriculture
198838,agriculture
198844,agriculture
198957,agriculture
198959,agriculture
198960,agriculture
198967,agriculture
199062,agriculture
199100,agriculture
199139,ilegal_mining
199140,ilegal_mining
199141,agriculture
199147,ilegal_mining
199153,agriculture
199160,agriculture
199198,agriculture
199199,agriculture
199208,agriculture
199224,agriculture
199229,agriculture
199310,agriculture
199320,agriculture
199323,agriculture
199341,agriculture
199344,agriculture
199373,agriculture
199381,agriculture
199390,agriculture
199426,agriculture
199469,agriculture
199480,agriculture
199486,ilegal_mining
199487,ilegal_mining
199489,agriculture
199499,agriculture
199502,agriculture
199514,agriculture
199537,agriculture
199548,agriculture
199588,agriculture
199597,agriculture
199613,agriculture
199667,agriculture
199669,agriculture
199711,agriculture
199741,agriculture
199867,agriculture
199943,agriculture
199950,agriculture
199963,ilegal_mining
199972,agriculture
200000,ilegal_mining
200006,ilegal_mining
200007,ilegal_mining
200012,ilegal_mining
200017,ilegal_mining
200027,ilegal_mining
200029,ilegal_mining
200041,agriculture
200043,ilegal_mining
200051,ilegal_mining
200084,agriculture
200130,agriculture
200184,agriculture
200233,ilegal_mining
200246,ilegal_mining
200250,ilegal_mining
200251,ilegal_mining
200254,ilegal_mining
200259,ilegal_mining
200261,ilegal_mining
200264,ilegal_mining
200267,ilegal_mining
200268,ilegal_mining
200270,ilegal_mining
200272,ilegal_mining
200275,ilegal_mining
200278,ilegal_mining
200279,ilegal_mining
200284,ilegal_mining
200285,ilegal_mining
200286,ilegal_mining
200289,ilegal_mining
200304,agriculture
200327,ilegal_mining
200331,ilegal_mining
200339,agriculture
200345,agriculture
200358,agriculture
200363,agriculture
200377,ilegal_mining
200383,ilegal_mining
200386,ilegal_mining
200388,ilegal_mining
200391,ilegal_mining
200393,ilegal_mining
200417,ilegal_mining
200420,ilegal_mining
200426,ilegal_mining
200428,ilegal_mining
200430,ilegal_mining
200434,ilegal_mining
200437,ilegal_mining
200438,ilegal_mining
200442,ilegal_mining
200444,ilegal_mining
200445,ilegal_mining
200448,ilegal_mining
200449,ilegal_mining
200450,agriculture
200453,ilegal_mining
200455,ilegal_mining
200457,ilegal_mining
200463,ilegal_mining
200471,ilegal_mining
200473,ilegal_mining
200475,ilegal_mining
200478,ilegal_mining
200483,ilegal_mining
200484,ilegal_mining
200487,ilegal_mining
200506,ilegal_mining
200509,ilegal_mining
200511,ilegal_mining
200520,ilegal_mining
200526,ilegal_mining
200534,ilegal_mining
200537,ilegal_mining
200548,ilegal_mining
200553,ilegal_mining
200555,ilegal_mining
200557,ilegal_mining
200562,ilegal_mining
201092,agriculture
201158,agriculture
201195,agriculture
201273,agriculture
201274,agriculture
201326,agriculture
201789,agriculture
201793,agriculture
201831,agriculture
201836,agriculture
201866,agriculture
201868,agriculture
201881,agriculture
202507,agriculture
203004,agriculture
203007,agriculture
203012,agriculture
203069,agriculture
203172,agriculture
203701,agriculture
203730,agriculture
203923,agriculture
203932,agriculture
203934,agriculture
203967,agriculture
203969,agriculture
203973,ilegal_mining
203976,agriculture
203977,agriculture
203995,agriculture
203997,agriculture
204002,agriculture
204138,agriculture
204140,agriculture
204144,agriculture
204146,agriculture
204157,agriculture
204184,agriculture
204192,ilegal_mining
204216,agriculture
204222,agriculture
204321,agriculture
204329,agriculture
204348,agriculture
204358,agriculture
204386,agriculture
204420,agriculture
204425,agriculture
204455,agriculture
204467,agriculture
204469,agriculture
204480,agriculture
204531,agriculture
204532,agriculture
204582,agriculture
204605,agriculture
204615,agriculture
204658,agriculture
204664,agriculture
204716,agriculture
204741,agriculture
204749,agriculture
204762,agriculture
204773,agriculture
204780,agriculture
204798,agriculture
204871,agriculture
204874,agriculture
204888,agriculture
204894,agriculture
204908,agriculture
204915,agriculture
204928,agriculture
204932,agriculture
204975,agriculture
204977,agriculture
204990,agriculture
205001,agriculture
205006,agriculture
205012,agriculture
205015,agriculture
205023,agriculture
205069,agriculture
205071,agriculture
205084,agriculture
205086,agriculture
205113,agriculture
205117,agriculture
205140,agriculture
205146,agriculture
205192,agriculture
205211,agriculture
205214,agriculture
205245,agriculture
205268,agriculture
205288,agriculture
205294,agriculture
205366,agriculture
205368,agriculture
205372,agriculture
205383,ilegal_mining
205410,agriculture
205417,agriculture
205514,agriculture
205536,agriculture
205538,agriculture
205554,agriculture
205649,agriculture
205655,agriculture
205687,agriculture
205724,agriculture
205729,agriculture
205731,agriculture
205816,agriculture
205824,agriculture
205856,agriculture
205857,agriculture
205864,agriculture
205977,ilegal_mining
205990,agriculture
205995,ilegal_mining
206001,agriculture
206046,agriculture
206055,ilegal_mining
206074,agriculture
206089,ilegal_mining
206127,ilegal_mining
206128,ilegal_mining
206129,ilegal_mining
206135,ilegal_mining
206139,ilegal_mining
206145,ilegal_mining
206194,agriculture
206195,ilegal_mining
206202,ilegal_mining
206206,ilegal_mining
206256,agriculture
206269,ilegal_mining
206272,ilegal_mining
206305,agriculture
206312,agriculture
206322,agriculture
206333,agriculture
206335,agriculture
206347,agriculture
206407,agriculture
206410,agriculture
206421,agriculture
206520,agriculture
206521,agriculture
206522,ilegal_mining
206578,agriculture
206592,agriculture
206593,agriculture
206598,agriculture
206657,ilegal_mining
206667,agriculture
206677,agriculture
206681,ilegal_mining
206756,agriculture
206778,agriculture
206797,agriculture
206807,ilegal_mining
206810,ilegal_mining
206875,agriculture
206977,agriculture
206980,agriculture
207018,agriculture
207023,agriculture
207031,agriculture
207055,agriculture
207064,agriculture
207067,agriculture
207070,agriculture
207088,agriculture
207136,agriculture
207154,ilegal_mining
207155,ilegal_mining
207156,ilegal_mining
207157,ilegal_mining
207158,ilegal_mining
207159,ilegal_mining
207160,ilegal_mining
207161,ilegal_mining
207168,agriculture
207197,agriculture
207258,agriculture
207267,agriculture
207281,agriculture
207322,ilegal_mining
207323,ilegal_mining
207325,agriculture
207326,ilegal_mining
207328,ilegal_mining
207339,agriculture
207354,ilegal_mining
207361,ilegal_mining
207389,ilegal_mining
209594,agriculture
209625,agriculture
209649,agriculture
209782,ilegal_mining
209814,ilegal_mining
209859,agriculture
209870,agriculture
209898,agriculture
209914,ilegal_mining
210091,agriculture
210264,ilegal_mining
210426,agriculture
210482,ilegal_mining
210560,agriculture
210573,agriculture
210652,agriculture
210910,ilegal_mining
210916,ilegal_mining
210953,agriculture
211024,agriculture
211056,agriculture
211085,agriculture
211135,agriculture
211163,agriculture
211235,agriculture
211239,ilegal_mining
211376,agriculture
211387,agriculture
211390,agriculture
211432,agriculture
211486,agriculture
211510,ilegal_mining
211511,ilegal_mining
211512,ilegal_mining
211516,ilegal_mining
211562,agriculture
211569,agriculture
211588,ilegal_mining
211591,ilegal_mining
211593,ilegal_mining
211594,ilegal_mining
211600,ilegal_mining
211601,ilegal_mining
211616,ilegal_mining
211619,ilegal_mining
211620,ilegal_mining
211638,ilegal_mining
211639,ilegal_mining
211647,agriculture
211696,ilegal_mining
211710,ilegal_mining
211713,agriculture
211749,agriculture
211779,ilegal_mining
211954,agriculture
212260,agriculture
212526,ilegal_mining
212536,ilegal_mining
212670,ilegal_mining
212727,agriculture
212728,agriculture
212737,ilegal_mining
212739,ilegal_mining
212798,agriculture
212832,agriculture
212842,agriculture
212860,agriculture
212862,agriculture
212884,agriculture
212889,agriculture
212960,agriculture
212962,agriculture
212963,agriculture
212971,agriculture
212998,agriculture
213000,agriculture
213022,agriculture
213026,agriculture
213041,agriculture
213042,agriculture
213052,agriculture
213060,agriculture
213066,agriculture
213077,agriculture
213080,agriculture
213083,agriculture
213085,agriculture
213088,agriculture
213091,agriculture
213092,agriculture
213101,agriculture
213136,ilegal_mining
213137,ilegal_mining
213144,agriculture
213145,ilegal_mining
213146,ilegal_mining
213151,ilegal_mining
213210,agriculture
213217,agriculture
213220,agriculture
213221,agriculture
213227,agriculture
213228,ilegal_mining
213253,ilegal_mining
213300,agriculture
213320,agriculture
213326,agriculture
213329,agriculture
213367,agriculture
213371,agriculture
213377,agriculture
213408,agriculture
213412,agriculture
213427,agriculture
213446,agriculture
213484,agriculture
213509,agriculture
213516,agriculture
213517,agriculture
213536,agriculture
213553,agriculture
213558,agriculture
213583,agriculture
213586,agriculture
213600,agriculture
213607,agriculture
213626,agriculture
213630,agriculture
213636,agriculture
213649,agriculture
213654,agriculture
213660,agriculture
213662,agriculture
213665,agriculture
213672,agriculture
213677,agriculture
213681,agriculture
213685,ilegal_mining
213696,agriculture
213723,agriculture
213752,ilegal_mining
213758,ilegal_mining
213806,agriculture
213815,agriculture
213827,agriculture
213839,agriculture
213862,agriculture
213884,agriculture
213933,agriculture
213949,agriculture
213954,agriculture
213993,agriculture
214008,agriculture
214033,agriculture
214057,agriculture
214086,agriculture
214108,agriculture
214116,ilegal_mining
214124,agriculture
214137,ilegal_mining
214139,ilegal_mining
214144,ilegal_mining
214149,ilegal_mining
214151,ilegal_mining
214152,agriculture
214163,ilegal_mining
214169,agriculture
214209,ilegal_mining
214293,agriculture
214300,agriculture
214314,ilegal_mining
214315,ilegal_mining
214327,agriculture
214332,agriculture
214390,agriculture
214404,agriculture
214408,agriculture
214441,agriculture
214450,agriculture
214496,agriculture
214502,agriculture
214522,ilegal_mining
214564,agriculture
214567,agriculture
214636,agriculture
214651,agriculture
214683,ilegal_mining
214694,ilegal_mining
214695,ilegal_mining
214699,ilegal_mining
214700,agriculture
214772,agriculture
214794,ilegal_mining
214803,ilegal_mining
214804,ilegal_mining
214848,ilegal_mining
214877,agriculture
214892,agriculture
214932,agriculture
214963,agriculture
215048,agriculture
215079,agriculture
215138,agriculture
215145,agriculture
215162,ilegal_mining
215167,ilegal_mining
215199,ilegal_mining
215201,ilegal_mining
215224,agriculture
215299,ilegal_mining
215300,ilegal_mining
215311,agriculture
215313,ilegal_mining
215314,ilegal_mining
215315,ilegal_mining
215335,agriculture
215403,agriculture
215408,ilegal_mining
215412,ilegal_mining
215414,ilegal_mining
215423,ilegal_mining
215432,ilegal_mining
215434,ilegal_mining
215456,agriculture
215462,ilegal_mining
215466,agriculture
215469,ilegal_mining
215470,ilegal_mining
215471,ilegal_mining
215475,ilegal_mining
215478,ilegal_mining
215481,ilegal_mining
215497,agriculture
215499,agriculture
215505,agriculture
215548,ilegal_mining
215560,agriculture
215571,agriculture
215618,ilegal_mining
215636,agriculture
215639,agriculture
215647,ilegal_mining
215649,ilegal_mining
215650,ilegal_mining
215651,ilegal_mining
215653,agriculture
215655,ilegal_mining
215656,ilegal_mining
215660,ilegal_mining
215661,ilegal_mining
215662,ilegal_mining
215663,ilegal_mining
215664,ilegal_mining
215666,ilegal_mining
215669,agriculture
215725,agriculture
215752,agriculture
215762,agriculture
215774,agriculture
215810,agriculture
215826,agriculture
215835,agriculture
215848,agriculture
215867,agriculture
215884,agriculture
215922,agriculture
215926,agriculture
215962,agriculture
215969,agriculture
215977,agriculture
215992,agriculture
216016,agriculture
216040,agriculture
216061,agriculture
216138,agriculture
216141,agriculture
216149,agriculture
216165,agriculture
216177,agriculture
216193,ilegal_mining
216225,agriculture
216273,agriculture
216277,agriculture
216296,agriculture
216311,agriculture
216338,agriculture
216347,agriculture
216358,agriculture
216387,agriculture
216429,agriculture
216432,agriculture
216440,agriculture
216504,agriculture
216542,agriculture
216641,agriculture
216643,agriculture
216679,agriculture
216687,agriculture
216689,agriculture
216703,agriculture
216716,agriculture
216717,agriculture
216761,agriculture
216825,agriculture
216860,agriculture
216916,agriculture
216933,agriculture
216936,agriculture
217126,agriculture
217692,agriculture
217724,agriculture
217726,agriculture
217731,agriculture
217810,agriculture
217852,agriculture
217997,agriculture
218076,agriculture
218079,agriculture
218082,agriculture
218116,agriculture
218118,agriculture
218170,agriculture
218179,agriculture
218298,agriculture
218361,agriculture
218375,agriculture
218381,agriculture
218385,agriculture
218386,agriculture
218388,agriculture
218395,agriculture
218403,agriculture
218407,agriculture
218410,agriculture
218413,agriculture
218447,agriculture
218491,agriculture
218493,agriculture
218533,agriculture
218537,agriculture
218580,agriculture
218626,agriculture
218640,agriculture
218645,agriculture
218646,agriculture
218672,agriculture
218675,agriculture
218681,agriculture
218688,agriculture
218695,agriculture
218702,agriculture
218728,ilegal_mining
218729,ilegal_mining
218730,ilegal_mining
218731,ilegal_mining
218785,agriculture
218800,ilegal_mining
218808,roads
218809,agriculture
218850,agriculture
218860,ilegal_mining
218861,ilegal_mining
218864,agriculture
218876,ilegal_mining
218888,agriculture
218912,agriculture
218914,agriculture
218936,agriculture
219067,agriculture
219081,agriculture
219166,agriculture
219172,agriculture
219226,agriculture
219229,agriculture
219233,agriculture
219261,agriculture
219309,agriculture
219341,agriculture
219415,agriculture
219468,agriculture
219502,agriculture
219526,agriculture
219529,agriculture
219575,agriculture
219637,agriculture
219657,agriculture
219676,agriculture
219702,agriculture
219705,agriculture
219731,agriculture
219759,agriculture
219786,agriculture
219810,agriculture
219824,agriculture
219902,agriculture
219926,agriculture
219931,agriculture
219952,agriculture
219967,agriculture
219990,agriculture
219997,agriculture
220015,agriculture
220019,agriculture
220029,agriculture
220044,agriculture
220058,agriculture
220063,agriculture
220071,agriculture
220078,agriculture
220083,agriculture
220093,agriculture
220095,agriculture
220098,agriculture
220103,agriculture
220107,agriculture
220112,agriculture
220134,agriculture
220176,agriculture
220206,agriculture
220247,agriculture
220274,agriculture
220293,agriculture
220297,agriculture
220298,agriculture
220320,agriculture
220322,agriculture
220341,agriculture
220346,agriculture
220349,agriculture
220350,agriculture
220352,agriculture
220354,agriculture
220355,agriculture
220356,agriculture
220358,agriculture
220359,agriculture
220360,agriculture
220361,agriculture
220362,agriculture
220371,agriculture
220375,agriculture
220376,agriculture
220379,agriculture
220380,agriculture
220396,agriculture
220397,agriculture
220400,agriculture
220401,agriculture
220404,agriculture
220405,agriculture
220409,agriculture
220413,agriculture
220424,agriculture
220428,agriculture
220430,agriculture
220455,agriculture
220458,agriculture
220461,ilegal_mining
220462,ilegal_mining
220466,agriculture
220468,agriculture
220469,agriculture
220470,agriculture
220472,agriculture
220475,agriculture
220476,agriculture
220477,agriculture
220482,agriculture
220483,ilegal_mining
220487,ilegal_mining
220488,agriculture
220489,agriculture
220491,ilegal_mining
220506,agriculture
220507,agriculture
220518,agriculture
220530,agriculture
220677,agriculture
220679,agriculture
220685,agriculture
220688,agriculture
220817,agriculture
220892,agriculture
221051,agriculture
221171,agriculture
221175,agriculture
221200,agriculture
221211,agriculture
221212,agriculture
221323,agriculture
221342,agriculture
221359,agriculture
221371,agriculture
221383,agriculture
221396,agriculture
221411,agriculture
221440,agriculture
221442,agriculture
221443,agriculture
221452,agriculture
221455,agriculture
221462,agriculture
221470,agriculture
221488,agriculture
221502,agriculture
221506,agriculture
221507,agriculture
221520,agriculture
221521,agriculture
221602,agriculture
221603,agriculture
221684,agriculture
221710,agriculture
221738,agriculture
221779,agriculture
221809,agriculture
221817,agriculture
221851,agriculture
221859,agriculture
221884,agriculture
221892,agriculture
221918,agriculture
221920,agriculture
222009,agriculture
222052,agriculture
222081,agriculture
222130,agriculture
222132,agriculture
222155,agriculture
222164,agriculture
222192,agriculture
222202,agriculture
222211,agriculture
222212,agriculture
222213,agriculture
222216,agriculture
222232,agriculture
222296,agriculture
222347,agriculture
222362,agriculture
222378,agriculture
222415,agriculture
222424,agriculture
222453,agriculture
222484,agriculture
222501,agriculture
222529,agriculture
222568,agriculture
222572,agriculture
222590,agriculture
222593,agriculture
222626,agriculture
222671,agriculture
222682,agriculture
222731,agriculture
222733,agriculture
222756,agriculture
222803,agriculture
222816,agriculture
222830,agriculture
222847,agriculture
222901,agriculture
222953,agriculture
222971,agriculture
222982,agriculture
223002,agriculture
223004,agriculture
223024,agriculture
223051,agriculture
223082,agriculture
223102,agriculture
223125,agriculture
223153,agriculture
223167,agriculture
223176,agriculture
223177,agriculture
223178,agriculture
223188,agriculture
223200,agriculture
223234,agriculture
223236,agriculture
223240,agriculture
223247,agriculture
223253,agriculture
223255,agriculture
223276,agriculture
223280,agriculture
223303,agriculture
223308,agriculture
223312,agriculture
223497,agriculture
223507,agriculture
223530,agriculture
223554,agriculture
223591,agriculture
223614,agriculture
223667,agriculture
223679,agriculture
223692,agriculture
223704,agriculture
223775,agriculture
223814,agriculture
223866,agriculture
223889,agriculture
223932,agriculture
223945,agriculture
223959,agriculture
223972,agriculture
223989,agriculture
224019,agriculture
224087,ilegal_mining
224089,ilegal_mining
224092,ilegal_mining
224098,ilegal_mining
224102,ilegal_mining
224103,ilegal_mining
224106,ilegal_mining
224109,ilegal_mining
224110,ilegal_mining
224116,ilegal_mining
224118,ilegal_mining
224123,ilegal_mining
224127,ilegal_mining
224128,ilegal_mining
224135,ilegal_mining
224140,ilegal_mining
224141,ilegal_mining
224150,ilegal_mining
224151,ilegal_mining
224188,agriculture
224259,agriculture
224441,ilegal_mining
224442,ilegal_mining
224443,ilegal_mining
224445,ilegal_mining
224447,ilegal_mining
224469,agriculture
224479,ilegal_mining
224480,ilegal_mining
224482,ilegal_mining
224486,ilegal_mining
224489,ilegal_mining
224490,ilegal_mining
224493,ilegal_mining
224498,agriculture
224507,agriculture
224522,agriculture
224523,agriculture
224529,agriculture
224605,ilegal_mining
224606,ilegal_mining
224611,ilegal_mining
224614,ilegal_mining
224615,ilegal_mining
224620,ilegal_mining
224621,ilegal_mining
224633,ilegal_mining
224634,ilegal_mining
224643,ilegal_mining
224647,ilegal_mining
224654,ilegal_mining
224657,ilegal_mining
224658,ilegal_mining
224660,ilegal_mining
224663,ilegal_mining
224673,ilegal_mining
224679,ilegal_mining
224680,ilegal_mining
224683,ilegal_mining
224685,ilegal_mining
224689,ilegal_mining
224690,ilegal_mining
224691,ilegal_mining
224692,ilegal_mining
224693,ilegal_mining
224694,ilegal_mining
224697,ilegal_mining
224698,ilegal_mining
224700,ilegal_mining
224701,ilegal_mining
224702,ilegal_mining
224704,ilegal_mining
224706,ilegal_mining
224716,ilegal_mining
224727,ilegal_mining
224728,ilegal_mining
224729,ilegal_mining
224736,ilegal_mining
224737,ilegal_mining
224741,ilegal_mining
224744,ilegal_mining
224747,ilegal_mining
224753,ilegal_mining
224754,ilegal_mining
224760,ilegal_mining
224761,ilegal_mining
224763,ilegal_mining
224765,ilegal_mining
224766,ilegal_mining
224770,ilegal_mining
224771,agriculture
224772,ilegal_mining
224774,agriculture
224777,ilegal_mining
224783,ilegal_mining
224785,ilegal_mining
224849,agriculture
224867,agriculture
224886,agriculture
224974,agriculture
224993,agriculture
225025,agriculture
225046,agriculture
225047,agriculture
225068,agriculture
225094,agriculture
225107,agriculture
225119,ilegal_mining
225128,agriculture
225132,agriculture
225135,ilegal_mining
225142,agriculture
225182,agriculture
225247,agriculture
225634,agriculture
225659,agriculture
225720,agriculture
225843,agriculture
225845,agriculture
225959,agriculture
226114,agriculture
226116,agriculture
226126,agriculture
226132,agriculture
226147,agriculture
226162,agriculture
226194,agriculture
226320,agriculture
226459,agriculture
226699,agriculture
226707,agriculture
226810,agriculture
226822,agriculture
226830,agriculture
226850,agriculture
226862,agriculture
226898,agriculture
226912,agriculture
226913,agriculture
226922,agriculture
226935,agriculture
226946,agriculture
226948,agriculture
226959,agriculture
226972,agriculture
227024,agriculture
227060,agriculture
227109,agriculture
227119,agriculture
227133,agriculture
227164,agriculture
227199,agriculture
227210,agriculture
227216,agriculture
227224,agriculture
227276,agriculture
227278,agriculture
227308,agriculture
227328,agriculture
227343,agriculture
227366,agriculture
227391,agriculture
227395,agriculture
227513,agriculture
227516,agriculture
227531,agriculture
227555,agriculture
232143,agriculture
233280,agriculture
233303,agriculture
233335,agriculture
233347,agriculture
233348,agriculture
233356,agriculture
233359,agriculture
233360,agriculture
233493,agriculture
233532,agriculture
233640,agriculture
233661,ilegal_mining
233662,agriculture
233686,agriculture
233694,agriculture
233696,agriculture
233719,agriculture
233720,agriculture
233721,agriculture
233728,agriculture
233754,agriculture
233785,agriculture
233812,agriculture
233815,agriculture
233818,agriculture
233821,agriculture
233829,agriculture
233832,agriculture
233833,agriculture
233835,agriculture
233841,agriculture
233861,agriculture
233877,agriculture
233893,agriculture
233908,agriculture
233911,agriculture
234017,agriculture
234026,agriculture
234064,agriculture
234068,agriculture
234171,agriculture
234177,agriculture
234323,agriculture
234327,ilegal_mining
234346,agriculture
234347,agriculture
234356,agriculture
234418,agriculture
234421,agriculture
234512,agriculture
234529,agriculture
234548,agriculture
234578,agriculture
234579,agriculture
234596,agriculture
234601,agriculture
234610,roads
234804,agriculture
234818,ilegal_mining
234846,agriculture
234861,agriculture
234864,agriculture
234866,agriculture
234874,agriculture
234898,agriculture
234907,agriculture
234913,agriculture
234916,agriculture
234919,agriculture
234924,agriculture
234932,agriculture
234934,ilegal_mining
234935,ilegal_mining
234937,ilegal_mining
234939,agriculture
234961,agriculture
234963,agriculture
234973,agriculture
234988,agriculture
234998,agriculture
235008,agriculture
235016,agriculture
235018,agriculture
235025,agriculture
235031,agriculture
235034,agriculture
235473,agriculture
235822,agriculture
235823,ilegal_mining
235840,ilegal_mining
235887,agriculture
235900,agriculture
235927,agriculture
236035,agriculture
236040,agriculture
236050,agriculture
236059,agriculture
236067,ilegal_mining
236068,ilegal_mining
236093,agriculture
236154,agriculture
236172,agriculture
236207,agriculture
236219,agriculture
236248,agriculture
236284,agriculture
236285,agriculture
236329,agriculture
236376,agriculture
236581,agriculture
236608,agriculture
236658,agriculture
236923,ilegal_mining
236929,ilegal_mining
236930,ilegal_mining
236960,agriculture
236978,agriculture
237019,agriculture
237115,agriculture
237116,agriculture
237145,agriculture
237149,agriculture
237160,agriculture
237179,ilegal_mining
237180,ilegal_mining
237181,ilegal_mining
237182,ilegal_mining
237185,ilegal_mining
237188,ilegal_mining
237189,ilegal_mining
237190,ilegal_mining
237198,ilegal_mining
237199,ilegal_mining
237201,ilegal_mining
237202,ilegal_mining
237204,ilegal_mining
237205,ilegal_mining
237206,ilegal_mining
237207,ilegal_mining
237210,agriculture
237214,ilegal_mining
237217,ilegal_mining
237220,ilegal_mining
237223,agriculture
237226,ilegal_mining
237227,ilegal_mining
237228,ilegal_mining
237230,ilegal_mining
237231,ilegal_mining
237233,ilegal_mining
237234,ilegal_mining
237237,ilegal_mining
237238,ilegal_mining
237239,ilegal_mining
237240,ilegal_mining
237243,ilegal_mining
237244,ilegal_mining
237248,ilegal_mining
237249,ilegal_mining
237251,ilegal_mining
237252,ilegal_mining
237293,agriculture
237299,agriculture
237333,agriculture
237354,agriculture
237439,agriculture
237453,agriculture
237477,agriculture
237488,agriculture
237533,agriculture
237549,agriculture
237570,agriculture
237577,agriculture
237600,agriculture
237611,agriculture
237655,agriculture
237685,agriculture
237691,agriculture
237723,agriculture
237731,agriculture
237760,agriculture
237838,agriculture
237878,agriculture
237914,agriculture
237937,agriculture
237945,agriculture
237965,agriculture
237999,agriculture
238054,agriculture
238099,agriculture
238181,agriculture
238184,agriculture
238266,agriculture
238309,agriculture
238329,agriculture
238353,agriculture
238392,agriculture
238397,agriculture
238399,agriculture
238401,agriculture
238405,agriculture
238408,agriculture
238414,agriculture
238416,agriculture
238424,agriculture
238427,agriculture
238435,agriculture
238437,agriculture
238438,agriculture
238442,agriculture
238454,agriculture
238457,agriculture
238461,agriculture
238470,agriculture
238475,agriculture
238485,agriculture
238486,agriculture
238494,ilegal_mining
238498,ilegal_mining
238504,ilegal_mining
238506,agriculture
238530,ilegal_mining
238531,ilegal_mining
238535,agriculture
238541,ilegal_mining
238561,agriculture
238565,agriculture
238748,agriculture
238749,agriculture
238751,agriculture
238753,agriculture
238761,agriculture
238763,agriculture
238765,agriculture
238768,agriculture
238769,agriculture
238771,agriculture
238780,agriculture
238791,agriculture
238818,agriculture
238835,agriculture
238837,agriculture
238865,agriculture
238893,agriculture
238911,agriculture
238919,agriculture
238939,agriculture
238946,agriculture
238962,agriculture
238968,agriculture
238970,agriculture
238974,agriculture
238989,agriculture
238994,agriculture
239004,agriculture
239028,agriculture
239089,agriculture
239098,agriculture
239111,agriculture
239118,agriculture
239155,agriculture
239182,agriculture
239184,agriculture
239192,agriculture
239254,agriculture
239276,agriculture
239310,agriculture
239359,agriculture
239421,agriculture
239437,agriculture
239438,agriculture
239439,agriculture
239555,agriculture
239576,agriculture
239593,agriculture
239614,agriculture
239667,agriculture
239780,agriculture
239802,agriculture
239825,agriculture
239852,agriculture
239868,agriculture
239876,agriculture
239886,agriculture
239896,agriculture
239897,agriculture
239898,agriculture
239899,agriculture
239951,agriculture
239954,agriculture
240194,agriculture
240196,agriculture
240222,agriculture
240246,agriculture
240258,agriculture
240302,agriculture
240314,agriculture
240375,agriculture
240385,agriculture
240397,agriculture
240431,agriculture
240439,agriculture
240519,agriculture
240528,agriculture
240563,agriculture
240601,agriculture
240605,agriculture
240613,agriculture
240645,agriculture
240684,agriculture
240725,agriculture
240726,agriculture
240777,agriculture
240794,agriculture
240798,agriculture
240810,agriculture
240823,agriculture
240835,agriculture
240853,agriculture
240878,agriculture
240906,agriculture
240911,agriculture
240927,agriculture
240930,agriculture
240968,agriculture
240970,agriculture
241004,agriculture
241021,agriculture
241037,agriculture
241082,agriculture
241086,agriculture
241106,agriculture
241123,agriculture
241147,agriculture
241171,agriculture
241173,agriculture
241188,agriculture
241193,agriculture
241200,agriculture
241202,agriculture
241204,agriculture
241247,agriculture
241283,agriculture
241318,agriculture
241323,agriculture
241324,agriculture
241347,agriculture
241394,agriculture
241427,agriculture
241447,agriculture
241504,agriculture
241517,agriculture
241548,agriculture
241567,agriculture
241575,agriculture
241617,agriculture
241625,agriculture
241682,agriculture
241683,agriculture
241684,agriculture
241713,agriculture
241721,agriculture
241752,agriculture
241791,agriculture
241804,agriculture
241820,agriculture
241831,agriculture
241845,agriculture
241851,agriculture
241870,agriculture
241898,agriculture
241920,agriculture
241921,agriculture
241970,agriculture
242018,agriculture
242037,agriculture
242059,agriculture
242061,agriculture
242073,agriculture
242086,agriculture
242121,agriculture
242151,agriculture
242162,agriculture
242268,agriculture
242269,agriculture
242308,agriculture
242409,agriculture
242470,agriculture
242473,agriculture
242482,agriculture
242489,agriculture
242499,agriculture
242514,agriculture
242544,agriculture
242691,agriculture
242703,agriculture
242718,agriculture
242719,agriculture
242723,agriculture
242772,agriculture
243036,ilegal_mining
243040,ilegal_mining
243041,ilegal_mining
243046,ilegal_mining
243047,ilegal_mining
243048,ilegal_mining
243058,ilegal_mining
243061,ilegal_mining
243062,ilegal_mining
243067,ilegal_mining
243070,agriculture
243071,agriculture
243094,ilegal_mining
243097,ilegal_mining
243099,ilegal_mining
243107,ilegal_mining
243108,ilegal_mining
243119,ilegal_mining
243145,agriculture
243152,ilegal_mining
243153,ilegal_mining
243154,agriculture
243156,agriculture
243157,ilegal_mining
243158,ilegal_mining
243166,ilegal_mining
243171,ilegal_mining
243172,ilegal_mining
243200,agriculture
243239,ilegal_mining
243242,agriculture
243246,ilegal_mining
243259,agriculture
243293,agriculture
243322,agriculture
243341,agriculture
243382,agriculture
244235,agriculture
244360,agriculture
244421,agriculture
244489,agriculture
244590,agriculture
244594,agriculture
245098,agriculture
245100,agriculture
245140,agriculture
245152,agriculture
245192,agriculture
245224,agriculture
245230,agriculture
245258,agriculture
245302,agriculture
245304,agriculture
245311,agriculture
245353,agriculture
245374,agriculture
245398,agriculture
245451,agriculture
245452,agriculture
245484,ilegal_mining
245491,agriculture
245498,agriculture
245560,agriculture
245572,agriculture
245583,ilegal_mining
245587,ilegal_mining
245591,ilegal_mining
245592,ilegal_mining
245593,ilegal_mining
245598,agriculture
245607,agriculture
245625,agriculture
245643,agriculture
245818,agriculture
245821,agriculture
245880,agriculture
245930,ilegal_mining
246027,agriculture
246035,agriculture
246071,agriculture
246107,agriculture
246152,agriculture
246225,agriculture
246333,agriculture
246488,agriculture
246493,agriculture
246531,agriculture
246659,agriculture
246786,agriculture
246875,agriculture
246969,ilegal_mining
247021,agriculture
247055,agriculture
247070,agriculture
247074,agriculture
247091,agriculture
247133,agriculture
247182,ilegal_mining
247190,ilegal_mining
247194,ilegal_mining
247196,ilegal_mining
247199,ilegal_mining
247203,ilegal_mining
247221,ilegal_mining
247230,ilegal_mining
247232,ilegal_mining
247236,ilegal_mining
247249,ilegal_mining
247261,ilegal_mining
247262,ilegal_mining
247265,ilegal_mining
247269,ilegal_mining
247270,ilegal_mining
247277,ilegal_mining
247280,ilegal_mining
247284,ilegal_mining
247287,ilegal_mining
247290,ilegal_mining
247292,ilegal_mining
247297,ilegal_mining
247299,ilegal_mining
247300,ilegal_mining
247301,ilegal_mining
247302,ilegal_mining
247307,ilegal_mining
247313,ilegal_mining
247316,ilegal_mining
247328,ilegal_mining
247334,ilegal_mining
247335,ilegal_mining
247336,ilegal_mining
247352,ilegal_mining
247383,ilegal_mining
247406,agriculture
247552,agriculture
247553,agriculture
247564,agriculture
247576,agriculture
247600,ilegal_mining
247602,ilegal_mining
247616,agriculture
247650,agriculture
263267,agriculture
263269,agriculture
263288,agriculture
263289,agriculture
263292,agriculture
263296,agriculture
263319,agriculture
263346,agriculture
263370,agriculture
263382,agriculture
263383,agriculture
263395,agriculture
263402,agriculture
263407,agriculture
263431,agriculture
263456,agriculture
263494,agriculture
263506,agriculture
263554,agriculture
263562,agriculture
263580,agriculture
263583,urban_expansion
263584,agriculture
263595,agriculture
263632,agriculture
263664,agriculture
263670,agriculture
263676,agriculture
263677,agriculture
263679,agriculture
263680,agriculture
263688,agriculture
263694,agriculture
263698,agriculture
263744,agriculture
263745,agriculture
263778,agriculture
263788,agriculture
263790,agriculture
263797,ilegal_mining
263799,agriculture
263814,agriculture
263826,agriculture
263839,agriculture
263878,agriculture
263956,agriculture
263957,agriculture
263997,agriculture
264011,agriculture
264020,agriculture
264028,agriculture
264057,agriculture
264066,agriculture
264077,agriculture
264082,agriculture
264102,agriculture
264117,agriculture
264157,agriculture
264229,agriculture
264245,agriculture
264278,agriculture
264467,agriculture
264521,agriculture
264522,agriculture
264523,agriculture
264525,agriculture
264528,agriculture
264531,agriculture
264534,agriculture
264537,agriculture
264541,agriculture
264542,agriculture
264544,agriculture
264550,agriculture
264556,agriculture
264562,agriculture
264566,agriculture
264567,agriculture
264573,agriculture
264574,agriculture
264587,agriculture
264588,agriculture
264591,agriculture
264593,agriculture
264594,agriculture
264612,agriculture
264618,ilegal_mining
264619,ilegal_mining
264621,ilegal_mining
264625,agriculture
264627,agriculture
264629,agriculture
264638,agriculture
264640,agriculture
264642,ilegal_mining
264643,ilegal_mining
264644,agriculture
264647,agriculture
264666,agriculture
264669,agriculture
264719,agriculture
264743,agriculture
264745,agriculture
264762,agriculture
264765,agriculture
264772,agriculture
264777,agriculture
264794,agriculture
264826,agriculture
264828,agriculture
264848,agriculture
264868,agriculture
264915,agriculture
264924,agriculture
264963,agriculture
264995,agriculture
265005,agriculture
265007,agriculture
265010,agriculture
265015,agriculture
265019,agriculture
265022,agriculture
265030,agriculture
265080,agriculture
265111,agriculture
265201,agriculture
265257,agriculture
265260,agriculture
265279,agriculture
265366,ilegal_mining
265370,agriculture
265372,ilegal_mining
265375,agriculture
265412,ilegal_mining
265526,agriculture
265534,agriculture
265551,agriculture
265563,ilegal_mining
265574,agriculture
265592,agriculture
265600,agriculture
265616,agriculture
265675,agriculture
265688,agriculture
265714,agriculture
265809,ilegal_mining
265811,agriculture
265815,agriculture
265819,agriculture
265822,agriculture
265823,agriculture
265837,agriculture
265847,agriculture
265853,agriculture
265858,agriculture
266006,agriculture
266014,agriculture
266044,agriculture
266050,agriculture
266051,agriculture
266055,agriculture
266057,agriculture
266065,agriculture
266097,agriculture
266102,agriculture
266104,agriculture
266115,ilegal_mining
266117,ilegal_mining
266121,ilegal_mining
266212,agriculture
266226,agriculture
266227,agriculture
266251,agriculture
266341,agriculture
266383,agriculture
266386,agriculture
266414,agriculture
266419,agriculture
266422,agriculture
266424,agriculture
266455,agriculture
266457,agriculture
266461,agriculture
266475,agriculture
266480,agriculture
266481,agriculture
266523,agriculture
266525,agriculture
266526,agriculture
266612,agriculture
266652,agriculture
266685,agriculture
266712,agriculture
266729,agriculture
266753,agriculture
266814,agriculture
266852,agriculture
266875,agriculture
266901,agriculture
266957,agriculture
266986,agriculture
267000,agriculture
267125,agriculture
267156,agriculture
267203,agriculture
267223,agriculture
267233,agriculture
267237,agriculture
267284,agriculture
267313,agriculture
267317,agriculture
267337,agriculture
267362,agriculture
267381,agriculture
267400,agriculture
267472,agriculture
267503,agriculture
267523,agriculture
267558,agriculture
267577,ilegal_mining
267579,agriculture
267580,ilegal_mining
267590,agriculture
267604,ilegal_mining
267605,ilegal_mining
267606,ilegal_mining
267609,ilegal_mining
267612,ilegal_mining
267619,agriculture
267663,agriculture
267697,agriculture
267716,agriculture
267760,agriculture
267766,agriculture
267794,agriculture
267798,agriculture
267804,agriculture
267811,agriculture
267813,agriculture
267837,agriculture
267844,agriculture
267847,agriculture
267853,agriculture
267945,agriculture
267946,agriculture
268190,agriculture
268199,agriculture
268201,agriculture
293869,agriculture
293889,agriculture
293903,agriculture
293906,agriculture
293916,agriculture
293931,agriculture
294064,agriculture
294187,agriculture
294283,agriculture
294371,agriculture
294397,agriculture
294407,agriculture
294454,agriculture
294495,agriculture
294508,agriculture
294524,agriculture
294544,agriculture
294549,agriculture
294551,agriculture
294614,agriculture
294624,agriculture
294632,agriculture
294643,agriculture
294720,agriculture
294742,agriculture
294752,agriculture
294774,agriculture
294843,agriculture
294877,agriculture
294951,agriculture
294992,agriculture
295008,agriculture
295034,agriculture
295041,ilegal_mining
295042,agriculture
295044,ilegal_mining
295045,ilegal_mining
295046,ilegal_mining
295049,ilegal_mining
295052,ilegal_mining
295057,ilegal_mining
295061,ilegal_mining
295089,agriculture
295117,agriculture
295222,agriculture
295333,agriculture
295337,ilegal_mining
295338,ilegal_mining
295339,ilegal_mining
295340,ilegal_mining
295341,ilegal_mining
295344,ilegal_mining
295345,ilegal_mining
295346,ilegal_mining
295348,ilegal_mining
295352,ilegal_mining
295353,ilegal_mining
295355,ilegal_mining
295358,ilegal_mining
295364,ilegal_mining
295376,ilegal_mining
295378,ilegal_mining
295380,ilegal_mining
295401,ilegal_mining
295408,agriculture
295429,agriculture
295430,agriculture
295434,agriculture
295461,agriculture
295482,agriculture
295485,agriculture
295489,agriculture
295523,agriculture
295527,agriculture
295529,agriculture
295539,ilegal_mining
295564,agriculture
295582,agriculture
295604,agriculture
295607,agriculture
295617,agriculture
295618,agriculture
295635,ilegal_mining
295636,ilegal_mining
295637,ilegal_mining
295639,ilegal_mining
295640,ilegal_mining
295645,agriculture
295668,agriculture
295675,agriculture
295677,agriculture
295685,agriculture
295700,agriculture
295702,agriculture
295706,ilegal_mining
295707,ilegal_mining
295709,ilegal_mining
295718,ilegal_mining
295719,ilegal_mining
295720,agriculture
295737,agriculture
295738,agriculture
295740,agriculture
295747,agriculture
295757,agriculture
295762,agriculture
295818,ilegal_mining
295829,agriculture
295853,agriculture
295861,agriculture
295864,agriculture
295886,agriculture
295923,agriculture
295930,agriculture
295933,agriculture
295948,agriculture
295979,agriculture
295990,agriculture
296011,agriculture
296032,agriculture
296066,ilegal_mining
296067,ilegal_mining
296163,agriculture
296171,agriculture
296188,agriculture
296202,agriculture
296207,agriculture
296222,agriculture
296223,agriculture
296224,agriculture
296246,ilegal_mining
296248,ilegal_mining
296249,ilegal_mining
296251,ilegal_mining
296252,ilegal_mining
296258,ilegal_mining
296260,ilegal_mining
296269,agriculture
296301,agriculture
296302,agriculture
296413,agriculture
296460,agriculture
296473,agriculture
296485,agriculture
296494,agriculture
296498,agriculture
296500,agriculture
296506,agriculture
296508,agriculture
296509,agriculture
296519,agriculture
296705,agriculture
296828,agriculture
296868,agriculture
296876,agriculture
296883,agriculture
296920,agriculture
296972,agriculture
296997,agriculture
297015,agriculture
297055,agriculture
297064,agriculture
297068,agriculture
297079,agriculture
297085,agriculture
297086,agriculture
297089,agriculture
297095,agriculture
297099,agriculture
297101,agriculture
297105,agriculture
297107,agriculture
297112,agriculture
297120,agriculture
297129,agriculture
297132,agriculture
297133,agriculture
297138,agriculture
297148,agriculture
297149,agriculture
297161,agriculture
297164,ilegal_mining
297169,agriculture
297182,agriculture
297184,agriculture
297185,agriculture
297186,agriculture
297190,agriculture
297191,agriculture
297193,agriculture
297201,agriculture
297202,agriculture
297221,agriculture
297223,agriculture
297227,agriculture
297228,agriculture
297234,agriculture
297239,agriculture
297251,agriculture
297262,agriculture
297263,agriculture
297266,agriculture
297306,agriculture
297307,agriculture
297310,agriculture
297311,agriculture
297312,agriculture
297319,agriculture
297333,agriculture
297358,agriculture
297363,agriculture
297386,agriculture
297404,agriculture
297407,agriculture
297447,agriculture
297481,agriculture
297483,agriculture
297494,agriculture
297496,agriculture
297514,agriculture
297523,agriculture
297541,ilegal_mining
297542,ilegal_mining
297554,ilegal_mining
297556,ilegal_mining
297560,agriculture
297561,agriculture
297567,ilegal_mining
297576,ilegal_mining
297584,ilegal_mining
297590,agriculture
297637,agriculture
297646,agriculture
297724,agriculture
297753,agriculture
297758,agriculture
297778,agriculture
297823,agriculture
297842,agriculture
297858,agriculture
297868,agriculture
303749,agriculture
303789,ilegal_mining
303790,ilegal_mining
303801,agriculture
304045,agriculture
304108,agriculture
304110,agriculture
304129,agriculture
304170,agriculture
304297,agriculture
304362,agriculture
304377,agriculture
304412,agriculture
304533,ilegal_mining
304535,ilegal_mining
304537,ilegal_mining
304589,agriculture
304634,agriculture
304659,ilegal_mining
304667,ilegal_mining
304708,agriculture
304735,agriculture
304741,agriculture
304745,agriculture
304775,ilegal_mining
304777,ilegal_mining
304796,agriculture
304820,agriculture
304861,agriculture
304862,agriculture
304901,ilegal_mining
304909,ilegal_mining
304910,ilegal_mining
304913,ilegal_mining
304915,ilegal_mining
304917,ilegal_mining
304919,ilegal_mining
304921,ilegal_mining
304924,ilegal_mining
304926,ilegal_mining
304931,ilegal_mining
304932,ilegal_mining
304933,ilegal_mining
304939,ilegal_mining
304940,ilegal_mining
304941,ilegal_mining
304949,ilegal_mining
304950,ilegal_mining
304955,ilegal_mining
304957,ilegal_mining
304963,ilegal_mining
304965,ilegal_mining
304967,ilegal_mining
304968,ilegal_mining
304974,ilegal_mining
304976,ilegal_mining
304977,ilegal_mining
304978,ilegal_mining
304980,ilegal_mining
304981,ilegal_mining
304982,ilegal_mining
304988,ilegal_mining
304989,ilegal_mining
304994,ilegal_mining
304995,ilegal_mining
304997,ilegal_mining
304998,ilegal_mining
305001,ilegal_mining
305002,ilegal_mining
305005,ilegal_mining
305007,ilegal_mining
305008,ilegal_mining
305132,agriculture
305176,ilegal_mining
305179,ilegal_mining
305187,ilegal_mining
305199,ilegal_mining
305200,ilegal_mining
305202,ilegal_mining
305203,ilegal_mining
305210,ilegal_mining
305211,ilegal_mining
305240,agriculture
305243,agriculture
305262,agriculture
305272,agriculture
305277,agriculture
305310,agriculture
305311,agriculture
305316,agriculture
305334,agriculture
305350,agriculture
305425,agriculture
305436,ilegal_mining
305441,ilegal_mining
305443,ilegal_mining
305467,agriculture
305534,agriculture
305542,agriculture
305546,agriculture
305552,agriculture
305594,agriculture
305847,agriculture
305877,ilegal_mining
305880,agriculture
305893,agriculture
305895,agriculture
305899,agriculture
305902,agriculture
305905,agriculture
305917,agriculture
305936,agriculture
305941,agriculture
305947,agriculture
305952,agriculture
305953,agriculture
305961,agriculture
305969,agriculture
305970,agriculture
305971,agriculture
305976,agriculture
306012,agriculture
306016,agriculture
306018,agriculture
306031,agriculture
306034,agriculture
306140,agriculture
306143,agriculture
306170,agriculture
306203,agriculture
306228,agriculture
306241,agriculture
306249,agriculture
306251,agriculture
306252,agriculture
306253,agriculture
306302,agriculture
306316,agriculture
306320,agriculture
306324,agriculture
306325,agriculture
306352,agriculture
306355,agriculture
306356,agriculture
306357,agriculture
306361,agriculture
306363,agriculture
306366,agriculture
306368,agriculture
306369,agriculture
306373,agriculture
306377,agriculture
306383,agriculture
306388,agriculture
306390,agriculture
306391,agriculture
306396,agriculture
306397,agriculture
306398,agriculture
306401,agriculture
306427,agriculture
306472,agriculture
306542,agriculture
306545,agriculture
306548,agriculture
306553,agriculture
306560,agriculture
306568,agriculture
306573,agriculture
306583,agriculture
306593,agriculture
306594,agriculture
306596,agriculture
306600,agriculture
306601,agriculture
306606,agriculture
306609,agriculture
306610,ilegal_mining
306612,ilegal_mining
306614,ilegal_mining
306637,agriculture
306640,agriculture
306643,agriculture
306646,agriculture
306655,agriculture
306656,agriculture
306658,agriculture
306662,agriculture
306668,agriculture
306672,agriculture
306673,agriculture
306675,ilegal_mining
306678,ilegal_mining
306683,agriculture
306693,agriculture
306704,agriculture
306705,agriculture
306708,agriculture
306709,agriculture
306712,agriculture
306714,agriculture
306729,agriculture
306732,agriculture
306738,agriculture
306744,agriculture
306745,agriculture
306747,agriculture
306750,agriculture
306752,agriculture
306758,agriculture
306761,agriculture
306763,agriculture
306773,agriculture
306774,agriculture
306784,agriculture
306786,agriculture
306787,agriculture
306789,agriculture
306792,agriculture
306794,agriculture
306800,agriculture
306801,agriculture
306808,agriculture
306811,agriculture
306818,agriculture
306819,agriculture
306822,agriculture
306828,agriculture
306832,agriculture
306835,agriculture
306842,agriculture
306846,agriculture
306858,agriculture
306901,ilegal_mining
306910,agriculture
306913,agriculture
306917,agriculture
306918,agriculture
306920,agriculture
306923,agriculture
306932,agriculture
306937,agriculture
306946,agriculture
306947,agriculture
306954,agriculture
306955,agriculture
306958,agriculture
306959,agriculture
306960,agriculture
306962,agriculture
306963,agriculture
306967,agriculture
306968,agriculture
306969,agriculture
306972,agriculture
306975,agriculture
306977,agriculture
306978,agriculture
306980,agriculture
306987,agriculture
306989,agriculture
306991,agriculture
306994,agriculture
306995,agriculture
306997,agriculture
306999,agriculture
307039,agriculture
307048,agriculture
307054,agriculture
307078,agriculture
307093,agriculture
307107,agriculture
307126,agriculture
307136,agriculture
307143,agriculture
307151,agriculture
307157,agriculture
307176,agriculture
307228,agriculture
307355,agriculture
307366,agriculture
307392,agriculture
307421,agriculture
307433,agriculture
307534,agriculture
307546,agriculture
307566,agriculture
307596,agriculture
307599,agriculture
307600,agriculture
307603,agriculture
307607,agriculture
307618,agriculture
307624,agriculture
307625,agriculture
307629,agriculture
307634,agriculture
307640,agriculture
307648,agriculture
307653,agriculture
307658,agriculture
307659,agriculture
307663,agriculture
307675,agriculture
307682,agriculture
307683,agriculture
307684,agriculture
307690,agriculture
307692,agriculture
307693,agriculture
307694,agriculture
307695,agriculture
307698,agriculture
307699,agriculture
307704,agriculture
307705,agriculture
307718,agriculture
307726,agriculture
307728,agriculture
307740,agriculture
307751,agriculture
307754,agriculture
307755,agriculture
307758,agriculture
307759,agriculture
307766,agriculture
307767,agriculture
307768,agriculture
307769,agriculture
307772,agriculture
314472,agriculture
319924,agriculture
319931,agriculture
319934,agriculture
319942,agriculture
319964,agriculture
319966,agriculture
319969,agriculture
319972,agriculture
319976,agriculture
319992,agriculture
320039,agriculture
320040,agriculture
320043,agriculture
320047,agriculture
320049,agriculture
320072,agriculture
320079,agriculture
320097,agriculture
320099,ilegal_mining
320106,agriculture
320109,agriculture
320134,ilegal_mining
320135,ilegal_mining
320136,ilegal_mining
320137,ilegal_mining
320138,ilegal_mining
320139,ilegal_mining
320140,ilegal_mining
320142,ilegal_mining
320143,ilegal_mining
320145,ilegal_mining
320147,ilegal_mining
320149,ilegal_mining
320151,ilegal_mining
320152,ilegal_mining
320153,ilegal_mining
320155,ilegal_mining
320159,ilegal_mining
320161,ilegal_mining
320191,ilegal_mining
320192,ilegal_mining
320193,ilegal_mining
320196,ilegal_mining
320198,ilegal_mining
320199,ilegal_mining
320200,ilegal_mining
320201,ilegal_mining
320202,agriculture
320209,agriculture
320210,agriculture
320211,agriculture
320254,ilegal_mining
320255,ilegal_mining
320262,ilegal_mining
320267,agriculture
320281,agriculture
320318,agriculture
320324,agriculture
320371,agriculture
320430,agriculture
320431,agriculture
320447,agriculture
320452,agriculture
320501,agriculture
320559,agriculture
320604,agriculture
320622,agriculture
320750,agriculture
320758,ilegal_mining
320762,agriculture
320763,ilegal_mining
320765,ilegal_mining
320786,ilegal_mining
320791,agriculture
320825,agriculture
320844,agriculture
320849,agriculture
320853,agriculture
320898,agriculture
320906,agriculture
320912,agriculture
320946,ilegal_mining
320950,ilegal_mining
320952,ilegal_mining
320964,agriculture
320998,agriculture
321003,agriculture
321080,ilegal_mining
321088,ilegal_mining
321089,agriculture
321094,agriculture
321097,ilegal_mining
321101,ilegal_mining
321115,agriculture
321137,ilegal_mining
321190,agriculture
321224,agriculture
321246,agriculture
321265,agriculture
321266,agriculture
321271,agriculture
321277,agriculture
321286,agriculture
321288,agriculture
321291,agriculture
321297,agriculture
321300,agriculture
321309,agriculture
321322,agriculture
321327,agriculture
321328,agriculture
321330,agriculture
321333,agriculture
321337,agriculture
321338,agriculture
321339,agriculture
321347,ilegal_mining
321350,ilegal_mining
321353,ilegal_mining
321354,ilegal_mining
321355,agriculture
321358,agriculture
321367,agriculture
321395,agriculture
321399,agriculture
321400,agriculture
321402,agriculture
321406,agriculture
321426,agriculture
321442,agriculture
321445,agriculture
321451,agriculture
321464,agriculture
321473,agriculture
321475,agriculture
321476,agriculture
321487,agriculture
321496,agriculture
321502,agriculture
321512,agriculture
321513,agriculture
321522,agriculture
321524,agriculture
321531,agriculture
321532,agriculture
321534,agriculture
321536,agriculture
321537,agriculture
321544,agriculture
321550,agriculture
321553,agriculture
321554,agriculture
321555,agriculture
321558,agriculture
321559,agriculture
321565,agriculture
321576,agriculture
321578,agriculture
321584,agriculture
321593,agriculture
321595,agriculture
321596,agriculture
321612,agriculture
321614,agriculture
321615,agriculture
321618,agriculture
321624,agriculture
321638,agriculture
321641,agriculture
321643,agriculture
321656,agriculture
321659,agriculture
321660,agriculture
321674,agriculture
321675,agriculture
321701,agriculture
321702,agriculture
321706,agriculture
321711,agriculture
321712,agriculture
321716,agriculture
321733,agriculture
321737,agriculture
321740,agriculture
321743,agriculture
321744,agriculture
321748,agriculture
321753,agriculture
321759,agriculture
321764,agriculture
321765,agriculture
321767,agriculture
321777,agriculture
321780,agriculture
321786,agriculture
321791,agriculture
321795,agriculture
321807,agriculture
321821,agriculture
321822,agriculture
321829,agriculture
321834,agriculture
321836,agriculture
321837,agriculture
321838,agriculture
321840,agriculture
321841,agriculture
321848,agriculture
321855,agriculture
321856,agriculture
321857,agriculture
321860,agriculture
321861,agriculture
321868,agriculture
321872,agriculture
321873,agriculture
321880,agriculture
321887,agriculture
321888,agriculture
321891,agriculture
321897,agriculture
321898,agriculture
321912,agriculture
321915,agriculture
321923,agriculture
321933,agriculture
321934,agriculture
321937,agriculture
321948,agriculture
321950,agriculture
321951,agriculture
321954,agriculture
321957,agriculture
321961,agriculture
321964,agriculture
321966,agriculture
321970,agriculture
321976,agriculture
322010,agriculture
322048,agriculture
322126,agriculture
322145,agriculture
322150,agriculture
322182,agriculture
322377,agriculture
322379,agriculture
322381,agriculture
322386,agriculture
322387,agriculture
322400,agriculture
322406,agriculture
322420,agriculture
322437,agriculture
322438,agriculture
322440,agriculture
322446,agriculture
322454,agriculture
322459,agriculture
322464,agriculture
322475,agriculture
322478,agriculture
322490,agriculture
322495,agriculture
322498,agriculture
322505,agriculture
322509,agriculture
322512,agriculture
322514,agriculture
322540,agriculture
322561,agriculture
322583,agriculture
322591,agriculture
322595,agriculture
322609,agriculture
322625,agriculture
322626,agriculture
322653,agriculture
322659,agriculture
322667,agriculture
322672,agriculture
322674,agriculture
322678,ilegal_mining
322683,agriculture
322699,agriculture
322707,agriculture
322713,agriculture
322723,agriculture
322732,agriculture
322742,agriculture
322752,agriculture
322758,agriculture
322760,agriculture
322763,agriculture
322794,agriculture
322824,agriculture
322859,agriculture
322899,agriculture
322977,agriculture
322979,agriculture
322983,agriculture
322984,agriculture
323020,agriculture
323026,agriculture
323054,agriculture
323090,agriculture
323128,agriculture
323132,agriculture
323629,agriculture
326572,agriculture
326579,agriculture
326581,ilegal_mining
326582,ilegal_mining
326590,agriculture
326606,agriculture
326610,ilegal_mining
326626,agriculture
326627,agriculture
326644,agriculture
326647,agriculture
326654,agriculture
326697,agriculture
326759,agriculture
326780,agriculture
326781,agriculture
326783,agriculture
326816,agriculture
326832,agriculture
326855,agriculture
326860,agriculture
326871,agriculture
326891,agriculture
326894,agriculture
326898,ilegal_mining
326900,ilegal_mining
326903,ilegal_mining
326907,ilegal_mining
326919,ilegal_mining
326923,ilegal_mining
326924,ilegal_mining
326925,ilegal_mining
326926,ilegal_mining
326927,ilegal_mining
326928,ilegal_mining
326929,ilegal_mining
326930,ilegal_mining
326949,ilegal_mining
326950,ilegal_mining
326951,ilegal_mining
326952,ilegal_mining
326953,ilegal_mining
326956,ilegal_mining
326957,ilegal_mining
326958,ilegal_mining
326959,ilegal_mining
326960,ilegal_mining
326961,ilegal_mining
326962,ilegal_mining
326963,ilegal_mining
326964,ilegal_mining
326965,ilegal_mining
326980,agriculture
326981,agriculture
326983,agriculture
327032,agriculture
327059,agriculture
327060,agriculture
327084,agriculture
327094,agriculture
327102,agriculture
327120,agriculture
327122,agriculture
327173,agriculture
327178,agriculture
327184,agriculture
327191,agriculture
327193,agriculture
327194,agriculture
327209,agriculture
327215,agriculture
327221,agriculture
327222,agriculture
327224,agriculture
327228,agriculture
327229,agriculture
327233,agriculture
327234,agriculture
327235,agriculture
327241,agriculture
327246,agriculture
327251,agriculture
327258,agriculture
327259,agriculture
327271,agriculture
327278,agriculture
327286,ilegal_mining
327291,ilegal_mining
327305,agriculture
327328,agriculture
327331,agriculture
327336,agriculture
327338,agriculture
327344,agriculture
327368,agriculture
327372,agriculture
327374,agriculture
327380,agriculture
327386,agriculture
327408,agriculture
327505,agriculture
327518,agriculture
327536,agriculture
327553,ilegal_mining
327554,ilegal_mining
327576,agriculture
327582,agriculture
327602,agriculture
327604,agriculture
327611,agriculture
327647,agriculture
327690,agriculture
327819,agriculture
327863,agriculture
327866,agriculture
327882,agriculture
327967,agriculture
328065,agriculture
328067,agriculture
328097,agriculture
328101,agriculture
328111,agriculture
328123,ilegal_mining
328133,agriculture
328140,agriculture
328146,agriculture
328150,agriculture
328152,agriculture
328167,agriculture
328176,ilegal_mining
328182,agriculture
328192,agriculture
328197,agriculture
328248,agriculture
328264,agriculture
328278,agriculture
328289,agriculture
328300,agriculture
328566,agriculture
328604,agriculture
328620,agriculture
328627,agriculture
328630,agriculture
328641,agriculture
328649,agriculture
328656,agriculture
328657,agriculture
328658,agriculture
328663,agriculture
328667,agriculture
328672,agriculture
328673,agriculture
328682,agriculture
328700,agriculture
328707,agriculture
328711,agriculture
328714,agriculture
328726,agriculture
328731,agriculture
328734,agriculture
328746,agriculture
328767,agriculture
328774,agriculture
328775,agriculture
328790,agriculture
328793,agriculture
328799,agriculture
328827,agriculture
328850,agriculture
328920,agriculture
328951,agriculture
328967,agriculture
328969,agriculture
328989,agriculture
328990,agriculture
328992,agriculture
328993,agriculture
328996,ilegal_mining
329002,agriculture
329005,agriculture
329006,agriculture
329023,agriculture
329024,agriculture
329028,agriculture
329031,agriculture
329034,agriculture
329036,agriculture
329043,agriculture
329050,agriculture
329062,agriculture
329063,agriculture
329068,agriculture
329075,agriculture
329081,agriculture
329097,agriculture
329100,agriculture
329114,agriculture
329116,agriculture
329123,agriculture
329129,agriculture
329148,agriculture
329151,agriculture
329155,agriculture
329159,agriculture
329169,agriculture
329185,agriculture
329191,agriculture
329193,agriculture
329194,agriculture
329195,agriculture
329211,agriculture
329216,agriculture
329225,agriculture
329238,agriculture
329286,agriculture
329326,agriculture
329343,agriculture
329404,agriculture
329408,agriculture
329421,agriculture
329437,agriculture
329449,ilegal_mining
329463,agriculture
329472,ilegal_mining
329486,agriculture
329508,agriculture
329560,agriculture
329564,agriculture
329574,agriculture
329602,agriculture
329607,ilegal_mining
329659,agriculture
329682,ilegal_mining
329684,agriculture
329685,ilegal_mining
329687,ilegal_mining
329690,ilegal_mining
329694,agriculture
329702,ilegal_mining
329715,agriculture
329740,agriculture
329743,agriculture
329750,agriculture
329751,ilegal_mining
329763,agriculture
329768,ilegal_mining
329781,ilegal_mining
329783,ilegal_mining
329788,ilegal_mining
329791,ilegal_mining
329792,ilegal_mining
334696,agriculture
334707,agriculture
334724,ilegal_mining
334748,ilegal_mining
334760,agriculture
334794,ilegal_mining
334796,ilegal_mining
334797,ilegal_mining
334799,ilegal_mining
334800,ilegal_mining
334801,ilegal_mining
334802,ilegal_mining
334803,agriculture
334804,ilegal_mining
334805,ilegal_mining
334810,ilegal_mining
334811,ilegal_mining
334812,ilegal_mining
334814,ilegal_mining
334815,ilegal_mining
334816,ilegal_mining
334817,ilegal_mining
334819,ilegal_mining
334820,ilegal_mining
334821,ilegal_mining
334824,ilegal_mining
334826,ilegal_mining
334827,ilegal_mining
334828,ilegal_mining
334829,ilegal_mining
334830,ilegal_mining
334831,ilegal_mining
334832,ilegal_mining
334833,ilegal_mining
334835,ilegal_mining
334838,ilegal_mining
334840,ilegal_mining
334842,ilegal_mining
334844,ilegal_mining
334846,ilegal_mining
334848,ilegal_mining
334860,ilegal_mining
334868,agriculture
334877,agriculture
334896,agriculture
334903,agriculture
334922,agriculture
334956,ilegal_mining
334975,ilegal_mining
335020,ilegal_mining
335055,ilegal_mining
335077,agriculture
335142,ilegal_mining
335143,agriculture
335146,ilegal_mining
335147,ilegal_mining
335148,ilegal_mining
335149,ilegal_mining
335151,ilegal_mining
335153,ilegal_mining
335162,ilegal_mining
335163,ilegal_mining
335164,ilegal_mining
335165,ilegal_mining
335166,ilegal_mining
335167,ilegal_mining
335170,ilegal_mining
335171,ilegal_mining
335172,ilegal_mining
335174,ilegal_mining
335176,ilegal_mining
335177,ilegal_mining
335178,ilegal_mining
335181,ilegal_mining
335182,ilegal_mining
335184,ilegal_mining
335186,ilegal_mining
335187,ilegal_mining
335188,ilegal_mining
335189,ilegal_mining
335191,ilegal_mining
335192,ilegal_mining
335194,ilegal_mining
335195,ilegal_mining
335196,ilegal_mining
335197,ilegal_mining
335198,ilegal_mining
335199,ilegal_mining
335200,ilegal_mining
335201,ilegal_mining
335202,ilegal_mining
335203,ilegal_mining
335204,ilegal_mining
335206,ilegal_mining
335207,ilegal_mining
335209,ilegal_mining
335212,ilegal_mining
335215,ilegal_mining
335217,agriculture
335220,ilegal_mining
335223,ilegal_mining
335225,ilegal_mining
335226,ilegal_mining
335228,ilegal_mining
335229,ilegal_mining
335232,ilegal_mining
335237,ilegal_mining
335240,ilegal_mining
335242,ilegal_mining
335243,ilegal_mining
335247,ilegal_mining
335248,ilegal_mining
335249,ilegal_mining
335251,ilegal_mining
335253,ilegal_mining
335259,ilegal_mining
335262,ilegal_mining
337066,agriculture
337068,agriculture
337071,agriculture
337073,ilegal_mining
337082,ilegal_mining
337084,ilegal_mining
337087,ilegal_mining
337089,ilegal_mining
337095,agriculture
337101,agriculture
337107,ilegal_mining
337143,ilegal_mining
337147,agriculture
337151,agriculture
337165,ilegal_mining
337166,agriculture
337201,agriculture
337239,agriculture
337250,agriculture
337269,ilegal_mining
337273,agriculture
337275,agriculture
337284,agriculture
337287,ilegal_mining
337290,agriculture
337311,agriculture
337323,agriculture
337324,agriculture
337332,agriculture
337342,agriculture
337358,agriculture
337404,agriculture
337406,agriculture
337407,agriculture
337414,agriculture
337431,agriculture
337491,agriculture
337507,agriculture
337523,agriculture
337574,agriculture
337581,agriculture
337596,agriculture
337602,agriculture
337606,ilegal_mining
337609,agriculture
337614,ilegal_mining
337616,agriculture
337624,agriculture
337637,agriculture
337639,ilegal_mining
337640,ilegal_mining
337641,ilegal_mining
337659,ilegal_mining
337715,agriculture
337716,agriculture
337733,agriculture
337743,ilegal_mining
337746,agriculture
337764,ilegal_mining
337767,ilegal_mining
337768,ilegal_mining
337779,agriculture
337793,agriculture
337811,agriculture
337839,agriculture
337845,agriculture
337853,ilegal_mining
337857,ilegal_mining
337858,ilegal_mining
337870,ilegal_mining
337873,agriculture
337875,ilegal_mining
337877,agriculture
337878,ilegal_mining
337879,ilegal_mining
337880,ilegal_mining
337881,ilegal_mining
337884,ilegal_mining
337885,ilegal_mining
337886,ilegal_mining
337892,ilegal_mining
337895,ilegal_mining
337896,ilegal_mining
337897,ilegal_mining
337898,agriculture
337899,ilegal_mining
337902,ilegal_mining
337906,ilegal_mining
337907,ilegal_mining
337908,ilegal_mining
337910,ilegal_mining
337915,agriculture
337938,ilegal_mining
337940,ilegal_mining
337941,ilegal_mining
337943,ilegal_mining
337953,ilegal_mining
337956,ilegal_mining
337976,ilegal_mining
337978,ilegal_mining
337979,ilegal_mining
337980,ilegal_mining
337983,ilegal_mining
337984,ilegal_mining
337985,ilegal_mining
337986,ilegal_mining
337988,ilegal_mining
337989,ilegal_mining
337993,ilegal_mining
337999,ilegal_mining
338006,agriculture
338007,agriculture
338020,ilegal_mining
338022,agriculture
338023,ilegal_mining
338026,ilegal_mining
338027,ilegal_mining
338031,ilegal_mining
338044,agriculture
338052,agriculture
338053,ilegal_mining
338056,ilegal_mining
338060,ilegal_mining
338064,ilegal_mining
338065,ilegal_mining
338067,ilegal_mining
338071,agriculture
338097,ilegal_mining
338139,ilegal_mining
338141,ilegal_mining
338144,ilegal_mining
338146,ilegal_mining
338159,agriculture
338160,ilegal_mining
338170,ilegal_mining
338171,ilegal_mining
338173,ilegal_mining
338177,ilegal_mining
338178,ilegal_mining
338184,ilegal_mining
338187,ilegal_mining
338195,agriculture
338202,agriculture
338206,ilegal_mining
338216,ilegal_mining
338218,ilegal_mining
338219,ilegal_mining
338221,ilegal_mining
338222,ilegal_mining
338223,ilegal_mining
338224,ilegal_mining
338229,ilegal_mining
338232,ilegal_mining
338233,ilegal_mining
338236,ilegal_mining
338238,ilegal_mining
338239,ilegal_mining
338240,ilegal_mining
338241,agriculture
338242,ilegal_mining
338246,ilegal_mining
338254,ilegal_mining
338255,ilegal_mining
338256,ilegal_mining
338257,ilegal_mining
338258,ilegal_mining
338261,ilegal_mining
338264,ilegal_mining
338267,ilegal_mining
338269,ilegal_mining
338270,ilegal_mining
338273,ilegal_mining
338274,ilegal_mining
338275,ilegal_mining
338277,ilegal_mining
338278,ilegal_mining
338284,ilegal_mining
338285,ilegal_mining
338286,ilegal_mining
338287,ilegal_mining
338289,agriculture
338294,ilegal_mining
338300,ilegal_mining
338303,ilegal_mining
338305,ilegal_mining
338306,ilegal_mining
338308,ilegal_mining
338313,ilegal_mining
338314,ilegal_mining
338316,ilegal_mining
338318,ilegal_mining
338319,ilegal_mining
338350,agriculture
338353,agriculture
338355,agriculture
338372,agriculture
338373,agriculture
338477,agriculture
338526,agriculture
338622,agriculture
338678,agriculture
338681,agriculture
338773,agriculture
338774,agriculture
338798,agriculture
338801,agriculture
338824,agriculture
338832,agriculture
338837,agriculture
338847,agriculture
338853,agriculture
338858,agriculture
338868,ilegal_mining
338894,agriculture
338897,agriculture
338909,agriculture
338932,agriculture
338935,agriculture
338936,agriculture
338943,agriculture
338949,agriculture
338971,agriculture
338974,agriculture
339074,agriculture
339085,agriculture
339094,agriculture
339096,agriculture
339107,agriculture
339112,ilegal_mining
339130,agriculture
339234,agriculture
339238,ilegal_mining
339271,ilegal_mining
339277,agriculture
339280,agriculture
339282,agriculture
339295,agriculture
339299,agriculture
339306,agriculture
339329,ilegal_mining
339331,agriculture
339357,agriculture
339366,agriculture
339439,agriculture
339461,agriculture
339480,agriculture
339483,agriculture
339503,agriculture
339508,agriculture
339518,agriculture
339534,ilegal_mining
339535,agriculture
339537,agriculture
339541,agriculture
339550,agriculture
339555,agriculture
339566,agriculture
339583,ilegal_mining
339621,agriculture
339657,ilegal_mining
339665,agriculture
339713,agriculture
339740,agriculture
339774,agriculture
339784,agriculture
339797,agriculture
339817,agriculture
339818,agriculture
339848,agriculture
339849,urban_expansion
339903,agriculture
339909,agriculture
339912,ilegal_mining
339932,agriculture
339934,ilegal_mining
339935,ilegal_mining
339937,ilegal_mining
339942,agriculture
339943,ilegal_mining
339956,agriculture
339967,agriculture
339977,agriculture
340018,agriculture
340247,ilegal_mining
340268,ilegal_mining
340271,ilegal_mining
340280,ilegal_mining
340289,agriculture
340292,ilegal_mining
340294,agriculture
340311,agriculture
340316,agriculture
340318,agriculture
340325,agriculture
340345,ilegal_mining
340357,ilegal_mining
340381,ilegal_mining
340382,ilegal_mining
340384,ilegal_mining
340391,agriculture
340402,agriculture
340404,agriculture
340407,agriculture
340415,agriculture
340439,ilegal_mining
340446,agriculture
340455,ilegal_mining
340460,ilegal_mining
340462,agriculture
340500,ilegal_mining
340524,agriculture
340547,agriculture
340581,agriculture
340589,agriculture
340594,agriculture
340602,agriculture
340608,agriculture
340690,ilegal_mining
340723,agriculture
340732,ilegal_mining
340753,ilegal_mining
340754,agriculture
340771,agriculture
340790,agriculture
340814,agriculture
340861,ilegal_mining
340888,agriculture
340902,agriculture
340908,agriculture
340969,agriculture
340973,agriculture
340976,agriculture
340978,agriculture
341000,agriculture
341001,agriculture
341007,agriculture
341010,agriculture
341011,ilegal_mining
341014,agriculture
341629,agriculture
342578,ilegal_mining
342599,agriculture
342619,agriculture
342633,ilegal_mining
342651,agriculture
342652,ilegal_mining
342667,agriculture
342669,agriculture
342675,ilegal_mining
342723,agriculture
342743,agriculture
342747,agriculture
342778,agriculture
342782,ilegal_mining
342786,ilegal_mining
342791,ilegal_mining
342796,agriculture
342812,ilegal_mining
342814,ilegal_mining
342816,ilegal_mining
342819,ilegal_mining
342821,ilegal_mining
342822,ilegal_mining
342823,ilegal_mining
342824,ilegal_mining
342825,agriculture
342828,ilegal_mining
342831,ilegal_mining
342832,ilegal_mining
342842,ilegal_mining
342846,ilegal_mining
342848,ilegal_mining
342853,ilegal_mining
342862,ilegal_mining
342863,ilegal_mining
342864,ilegal_mining
342866,ilegal_mining
344474,ilegal_mining
344486,agriculture
344497,agriculture
344519,agriculture
344530,agriculture
344559,agriculture
344561,agriculture
344564,agriculture
344606,agriculture
344628,ilegal_mining
344635,ilegal_mining
344637,ilegal_mining
344639,ilegal_mining
344746,ilegal_mining
344756,ilegal_mining
344757,ilegal_mining
344822,agriculture
344832,ilegal_mining
344877,agriculture
344886,ilegal_mining
344887,ilegal_mining
344888,ilegal_mining
344889,ilegal_mining
344893,ilegal_mining
344899,ilegal_mining
344901,ilegal_mining
344902,ilegal_mining
344906,ilegal_mining
344907,ilegal_mining
344909,ilegal_mining
344912,ilegal_mining
344915,ilegal_mining
344918,ilegal_mining
344919,ilegal_mining
344921,ilegal_mining
344923,ilegal_mining
344925,ilegal_mining
344926,ilegal_mining
344927,ilegal_mining
344929,ilegal_mining
344930,ilegal_mining
344934,ilegal_mining
344939,ilegal_mining
344940,ilegal_mining
344941,ilegal_mining
344942,ilegal_mining
344943,ilegal_mining
344946,ilegal_mining
344947,ilegal_mining
344948,ilegal_mining
344953,ilegal_mining
344954,ilegal_mining
344955,ilegal_mining
344957,ilegal_mining
344960,ilegal_mining
344963,ilegal_mining
344964,ilegal_mining
344966,ilegal_mining
344970,ilegal_mining
344973,ilegal_mining
344983,ilegal_mining
344986,ilegal_mining
344988,ilegal_mining
344989,ilegal_mining
344990,ilegal_mining
344995,ilegal_mining
344996,ilegal_mining
345001,ilegal_mining
345006,ilegal_mining
345578,agriculture
346829,agriculture
346911,agriculture
346920,agriculture
346930,agriculture
346942,agriculture
346949,agriculture
346950,agriculture
346953,agriculture
346980,ilegal_mining
346983,agriculture
347009,agriculture
347016,agriculture
347017,ilegal_mining
347058,agriculture
347083,ilegal_mining
347084,agriculture
347091,agriculture
347120,agriculture
347139,agriculture
347182,ilegal_mining
347197,agriculture
347203,agriculture
347211,agriculture
347214,agriculture
347216,agriculture
347220,ilegal_mining
347223,agriculture
347290,agriculture
347331,agriculture
347352,agriculture
347354,ilegal_mining
347358,agriculture
347371,agriculture
347381,agriculture
347398,agriculture
347409,ilegal_mining
347412,agriculture
347417,agriculture
347421,agriculture
347430,agriculture
347445,agriculture
347489,agriculture
347503,ilegal_mining
347510,agriculture
347547,agriculture
347555,agriculture
347560,agriculture
347568,agriculture
347578,ilegal_mining
347580,ilegal_mining
347584,ilegal_mining
347585,ilegal_mining
347586,ilegal_mining
347588,ilegal_mining
347589,ilegal_mining
347596,agriculture
347605,agriculture
347640,agriculture
347654,ilegal_mining
347664,ilegal_mining
347665,ilegal_mining
347666,ilegal_mining
347667,ilegal_mining
347670,ilegal_mining
347672,ilegal_mining
347674,ilegal_mining
347676,ilegal_mining
347677,ilegal_mining
347678,ilegal_mining
347680,ilegal_mining
347681,ilegal_mining
347682,ilegal_mining
347683,ilegal_mining
347686,ilegal_mining
347687,ilegal_mining
347711,ilegal_mining
347712,ilegal_mining
347715,ilegal_mining
347716,ilegal_mining
347719,ilegal_mining
347721,ilegal_mining
347725,agriculture
347774,ilegal_mining
347775,ilegal_mining
347786,ilegal_mining
347793,ilegal_mining
347803,agriculture
347809,ilegal_mining
347844,agriculture
347845,ilegal_mining
347848,ilegal_mining
347919,agriculture
347924,ilegal_mining
347927,ilegal_mining
347929,ilegal_mining
347930,ilegal_mining
347937,ilegal_mining
347951,ilegal_mining
347957,agriculture
347964,ilegal_mining
347970,agriculture
347995,agriculture
348003,ilegal_mining
348019,ilegal_mining
348020,ilegal_mining
348024,ilegal_mining
348025,ilegal_mining
348026,ilegal_mining
348027,ilegal_mining
348029,ilegal_mining
348030,ilegal_mining
348032,ilegal_mining
348033,ilegal_mining
348035,ilegal_mining
348036,ilegal_mining
348037,ilegal_mining
348040,ilegal_mining
348041,ilegal_mining
348045,agriculture
348046,ilegal_mining
348047,ilegal_mining
348048,ilegal_mining
348050,ilegal_mining
348052,ilegal_mining
348053,ilegal_mining
348054,ilegal_mining
348055,ilegal_mining
348056,ilegal_mining
348107,agriculture
348116,ilegal_mining
348147,agriculture
348157,ilegal_mining
348177,agriculture
348178,agriculture
348183,agriculture
348195,agriculture
348199,agriculture
348220,agriculture
348253,agriculture
348371,agriculture
348383,agriculture
348414,agriculture
348434,agriculture
348761,ilegal_mining
348764,ilegal_mining
348772,ilegal_mining
348784,ilegal_mining
348906,agriculture
349092,agriculture
349096,agriculture
349100,agriculture
349105,agriculture
349112,agriculture
349152,agriculture
349166,agriculture
349172,agriculture
349190,ilegal_mining
349197,agriculture
349200,agriculture
349215,agriculture
349229,agriculture
349250,ilegal_mining
349256,ilegal_mining
349258,ilegal_mining
349268,ilegal_mining
349271,agriculture
349375,agriculture
349399,agriculture
349410,ilegal_mining
349413,agriculture
349418,ilegal_mining
349437,ilegal_mining
349444,agriculture
349445,ilegal_mining
349446,ilegal_mining
349453,agriculture
349476,agriculture
349477,agriculture
349484,agriculture
349487,agriculture
349509,ilegal_mining
349511,ilegal_mining
349513,urban_expansion
349515,ilegal_mining
349518,ilegal_mining
349523,ilegal_mining
349524,agriculture
349530,ilegal_mining
349539,ilegal_mining
349568,urban_expansion
349585,ilegal_mining
349588,ilegal_mining
349589,ilegal_mining
349597,ilegal_mining
349612,agriculture
349704,agriculture
349709,agriculture
349716,agriculture
349735,agriculture
349771,agriculture
349777,agriculture
349811,ilegal_mining
349837,ilegal_mining
349846,ilegal_mining
349871,ilegal_mining
349872,ilegal_mining
349883,ilegal_mining
349888,ilegal_mining
349889,agriculture
349893,ilegal_mining
349894,agriculture
349913,ilegal_mining
349918,ilegal_mining
349924,agriculture
349930,agriculture
349937,ilegal_mining
349951,agriculture
350011,ilegal_mining
350017,agriculture
350057,agriculture
350091,ilegal_mining
350106,agriculture
350132,agriculture
350137,agriculture
350145,ilegal_mining
350155,ilegal_mining
350156,agriculture
350175,agriculture
350191,agriculture
350195,agriculture
350231,agriculture
350237,agriculture
350238,agriculture
350246,agriculture
350247,agriculture
350250,agriculture
350254,agriculture
350255,agriculture
350265,agriculture
350267,agriculture
350276,ilegal_mining
350278,ilegal_mining
350280,ilegal_mining
350281,ilegal_mining
350282,ilegal_mining
350283,ilegal_mining
350284,ilegal_mining
350285,ilegal_mining
350302,agriculture
350318,agriculture
350322,agriculture
350343,ilegal_mining
350348,agriculture
350354,agriculture
350383,agriculture
350395,agriculture
350457,agriculture
350458,agriculture
350493,agriculture
350495,agriculture
350506,ilegal_mining
350516,agriculture
350518,agriculture
350525,ilegal_mining
350528,ilegal_mining
350533,ilegal_mining
350552,agriculture
350559,agriculture
350580,agriculture
350593,agriculture
350601,agriculture
350632,agriculture
350656,agriculture
350667,agriculture
350678,agriculture
350684,agriculture
350712,agriculture
350716,agriculture
350756,agriculture
350771,ilegal_mining
350776,ilegal_mining
350780,agriculture
350787,agriculture
350821,agriculture
350823,agriculture
350879,agriculture
350880,urban_expansion
350883,agriculture
350885,agriculture
350888,agriculture
350891,ilegal_mining
350901,agriculture
350913,agriculture
350921,agriculture
351000,agriculture
351091,ilegal_mining
351100,agriculture
351122,ilegal_mining
351130,ilegal_mining
351150,agriculture
351158,urban_expansion
351159,ilegal_mining
351217,agriculture
351257,agriculture
351259,ilegal_mining
351260,agriculture
351266,agriculture
351277,agriculture
351278,agriculture
351295,ilegal_mining
351308,agriculture
351343,agriculture
351346,agriculture
351349,agriculture
351350,agriculture
351352,agriculture
351357,agriculture
351365,agriculture
351369,agriculture
351395,agriculture
351428,agriculture
351508,agriculture
351509,ilegal_mining
351548,ilegal_mining
351550,agriculture
351558,ilegal_mining
351570,ilegal_mining
351573,ilegal_mining
351596,agriculture
351614,agriculture
351644,agriculture
351650,ilegal_mining
351656,ilegal_mining
351697,ilegal_mining
351720,agriculture
351732,agriculture
351777,agriculture
351805,agriculture
351812,agriculture
351817,agriculture
351837,agriculture
351841,agriculture
351875,agriculture
351971,ilegal_mining
351987,agriculture
351991,ilegal_mining
351996,agriculture
352035,agriculture
352062,ilegal_mining
352073,agriculture
352085,agriculture
352102,agriculture
352154,agriculture
352258,agriculture
352363,agriculture
352472,agriculture
352473,agriculture
352529,ilegal_mining
352541,agriculture
352609,agriculture
352646,agriculture
352657,ilegal_mining
352750,ilegal_mining
352778,agriculture
352845,agriculture
352847,agriculture
352849,agriculture
352864,ilegal_mining
352868,ilegal_mining
352869,ilegal_mining
352870,ilegal_mining
352890,agriculture
352903,agriculture
352908,agriculture
352911,agriculture
352919,agriculture
352924,urban_expansion
352925,agriculture
352927,agriculture
352928,agriculture
352931,agriculture
353047,agriculture
353100,agriculture
353130,ilegal_mining
353149,agriculture
353198,ilegal_mining
353217,agriculture
353239,agriculture
353247,ilegal_mining
353357,ilegal_mining
353363,ilegal_mining
353371,agriculture
353379,urban_expansion
353386,agriculture
353434,agriculture
353455,agriculture
353513,agriculture
353578,ilegal_mining
353579,agriculture
353606,agriculture
353608,agriculture
353672,agriculture
353712,agriculture
353715,agriculture
353732,agriculture
353775,agriculture
353924,agriculture
354001,urban_expansion
354008,agriculture
354039,agriculture
354059,agriculture
354087,agriculture
354141,agriculture
354142,ilegal_mining
354143,agriculture
354148,ilegal_mining
354150,ilegal_mining
354153,agriculture
354160,ilegal_mining
354164,agriculture
354176,urban_expansion
354190,agriculture
354220,agriculture
354226,agriculture
354248,agriculture
354261,agriculture
354275,agriculture
354279,ilegal_mining
354281,ilegal_mining
354297,ilegal_mining
354319,ilegal_mining
354324,ilegal_mining
354330,ilegal_mining
354353,agriculture
354397,agriculture
354398,agriculture
354461,agriculture
354466,agriculture
354531,agriculture
354785,agriculture
354844,agriculture
354886,agriculture
354891,agriculture
354907,agriculture
354938,agriculture
354951,agriculture
354966,agriculture
354988,agriculture
354991,agriculture
355037,agriculture
355052,agriculture
355064,ilegal_mining
355067,agriculture
355073,agriculture
355076,agriculture
355110,agriculture
355235,agriculture
355319,agriculture
355331,ilegal_mining
355363,agriculture
355400,agriculture
355430,agriculture
355439,ilegal_mining
355454,ilegal_mining
355495,ilegal_mining
355501,ilegal_mining
355505,ilegal_mining
355506,agriculture
355532,ilegal_mining
355580,agriculture
355586,agriculture
355608,agriculture
355610,agriculture
355661,ilegal_mining
355760,agriculture
355763,agriculture
355786,agriculture
355851,agriculture
355876,agriculture
355893,agriculture
355922,ilegal_mining
355961,agriculture
356002,agriculture
356051,agriculture
356137,agriculture
356308,agriculture
356316,agriculture
356318,agriculture
356322,agriculture
356327,agriculture
356329,agriculture
356334,agriculture
356362,agriculture
356440,agriculture
356450,agriculture
356479,agriculture
356491,agriculture
356504,agriculture
356516,agriculture
356532,agriculture
356534,agriculture
356542,agriculture
356544,agriculture
356546,agriculture
356553,agriculture
356556,agriculture
356570,agriculture
356600,agriculture
356673,agriculture
356674,urban_expansion
356716,agriculture
356725,agriculture
356727,agriculture
356739,agriculture
356740,agriculture
356769,ilegal_mining
356799,agriculture
356829,agriculture
356873,agriculture
356896,agriculture
356904,agriculture
356912,agriculture
356924,agriculture
356957,agriculture
356959,agriculture
357022,agriculture
357023,agriculture
357116,agriculture
357127,agriculture
357129,agriculture
357145,agriculture
357199,agriculture
377725,agriculture
378881,agriculture
379279,agriculture
379554,agriculture
379558,agriculture
380269,agriculture
380289,agriculture
380313,agriculture
396323,agriculture
396328,agriculture
396343,ilegal_mining
396352,agriculture
396362,ilegal_mining
396363,agriculture
396388,agriculture
396431,agriculture
396493,ilegal_mining
396535,agriculture
396583,agriculture
396619,agriculture
396620,agriculture
396636,agriculture
396667,agriculture
396677,agriculture
396685,agriculture
396686,agriculture
396714,agriculture
396719,agriculture
396720,ilegal_mining
396733,agriculture
396734,agriculture
396749,agriculture
396751,agriculture
396752,agriculture
396790,agriculture
396797,agriculture
396802,agriculture
396811,agriculture
396852,agriculture
396882,agriculture
396960,agriculture
396962,agriculture
397000,agriculture
397049,agriculture
397059,agriculture
397089,agriculture
397148,agriculture
397203,agriculture
397232,agriculture
397236,agriculture
397256,agriculture
397263,agriculture
397280,agriculture
397294,agriculture
397320,agriculture
397330,agriculture
397351,agriculture
397368,agriculture
397403,agriculture
397495,agriculture
397513,agriculture
397537,agriculture
397547,agriculture
397548,ilegal_mining
397605,agriculture
397606,agriculture
397608,agriculture
397614,agriculture
397635,ilegal_mining
397637,ilegal_mining
397641,agriculture
397649,ilegal_mining
397679,agriculture
397714,ilegal_mining
397723,ilegal_mining
397725,ilegal_mining
397758,agriculture
397763,ilegal_mining
397765,ilegal_mining
397766,ilegal_mining
397767,ilegal_mining
397770,ilegal_mining
397771,ilegal_mining
397772,ilegal_mining
397784,agriculture
397795,ilegal_mining
397799,ilegal_mining
397801,agriculture
397823,ilegal_mining
397825,ilegal_mining
397865,ilegal_mining
397866,ilegal_mining
397867,ilegal_mining
397868,ilegal_mining
397876,agriculture
397880,agriculture
397945,agriculture
397964,ilegal_mining
397994,agriculture
398028,agriculture
398032,agriculture
398037,ilegal_mining
398055,ilegal_mining
398068,ilegal_mining
398075,agriculture
398080,agriculture
398109,agriculture
398114,ilegal_mining
398149,ilegal_mining
398152,agriculture
398157,ilegal_mining
398205,agriculture
398214,ilegal_mining
398225,ilegal_mining
398228,ilegal_mining
398230,ilegal_mining
398231,ilegal_mining
398236,ilegal_mining
398238,ilegal_mining
398240,ilegal_mining
398241,ilegal_mining
398243,ilegal_mining
398244,ilegal_mining
398245,ilegal_mining
398246,ilegal_mining
398247,ilegal_mining
398249,ilegal_mining
398251,ilegal_mining
398252,ilegal_mining
398262,ilegal_mining
398270,ilegal_mining
398361,agriculture
398432,agriculture
398505,agriculture
398508,agriculture
398577,agriculture
398583,ilegal_mining
398588,agriculture
398620,agriculture
398679,agriculture
399249,agriculture
399268,agriculture
399288,agriculture
399310,agriculture
399320,agriculture
399380,agriculture
399383,agriculture
399404,agriculture
399417,agriculture
399450,agriculture
399588,agriculture
399606,agriculture
399688,agriculture
399724,agriculture
399766,agriculture
399791,agriculture
399873,agriculture
399962,ilegal_mining
399977,ilegal_mining
399980,agriculture
400070,agriculture
400090,agriculture
400101,agriculture
400153,agriculture
400182,agriculture
400276,agriculture
400335,agriculture
400358,agriculture
400406,agriculture
400451,agriculture
400528,agriculture
400678,agriculture
400706,agriculture
400729,agriculture
400804,agriculture
400838,ilegal_mining
400852,agriculture
400860,agriculture
400868,agriculture
400869,agriculture
400903,ilegal_mining
400935,agriculture
400937,agriculture
400957,agriculture
400967,agriculture
400977,agriculture
401201,agriculture
401296,agriculture
401512,agriculture
401708,agriculture
402362,ilegal_mining
402367,agriculture
402375,ilegal_mining
402624,agriculture
402795,agriculture
403137,ilegal_mining
403237,agriculture
403263,agriculture
403302,ilegal_mining
403350,agriculture
403438,ilegal_mining
403462,agriculture
403487,ilegal_mining
403509,ilegal_mining
403516,ilegal_mining
403535,ilegal_mining
403536,ilegal_mining
403560,ilegal_mining
403592,ilegal_mining
403603,ilegal_mining
403614,ilegal_mining
403667,ilegal_mining
403704,ilegal_mining
403708,agriculture
403715,agriculture
403742,ilegal_mining
403757,agriculture
403780,ilegal_mining
403806,ilegal_mining
403807,agriculture
403819,agriculture
403837,ilegal_mining
403860,agriculture
403866,ilegal_mining
403882,ilegal_mining
403886,ilegal_mining
403898,agriculture
403909,agriculture
403917,ilegal_mining
403938,agriculture
403947,ilegal_mining
403956,agriculture
403959,agriculture
403967,agriculture
403985,agriculture
403990,agriculture
403995,ilegal_mining
404010,ilegal_mining
404020,ilegal_mining
404026,agriculture
404037,agriculture
404043,agriculture
404049,ilegal_mining
404061,ilegal_mining
404065,agriculture
404071,ilegal_mining
404080,agriculture
404100,ilegal_mining
404103,ilegal_mining
404110,agriculture
404115,ilegal_mining
404117,ilegal_mining
404122,ilegal_mining
404140,agriculture
404193,ilegal_mining
404200,agriculture
404201,agriculture
404208,ilegal_mining
404216,ilegal_mining
404222,agriculture
404230,ilegal_mining
404303,ilegal_mining
404307,agriculture
404323,ilegal_mining
404326,ilegal_mining
404353,ilegal_mining
404373,agriculture
404378,agriculture
404381,ilegal_mining
404382,ilegal_mining
404385,agriculture
404386,ilegal_mining
404408,agriculture
404415,ilegal_mining
404426,agriculture
404430,ilegal_mining
404455,agriculture
404459,ilegal_mining
404461,ilegal_mining
404463,ilegal_mining
404467,ilegal_mining
404494,ilegal_mining
404501,agriculture
404511,ilegal_mining
404526,ilegal_mining
404530,ilegal_mining
404537,ilegal_mining
404557,ilegal_mining
404580,agriculture
404582,agriculture
404588,agriculture
404591,agriculture
404597,agriculture
404599,ilegal_mining
404600,ilegal_mining
404643,agriculture
404664,ilegal_mining
404691,agriculture
404702,agriculture
404705,ilegal_mining
404720,ilegal_mining
404730,ilegal_mining
404766,agriculture
404790,agriculture
404798,ilegal_mining
404801,agriculture
404818,agriculture
404826,agriculture
404842,agriculture
404843,agriculture
404853,ilegal_mining
404876,ilegal_mining
404883,ilegal_mining
404887,ilegal_mining
404888,agriculture
404890,ilegal_mining
404894,ilegal_mining
404906,agriculture
404910,ilegal_mining
404921,agriculture
404927,agriculture
404935,agriculture
404939,ilegal_mining
404953,agriculture
404955,ilegal_mining
404970,ilegal_mining
404981,ilegal_mining
405008,agriculture
405012,ilegal_mining
405016,agriculture
405025,ilegal_mining
405031,agriculture
405037,ilegal_mining
405041,agriculture
405044,ilegal_mining
405049,ilegal_mining
405059,ilegal_mining
405067,ilegal_mining
405077,ilegal_mining
405081,ilegal_mining
405087,ilegal_mining
405112,ilegal_mining
405141,agriculture
405224,agriculture
405225,ilegal_mining
405238,agriculture
405281,agriculture
405306,agriculture
405316,agriculture
405330,ilegal_mining
405353,agriculture
405369,ilegal_mining
405375,agriculture
405384,ilegal_mining
405405,agriculture
405446,agriculture
405507,ilegal_mining
405513,ilegal_mining
405527,ilegal_mining
405575,agriculture
405581,agriculture
405583,ilegal_mining
405604,ilegal_mining
405613,agriculture
405616,agriculture
405638,agriculture
405680,ilegal_mining
405683,ilegal_mining
405705,agriculture
405735,agriculture
405741,agriculture
405846,agriculture
405847,agriculture
405848,agriculture
405903,agriculture
405983,agriculture
406083,agriculture
406186,agriculture
406212,agriculture
406223,agriculture
406273,agriculture
406374,agriculture
406377,agriculture
406406,agriculture
406428,agriculture
406460,agriculture
406467,agriculture
406480,agriculture
406491,agriculture
406492,agriculture
406496,agriculture
406500,agriculture
406521,agriculture
406539,agriculture
406550,agriculture
406559,agriculture
406566,agriculture
406581,agriculture
406583,agriculture
406586,agriculture
406604,agriculture
406615,agriculture
406626,agriculture
406672,agriculture
406680,agriculture
406686,agriculture
406709,agriculture
406717,agriculture
406743,agriculture
406778,agriculture
406780,agriculture
406828,agriculture
406830,agriculture
406833,agriculture
406837,agriculture
406880,agriculture
406892,agriculture
406903,agriculture
406905,agriculture
406931,agriculture
406957,agriculture
406977,agriculture
407064,agriculture
407074,agriculture
407094,agriculture
407109,agriculture
407120,agriculture
407135,agriculture
407137,agriculture
407141,agriculture
407161,agriculture
407177,agriculture
407248,agriculture
407260,agriculture
407268,agriculture
407274,agriculture
407284,agriculture
407298,agriculture
407304,agriculture
407328,agriculture
407379,agriculture
407422,agriculture
407447,agriculture
407461,agriculture
407464,agriculture
407497,agriculture
407519,agriculture
407541,agriculture
407546,agriculture
407552,agriculture
407556,agriculture
407671,ilegal_mining
407700,agriculture
407731,agriculture
407743,agriculture
407747,ilegal_mining
407748,agriculture
407789,agriculture
407790,agriculture
407877,agriculture
407886,agriculture
407893,agriculture
407895,agriculture
407903,agriculture
407904,agriculture
407929,agriculture
407930,agriculture
407932,ilegal_mining
407933,ilegal_mining
407934,ilegal_mining
407935,ilegal_mining
407936,ilegal_mining
407938,agriculture
407950,ilegal_mining
407951,ilegal_mining
407952,ilegal_mining
408924,agriculture
411920,agriculture
411924,ilegal_mining
411930,ilegal_mining
411931,ilegal_mining
411933,ilegal_mining
411938,ilegal_mining
411941,agriculture
412138,agriculture
412140,agriculture
412152,agriculture
412234,agriculture
412246,ilegal_mining
412278,agriculture
412290,agriculture
412346,agriculture
412363,agriculture
412418,ilegal_mining
412425,ilegal_mining
412439,ilegal_mining
412478,ilegal_mining
412562,agriculture
412578,agriculture
412604,ilegal_mining
412652,ilegal_mining
412655,ilegal_mining
412656,ilegal_mining
412657,ilegal_mining
412658,ilegal_mining
412659,ilegal_mining
412662,ilegal_mining
412667,ilegal_mining
412673,ilegal_mining
412680,ilegal_mining
412689,ilegal_mining
412694,ilegal_mining
412698,agriculture
412703,ilegal_mining
412708,ilegal_mining
412716,ilegal_mining
412744,agriculture
412749,ilegal_mining
412756,ilegal_mining
412759,ilegal_mining
412766,ilegal_mining
412774,ilegal_mining
412775,ilegal_mining
412791,ilegal_mining
412803,ilegal_mining
412811,ilegal_mining
412815,ilegal_mining
412827,ilegal_mining
412829,ilegal_mining
412830,ilegal_mining
412831,ilegal_mining
412832,ilegal_mining
412842,ilegal_mining
412855,ilegal_mining
412856,ilegal_mining
412858,ilegal_mining
412868,ilegal_mining
412870,ilegal_mining
412872,ilegal_mining
412875,ilegal_mining
412884,ilegal_mining
412886,agriculture
412908,ilegal_mining
412913,ilegal_mining
412914,ilegal_mining
412917,ilegal_mining
412918,ilegal_mining
412923,ilegal_mining
412928,agriculture
412934,ilegal_mining
412936,ilegal_mining
412937,ilegal_mining
412938,ilegal_mining
412949,ilegal_mining
412953,ilegal_mining
412972,agriculture
412977,ilegal_mining
412978,ilegal_mining
412979,ilegal_mining
412985,ilegal_mining
412990,ilegal_mining
412992,ilegal_mining
413017,ilegal_mining
413018,ilegal_mining
413078,agriculture
413082,agriculture
413084,agriculture
413098,agriculture
413137,agriculture
413177,agriculture
413188,agriculture
413193,agriculture
413195,agriculture
413201,agriculture
413238,agriculture
413242,agriculture
413261,agriculture
413262,agriculture
413268,agriculture
413269,agriculture
413302,agriculture
413310,ilegal_mining
413311,agriculture
413313,agriculture
413318,agriculture
413367,agriculture
413382,agriculture
413396,agriculture
413398,agriculture
413431,agriculture
413448,agriculture
413465,agriculture
413468,agriculture
413477,agriculture
413503,agriculture
413523,ilegal_mining
413528,ilegal_mining
413533,ilegal_mining
413564,agriculture
413565,agriculture
413586,agriculture
413596,agriculture
413601,agriculture
413616,agriculture
413637,agriculture
413680,agriculture
413684,agriculture
413689,agriculture
413723,agriculture
413733,agriculture
413739,agriculture
413741,agriculture
413767,agriculture
413769,agriculture
413782,agriculture
413807,agriculture
413818,agriculture
413857,agriculture
413881,agriculture
413884,agriculture
413887,agriculture
413910,agriculture
413919,agriculture
413987,agriculture
413999,agriculture
414035,agriculture
414048,agriculture
414051,agriculture
414053,agriculture
414072,agriculture
414112,agriculture
414115,agriculture
414130,ilegal_mining
414131,ilegal_mining
414133,ilegal_mining
414145,ilegal_mining
414147,ilegal_mining
414150,ilegal_mining
414151,ilegal_mining
414155,ilegal_mining
414173,ilegal_mining
414174,ilegal_mining
414205,agriculture
414209,agriculture
414236,agriculture
414313,agriculture
414321,agriculture
414326,agriculture
414343,agriculture
414367,agriculture
414380,agriculture
414441,agriculture
414465,agriculture
414622,agriculture
414702,agriculture
414775,agriculture
414776,agriculture
414796,agriculture
414797,ilegal_mining
414802,agriculture
414827,agriculture
414837,agriculture
414884,agriculture
414893,agriculture
415028,agriculture
415029,agriculture
415044,agriculture
415102,agriculture
415124,agriculture
415179,agriculture
415184,agriculture
415306,agriculture
415648,ilegal_mining
415700,agriculture
415730,agriculture
415809,agriculture
415910,agriculture
415939,agriculture
415954,agriculture
416010,agriculture
416073,agriculture
416118,ilegal_mining
416137,agriculture
416177,agriculture
416213,ilegal_mining
416278,agriculture
416280,agriculture
416289,agriculture
416401,agriculture
416405,agriculture
416464,agriculture
416553,agriculture
416605,agriculture
416670,agriculture
416691,agriculture
416720,agriculture
416968,agriculture
416970,agriculture
417135,agriculture
417226,agriculture
417282,agriculture
417407,agriculture
417560,agriculture
417580,agriculture
417586,agriculture
417632,agriculture
417675,agriculture
417680,agriculture
417700,agriculture
417704,agriculture
417849,agriculture
418203,agriculture
418357,agriculture
418450,ilegal_mining
418537,ilegal_mining
418549,ilegal_mining
418555,ilegal_mining
418628,ilegal_mining
418644,ilegal_mining
418659,agriculture
418661,ilegal_mining
418669,ilegal_mining
418670,ilegal_mining
418704,agriculture
418734,agriculture
418770,agriculture
418817,ilegal_mining
418820,ilegal_mining
418822,agriculture
418826,agriculture
418829,ilegal_mining
418832,ilegal_mining
418851,ilegal_mining
418859,ilegal_mining
418860,ilegal_mining
418867,ilegal_mining
418875,agriculture
418926,ilegal_mining
418963,agriculture
419020,agriculture
419059,ilegal_mining
419072,agriculture
419079,agriculture
419111,agriculture
419113,agriculture
419116,agriculture
419121,agriculture
419125,agriculture
419153,ilegal_mining
419182,ilegal_mining
419200,agriculture
419210,ilegal_mining
419232,ilegal_mining
419243,agriculture
419246,agriculture
419254,agriculture
419258,ilegal_mining
419261,agriculture
419285,ilegal_mining
419298,ilegal_mining
419314,ilegal_mining
419315,ilegal_mining
419322,ilegal_mining
419333,ilegal_mining
419339,agriculture
419346,ilegal_mining
419347,agriculture
419355,ilegal_mining
419387,agriculture
419397,ilegal_mining
419400,ilegal_mining
419436,ilegal_mining
419470,agriculture
419474,agriculture
419483,ilegal_mining
419507,ilegal_mining
419519,ilegal_mining
419524,ilegal_mining
419526,ilegal_mining
419537,ilegal_mining
419586,ilegal_mining
419588,ilegal_mining
419592,ilegal_mining
419617,ilegal_mining
419631,ilegal_mining
419664,ilegal_mining
419676,ilegal_mining
419693,ilegal_mining
419700,ilegal_mining
419708,ilegal_mining
419719,agriculture
419750,agriculture
419756,ilegal_mining
419767,ilegal_mining
419826,agriculture
419837,agriculture
419838,ilegal_mining
419839,agriculture
419852,agriculture
419860,ilegal_mining
419865,ilegal_mining
419876,ilegal_mining
419889,ilegal_mining
419894,agriculture
419895,agriculture
419962,ilegal_mining
419982,ilegal_mining
419995,ilegal_mining
419998,ilegal_mining
420000,ilegal_mining
420002,ilegal_mining
420005,ilegal_mining
420015,agriculture
420016,ilegal_mining
420024,ilegal_mining
420028,ilegal_mining
420030,ilegal_mining
420040,ilegal_mining
420041,ilegal_mining
420044,agriculture
420052,ilegal_mining
420057,ilegal_mining
420084,ilegal_mining
420137,ilegal_mining
420162,ilegal_mining
420172,ilegal_mining
420174,ilegal_mining
420189,ilegal_mining
420205,ilegal_mining
420206,ilegal_mining
420208,agriculture
420221,agriculture
420231,agriculture
420238,agriculture
420255,agriculture
420264,ilegal_mining
420291,agriculture
420305,agriculture
420312,agriculture
420383,ilegal_mining
420387,agriculture
420396,agriculture
420409,agriculture
420411,ilegal_mining
420413,agriculture
420461,agriculture
420464,agriculture
420490,agriculture
420496,agriculture
420498,agriculture
420510,agriculture
420548,agriculture
420554,agriculture
420585,agriculture
420588,agriculture
420607,agriculture
420613,agriculture
420716,agriculture
420718,agriculture
420728,agriculture
420739,agriculture
420741,agriculture
420795,agriculture
420800,agriculture
420806,agriculture
420813,agriculture
420823,agriculture
420838,agriculture
420841,agriculture
420843,agriculture
420853,agriculture
420911,agriculture
420920,agriculture
420999,agriculture
421011,agriculture
421021,agriculture
421029,agriculture
421041,agriculture
421052,agriculture
421073,agriculture
421139,agriculture
421162,agriculture
421168,agriculture
421206,agriculture
421227,agriculture
421236,agriculture
421250,agriculture
421255,agriculture
421257,agriculture
421266,agriculture
421290,agriculture
421293,agriculture
421305,agriculture
421355,agriculture
421377,agriculture
421381,agriculture
421384,agriculture
421394,agriculture
421414,agriculture
421418,agriculture
421446,agriculture
421448,agriculture
421456,agriculture
421500,agriculture
421540,agriculture
421542,agriculture
421561,agriculture
421562,agriculture
421594,agriculture
421596,agriculture
421610,agriculture
421638,agriculture
421672,agriculture
421677,agriculture
421680,agriculture
421689,agriculture
421695,agriculture
421785,agriculture
421794,agriculture
421833,agriculture
421851,agriculture
421889,agriculture
421915,agriculture
421943,agriculture
421956,agriculture
421962,agriculture
421968,agriculture
421982,agriculture
422032,agriculture
422052,agriculture
422079,agriculture
422082,agriculture
422109,agriculture
422130,agriculture
422170,agriculture
422206,agriculture
422230,agriculture
422250,agriculture
422284,agriculture
422305,agriculture
422339,agriculture
422356,agriculture
422376,agriculture
422421,agriculture
422442,agriculture
422465,agriculture
422467,agriculture
422512,agriculture
422534,agriculture
422538,agriculture
422579,agriculture
422590,agriculture
422605,agriculture
422635,agriculture
422636,agriculture
422643,agriculture
422663,agriculture
422713,agriculture
422733,agriculture
422774,agriculture
422818,agriculture
422861,agriculture
422869,agriculture
422880,agriculture
422894,agriculture
422900,agriculture
422911,agriculture
422931,agriculture
422941,agriculture
422946,agriculture
422990,agriculture
422996,agriculture
423003,agriculture
423032,agriculture
423045,agriculture
423065,agriculture
423159,agriculture
423170,agriculture
423174,agriculture
423175,agriculture
423196,agriculture
423197,agriculture
423215,agriculture
423216,agriculture
423230,agriculture
423232,agriculture
423245,agriculture
423248,agriculture
423302,agriculture
423332,agriculture
423349,agriculture
423370,agriculture
423371,agriculture
423401,agriculture
423402,agriculture
423419,agriculture
423421,agriculture
423436,agriculture
423442,agriculture
423468,agriculture
423477,agriculture
423483,agriculture
423494,agriculture
423495,agriculture
423504,ilegal_mining
423505,agriculture
423507,agriculture
424405,agriculture
430316,agriculture
430330,agriculture
430358,ilegal_mining
430414,agriculture
430423,agriculture
430428,agriculture
439424,ilegal_mining
439426,ilegal_mining
439441,ilegal_mining
440150,agriculture
440151,agriculture
440152,agriculture
440156,agriculture
440166,agriculture
440234,agriculture
440243,agriculture
440271,agriculture
440289,agriculture
440293,agriculture
440298,agriculture
440371,ilegal_mining
440373,agriculture
440386,ilegal_mining
440448,agriculture
440529,agriculture
440533,agriculture
440585,agriculture
440590,agriculture
440591,agriculture
440609,agriculture
440629,agriculture
440720,agriculture
440744,ilegal_mining
440773,ilegal_mining
440781,agriculture
440892,agriculture
440900,agriculture
440908,agriculture
440915,ilegal_mining
440930,agriculture
440937,ilegal_mining
441060,agriculture
441113,agriculture
441161,agriculture
441170,agriculture
441242,agriculture
441245,agriculture
441397,ilegal_mining
441448,agriculture
441509,agriculture
441515,agriculture
441532,agriculture
441543,agriculture
441568,agriculture
441651,agriculture
441658,agriculture
441668,agriculture
441677,agriculture
441699,agriculture
441722,agriculture
441725,agriculture
441731,agriculture
441831,agriculture
441842,agriculture
441942,agriculture
441945,agriculture
441949,agriculture
442027,agriculture
442032,agriculture
442040,agriculture
442045,agriculture
442048,agriculture
442056,agriculture
442057,agriculture
442066,agriculture
442089,agriculture
442094,agriculture
442103,agriculture
442110,agriculture
442118,agriculture
442127,ilegal_mining
442128,ilegal_mining
442131,agriculture
442149,agriculture
442177,ilegal_mining
442218,agriculture
442227,agriculture
448990,agriculture
448998,agriculture
449013,agriculture
449036,agriculture
449039,agriculture
449044,agriculture
449052,agriculture
449094,agriculture
449134,agriculture
449135,ilegal_mining
449188,agriculture
449208,agriculture
449277,agriculture
449289,agriculture
449296,agriculture
449298,agriculture
449340,agriculture
449378,agriculture
449380,agriculture
449385,agriculture
449389,agriculture
449395,agriculture
449458,agriculture
449471,agriculture
449476,agriculture
449477,agriculture
449518,agriculture
449521,agriculture
449528,agriculture
449532,agriculture
449547,ilegal_mining
449612,agriculture
449621,agriculture
449666,agriculture
449667,agriculture
449690,ilegal_mining
449715,agriculture
449774,agriculture
449779,agriculture
449817,agriculture
449833,agriculture
449838,agriculture
449842,agriculture
449845,agriculture
449850,agriculture
449906,agriculture
449924,agriculture
449954,agriculture
450044,agriculture
450065,agriculture
450068,ilegal_mining
450101,agriculture
450110,agriculture
450119,agriculture
450121,ilegal_mining
450137,ilegal_mining
450210,agriculture
450234,agriculture
450264,agriculture
450265,agriculture
450273,agriculture
450283,agriculture
450311,agriculture
450334,agriculture
450364,agriculture
450372,agriculture
450383,agriculture
450396,agriculture
450402,agriculture
450442,agriculture
450454,ilegal_mining
450461,agriculture
450475,agriculture
450489,agriculture
450511,ilegal_mining
450518,agriculture
450556,agriculture
450565,agriculture
450566,agriculture
450602,agriculture
450622,agriculture
450676,agriculture
450677,agriculture
450680,agriculture
450693,agriculture
450710,ilegal_mining
450725,agriculture
450735,agriculture
450738,agriculture
450796,agriculture
450803,agriculture
450819,agriculture
450852,agriculture
450866,agriculture
450897,agriculture
450934,agriculture
450962,agriculture
451014,ilegal_mining
451027,ilegal_mining
451071,agriculture
451112,agriculture
451131,agriculture
451137,ilegal_mining
451197,agriculture
451201,agriculture
451228,agriculture
451249,agriculture
451266,agriculture
451294,agriculture
451309,agriculture
451366,agriculture
451389,agriculture
451399,ilegal_mining
451423,agriculture
451515,agriculture
451595,agriculture
451619,agriculture
451664,agriculture
451720,urban_expansion
451737,agriculture
451747,ilegal_mining
451765,agriculture
451768,agriculture
451778,agriculture
451786,agriculture
451799,agriculture
451813,agriculture
451851,agriculture
451856,agriculture
451862,agriculture
451868,ilegal_mining
451916,agriculture
451948,agriculture
451954,agriculture
451971,agriculture
452009,agriculture
452050,ilegal_mining
452071,agriculture
452077,agriculture
452084,agriculture
452095,agriculture
452107,agriculture
452113,agriculture
452206,agriculture
452228,agriculture
452241,agriculture
452283,ilegal_mining
452306,agriculture
452309,agriculture
452315,agriculture
452322,agriculture
452393,agriculture
452439,agriculture
452447,agriculture
452453,ilegal_mining
452469,agriculture
452536,agriculture
452627,agriculture
452638,ilegal_mining
452678,agriculture
452690,agriculture
452714,ilegal_mining
452718,agriculture
452764,agriculture
452802,agriculture
452821,agriculture
452828,agriculture
452898,ilegal_mining
452957,agriculture
452996,agriculture
453030,agriculture
453036,ilegal_mining
453050,agriculture
453060,agriculture
453071,agriculture
453142,agriculture
453168,agriculture
453179,agriculture
453185,agriculture
453244,agriculture
453253,agriculture
453276,agriculture
453283,agriculture
453317,agriculture
453335,agriculture
453372,agriculture
453378,agriculture
453379,agriculture
453449,agriculture
453502,agriculture
453516,agriculture
453525,agriculture
453549,agriculture
453559,agriculture
453571,agriculture
453572,agriculture
453670,agriculture
453702,agriculture
453718,agriculture
453738,agriculture
453740,ilegal_mining
453742,agriculture
453772,agriculture
453773,agriculture
453802,agriculture
453824,agriculture
453862,agriculture
453865,ilegal_mining
453867,agriculture
453877,agriculture
453980,agriculture
453991,agriculture
454009,agriculture
454051,agriculture
454084,agriculture
454117,agriculture
454129,ilegal_mining
454163,agriculture
454188,agriculture
454206,agriculture
454229,agriculture
454246,agriculture
454261,agriculture
454269,agriculture
454312,agriculture
454321,agriculture
454332,ilegal_mining
454345,agriculture
454383,agriculture
454427,agriculture
454460,agriculture
454475,agriculture
454481,ilegal_mining
454487,agriculture
454508,agriculture
454510,agriculture
454538,agriculture
454545,agriculture
454550,agriculture
454566,agriculture
454615,agriculture
454674,ilegal_mining
454689,agriculture
454745,agriculture
454772,agriculture
454799,agriculture
454820,agriculture
454844,agriculture
454856,agriculture
454875,agriculture
454877,agriculture
454902,agriculture
454964,agriculture
454974,agriculture
454989,agriculture
455010,agriculture
455031,agriculture
455032,agriculture
455058,agriculture
455089,agriculture
455101,agriculture
455116,agriculture
455202,agriculture
455279,agriculture
455307,agriculture
455340,ilegal_mining
455361,agriculture
455419,agriculture
455421,agriculture
455434,agriculture
455462,agriculture
455467,agriculture
455470,agriculture
455521,agriculture
455541,agriculture
455542,ilegal_mining
455567,ilegal_mining
455693,agriculture
455794,agriculture
455843,agriculture
455869,agriculture
455901,agriculture
455957,agriculture
455966,agriculture
455989,agriculture
455998,agriculture
456009,agriculture
456012,agriculture
456062,agriculture
456065,agriculture
456066,agriculture
456111,agriculture
456112,agriculture
456119,agriculture
456120,agriculture
456132,agriculture
456162,agriculture
456163,agriculture
456168,agriculture
456200,agriculture
456230,agriculture
456262,agriculture
456284,agriculture
456300,ilegal_mining
456323,agriculture
456325,agriculture
456328,ilegal_mining
456329,ilegal_mining
456333,ilegal_mining
456338,agriculture
456342,agriculture
456384,ilegal_mining
456388,agriculture
456398,ilegal_mining
456400,ilegal_mining
456401,ilegal_mining
456402,ilegal_mining
456406,ilegal_mining
456409,ilegal_mining
456427,agriculture
456430,agriculture
456532,agriculture
456559,agriculture
456593,agriculture
456597,agriculture
456610,agriculture
456611,ilegal_mining
456613,ilegal_mining
456614,ilegal_mining
456648,agriculture
456649,agriculture
456691,ilegal_mining
456694,ilegal_mining
456698,ilegal_mining
456709,agriculture
456723,agriculture
456746,agriculture
456750,agriculture
456762,agriculture
456765,agriculture
456778,agriculture
456804,agriculture
456821,agriculture
456835,agriculture
456839,agriculture
456861,agriculture
456872,agriculture
456873,agriculture
456882,agriculture
456890,agriculture
456893,agriculture
456894,agriculture
456901,agriculture
456982,agriculture
456983,agriculture
456987,agriculture
456995,agriculture
457035,agriculture
457051,agriculture
457054,agriculture
457119,agriculture
457136,agriculture
457165,agriculture
457171,agriculture
457173,agriculture
457181,agriculture
457185,agriculture
457198,agriculture
457217,agriculture
457248,agriculture
457249,agriculture
457265,agriculture
457271,agriculture
457284,agriculture
457298,agriculture
457317,agriculture
457319,agriculture
457320,agriculture
457336,agriculture
457340,agriculture
457357,agriculture
457360,agriculture
457363,agriculture
457376,agriculture
457384,agriculture
457404,agriculture
457411,agriculture
457450,agriculture
457460,agriculture
457461,agriculture
457481,agriculture
457485,agriculture
457505,agriculture
457518,agriculture
457520,agriculture
457529,ilegal_mining
457538,agriculture
457577,agriculture
457616,agriculture
457627,agriculture
457643,agriculture
457649,agriculture
457672,agriculture
457673,agriculture
457722,agriculture
457741,agriculture
457752,agriculture
457763,agriculture
457807,agriculture
457815,agriculture
457867,agriculture
457878,agriculture
457924,agriculture
457934,agriculture
457989,agriculture
458004,agriculture
458093,agriculture
458096,agriculture
458113,agriculture
458152,agriculture
458179,agriculture
458183,agriculture
458207,agriculture
458260,agriculture
458311,agriculture
458318,agriculture
458328,agriculture
458331,agriculture
458336,agriculture
458346,ilegal_mining
458375,agriculture
458381,agriculture
458394,agriculture
458407,agriculture
458426,agriculture
458431,agriculture
458439,agriculture
458465,agriculture
458504,agriculture
458508,agriculture
458517,agriculture
458525,agriculture
458530,agriculture
458538,agriculture
458548,agriculture
458594,agriculture
458596,agriculture
458609,agriculture
458625,agriculture
458637,agriculture
458641,agriculture
458705,agriculture
458708,agriculture
458729,agriculture
458734,agriculture
458772,agriculture
458837,agriculture
458858,agriculture
458862,agriculture
458915,agriculture
458916,agriculture
459138,agriculture
459141,agriculture
459202,agriculture
459212,agriculture
459283,agriculture
459290,agriculture
459340,agriculture
459341,agriculture
459369,agriculture
459381,agriculture
459430,agriculture
459449,agriculture
459457,agriculture
459465,agriculture
459467,agriculture
459484,agriculture
459492,agriculture
459514,agriculture
459542,agriculture
459553,agriculture
459576,agriculture
459587,agriculture
459609,agriculture
459610,agriculture
459613,agriculture
459695,agriculture
459734,agriculture
459784,agriculture
459812,agriculture
459852,agriculture
459857,agriculture
459916,agriculture
459924,agriculture
459934,agriculture
459942,agriculture
459995,agriculture
460024,agriculture
460026,agriculture
460043,agriculture
460047,agriculture
460050,agriculture
460061,agriculture
460075,agriculture
460093,agriculture
460117,agriculture
460138,agriculture
460141,agriculture
460144,agriculture
460186,agriculture
460210,agriculture
460229,agriculture
460306,agriculture
460307,agriculture
460315,agriculture
460322,agriculture
460324,agriculture
460342,agriculture
460347,agriculture
460357,agriculture
460389,agriculture
460398,agriculture
460412,agriculture
460415,agriculture
460428,agriculture
470741,agriculture
471321,agriculture
472891,agriculture
472963,agriculture
473028,agriculture
473029,agriculture
473263,agriculture
473359,agriculture
473605,agriculture
473638,agriculture
473694,agriculture
473747,agriculture
473756,agriculture
473772,agriculture
491138,agriculture
491157,agriculture
491162,agriculture
491168,agriculture
491175,agriculture
491177,ilegal_mining
491214,agriculture
491218,agriculture
491227,ilegal_mining
491251,agriculture
491287,agriculture
491294,agriculture
491301,agriculture
491318,agriculture
491345,agriculture
491348,agriculture
491355,agriculture
491356,agriculture
491358,agriculture
491382,agriculture
491386,agriculture
491394,agriculture
491402,agriculture
491404,agriculture
491427,agriculture
491440,agriculture
491478,agriculture
491481,agriculture
491495,agriculture
491497,agriculture
491502,agriculture
491504,agriculture
491510,ilegal_mining
491513,agriculture
491516,agriculture
491542,agriculture
491583,agriculture
491597,agriculture
491609,agriculture
491610,agriculture
491616,agriculture
491637,agriculture
491650,agriculture
491668,agriculture
491691,agriculture
491731,agriculture
491759,agriculture
491760,agriculture
491800,agriculture
491801,agriculture
491809,agriculture
491812,agriculture
491819,agriculture
491825,agriculture
491827,agriculture
491844,agriculture
491852,agriculture
491859,agriculture
491872,agriculture
491876,agriculture
491878,agriculture
491881,agriculture
491902,agriculture
491930,agriculture
491978,agriculture
491989,agriculture
492009,agriculture
492041,agriculture
492065,agriculture
492067,agriculture
492075,agriculture
492080,agriculture
492097,agriculture
492106,agriculture
492111,agriculture
492139,agriculture
492175,agriculture
492193,agriculture
492199,agriculture
492207,agriculture
492229,agriculture
492244,agriculture
492275,agriculture
492283,agriculture
492297,agriculture
492319,agriculture
492325,agriculture
492331,agriculture
492334,agriculture
492339,agriculture
492376,agriculture
492412,agriculture
492435,agriculture
492439,agriculture
492440,agriculture
492447,agriculture
492464,agriculture
492476,agriculture
492484,agriculture
492485,agriculture
492509,agriculture
492549,agriculture
492578,agriculture
492591,agriculture
492601,agriculture
492654,agriculture
492672,agriculture
492684,agriculture
492719,agriculture
492729,agriculture
492792,agriculture
492809,agriculture
492883,agriculture
492886,agriculture
492887,agriculture
492916,agriculture
492945,agriculture
492964,agriculture
493002,agriculture
493003,agriculture
493007,agriculture
493042,agriculture
493064,agriculture
493100,ilegal_mining
493117,agriculture
493131,agriculture
493159,agriculture
493218,agriculture
493230,agriculture
493237,agriculture
493263,agriculture
493271,agriculture
493281,agriculture
493310,agriculture
493331,agriculture
493342,agriculture
493349,agriculture
493377,agriculture
493405,agriculture
493451,agriculture
494623,agriculture
494635,ilegal_mining
494638,agriculture
494642,agriculture
494650,agriculture
494654,agriculture
494655,agriculture
494662,ilegal_mining
494693,agriculture
494694,agriculture
494720,agriculture
494731,agriculture
494760,agriculture
494761,agriculture
494774,agriculture
494778,agriculture
494794,agriculture
494797,agriculture
494815,agriculture
494823,agriculture
494826,agriculture
494832,agriculture
494844,agriculture
494861,agriculture
494865,agriculture
494873,agriculture
494883,agriculture
494901,agriculture
494915,agriculture
494926,agriculture
494937,agriculture
494939,agriculture
494946,agriculture
494947,agriculture
494963,agriculture
494970,agriculture
495011,agriculture
495039,agriculture
495052,agriculture
495053,agriculture
495058,agriculture
495071,agriculture
495073,agriculture
495080,agriculture
495097,agriculture
495099,agriculture
495120,agriculture
495147,agriculture
495156,agriculture
495169,agriculture
495172,agriculture
495179,agriculture
495196,agriculture
495199,agriculture
495202,agriculture
495218,agriculture
495227,agriculture
495234,agriculture
495248,ilegal_mining
495277,agriculture
498634,ilegal_mining
498641,agriculture
498690,agriculture
498692,ilegal_mining
498711,agriculture
498722,ilegal_mining
498724,ilegal_mining
498726,ilegal_mining
498738,agriculture
498744,agriculture
498779,agriculture
498780,ilegal_mining
498782,agriculture
498790,agriculture
498795,ilegal_mining
498797,ilegal_mining
498799,ilegal_mining
498819,ilegal_mining
498820,ilegal_mining
498825,ilegal_mining
498839,agriculture
498902,agriculture
498903,agriculture
498907,ilegal_mining
498921,ilegal_mining
498922,ilegal_mining
498924,ilegal_mining
498925,ilegal_mining
498932,ilegal_mining
498933,ilegal_mining
498935,agriculture
498936,ilegal_mining
498937,ilegal_mining
498940,ilegal_mining
498941,ilegal_mining
498942,ilegal_mining
498947,ilegal_mining
498949,ilegal_mining
498950,ilegal_mining
498954,ilegal_mining
498955,ilegal_mining
498957,ilegal_mining
498960,ilegal_mining
498961,ilegal_mining
498962,ilegal_mining
498963,ilegal_mining
498965,ilegal_mining
498967,ilegal_mining
498969,ilegal_mining
499040,agriculture
499048,agriculture
499072,agriculture
499127,agriculture
499128,ilegal_mining
499137,ilegal_mining
499138,ilegal_mining
499139,ilegal_mining
499151,ilegal_mining
499168,agriculture
499169,agriculture
499227,agriculture
499230,agriculture
499233,agriculture
499274,agriculture
499277,agriculture
499310,agriculture
499353,agriculture
499355,agriculture
499545,ilegal_mining
499571,agriculture
499573,agriculture
499590,agriculture
499594,agriculture
499602,ilegal_mining
499697,agriculture
499801,agriculture
499806,ilegal_mining
499809,ilegal_mining
499836,ilegal_mining
499838,ilegal_mining
499840,ilegal_mining
499841,agriculture
499842,ilegal_mining
499851,ilegal_mining
499856,ilegal_mining
499859,ilegal_mining
499862,ilegal_mining
499866,ilegal_mining
499869,ilegal_mining
499884,ilegal_mining
499894,ilegal_mining
499900,ilegal_mining
499918,ilegal_mining
499942,ilegal_mining
499944,agriculture
499949,ilegal_mining
499952,ilegal_mining
499956,agriculture
499963,ilegal_mining
499973,ilegal_mining
499976,ilegal_mining
499980,ilegal_mining
499987,ilegal_mining
500008,ilegal_mining
500023,ilegal_mining
500055,agriculture
500062,ilegal_mining
500111,agriculture
500112,agriculture
500118,agriculture
500120,agriculture
500122,agriculture
500133,agriculture
500137,agriculture
500149,agriculture
500163,agriculture
500169,agriculture
500175,agriculture
500180,agriculture
500182,agriculture
500185,agriculture
500191,agriculture
500200,agriculture
500213,agriculture
500217,agriculture
500221,agriculture
500228,agriculture
500248,agriculture
500269,agriculture
500278,agriculture
500285,agriculture
500292,agriculture
500324,agriculture
500389,agriculture
500397,agriculture
500417,ilegal_mining
500426,ilegal_mining
500435,agriculture
500475,agriculture
500480,agriculture
500497,agriculture
500506,agriculture
500597,agriculture
500621,agriculture
500628,ilegal_mining
500676,agriculture
500690,ilegal_mining
500695,agriculture
500761,agriculture
500762,agriculture
500805,agriculture
500834,agriculture
500836,agriculture
500845,agriculture
500853,ilegal_mining
500901,agriculture
500944,agriculture
500947,ilegal_mining
500949,ilegal_mining
500958,ilegal_mining
500988,agriculture
500989,agriculture
500991,agriculture
501057,agriculture
501101,agriculture
501106,agriculture
501142,agriculture
501166,agriculture
501192,agriculture
501217,agriculture
501223,agriculture
501235,agriculture
501260,agriculture
501274,agriculture
501298,agriculture
501327,agriculture
501336,agriculture
501352,agriculture
501360,agriculture
501362,agriculture
501440,agriculture
501466,agriculture
501501,agriculture
501508,agriculture
501539,agriculture
501552,agriculture
501553,agriculture
501593,agriculture
501597,agriculture
501604,agriculture
501622,ilegal_mining
501624,ilegal_mining
501625,ilegal_mining
501626,ilegal_mining
501629,ilegal_mining
501630,ilegal_mining
501634,ilegal_mining
501640,agriculture
501642,ilegal_mining
501643,ilegal_mining
501649,ilegal_mining
501650,ilegal_mining
501652,ilegal_mining
501665,ilegal_mining
501668,ilegal_mining
501670,ilegal_mining
501671,ilegal_mining
501676,ilegal_mining
501678,agriculture
501683,ilegal_mining
501684,ilegal_mining
501687,ilegal_mining
501701,agriculture
501706,agriculture
501735,agriculture
501747,agriculture
501754,agriculture
501798,agriculture
501802,agriculture
501868,agriculture
501886,ilegal_mining
501899,agriculture
501912,ilegal_mining
501924,agriculture
501930,agriculture
501939,agriculture
501944,agriculture
501945,agriculture
501957,agriculture
501958,agriculture
501969,agriculture
502007,agriculture
502016,ilegal_mining
502032,agriculture
502056,agriculture
502105,ilegal_mining
502168,agriculture
502180,ilegal_mining
502192,agriculture
502205,agriculture
502229,ilegal_mining
502245,agriculture
502295,ilegal_mining
502296,agriculture
502344,agriculture
502349,agriculture
502358,agriculture
502366,ilegal_mining
502367,ilegal_mining
502384,ilegal_mining
502389,ilegal_mining
502391,ilegal_mining
502392,ilegal_mining
502393,ilegal_mining
502399,ilegal_mining
502401,ilegal_mining
502405,ilegal_mining
502408,ilegal_mining
502417,ilegal_mining
502420,ilegal_mining
502422,ilegal_mining
502426,agriculture
502499,agriculture
502510,agriculture
502512,agriculture
502566,agriculture
502627,agriculture
502630,agriculture
502698,agriculture
502717,agriculture
502718,agriculture
502729,agriculture
502751,agriculture
502798,agriculture
502816,agriculture
502843,agriculture
502903,agriculture
502950,agriculture
502965,agriculture
502970,agriculture
502993,agriculture
503076,agriculture
503080,agriculture
503112,agriculture
503138,agriculture
503173,agriculture
503226,agriculture
503276,agriculture
503299,agriculture
503354,ilegal_mining
503361,ilegal_mining
503416,agriculture
503443,agriculture
503465,agriculture
503552,agriculture
503572,agriculture
503585,agriculture
503590,agriculture
503611,agriculture
503614,agriculture
503641,agriculture
503652,agriculture
503654,agriculture
503655,agriculture
503685,agriculture
503701,ilegal_mining
503702,ilegal_mining
503705,ilegal_mining
503707,ilegal_mining
503708,ilegal_mining
503709,ilegal_mining
503710,ilegal_mining
503712,ilegal_mining
503715,ilegal_mining
503720,ilegal_mining
503721,ilegal_mining
503722,ilegal_mining
503726,agriculture
503728,ilegal_mining
503729,ilegal_mining
503730,ilegal_mining
503732,ilegal_mining
503733,agriculture
503767,agriculture
503780,agriculture
503799,agriculture
503822,agriculture
503850,agriculture
503860,agriculture
503886,agriculture
503888,ilegal_mining
503920,agriculture
503925,ilegal_mining
503926,ilegal_mining
503927,ilegal_mining
503929,ilegal_mining
503930,ilegal_mining
503931,ilegal_mining
503933,ilegal_mining
503934,ilegal_mining
503936,ilegal_mining
503941,agriculture
517061,ilegal_mining
517062,agriculture
517080,ilegal_mining
517092,agriculture
517126,ilegal_mining
517189,agriculture
517190,agriculture
517228,agriculture
517240,agriculture
517332,agriculture
517387,ilegal_mining
517400,agriculture
517412,agriculture
517449,ilegal_mining
517453,ilegal_mining
517471,ilegal_mining
517500,ilegal_mining
517650,ilegal_mining
517659,ilegal_mining
517662,agriculture
517711,ilegal_mining
517726,ilegal_mining
517736,agriculture
517740,ilegal_mining
517752,ilegal_mining
517773,ilegal_mining
517800,agriculture
517818,agriculture
517856,ilegal_mining
517883,ilegal_mining
517918,agriculture
517921,agriculture
517973,ilegal_mining
518034,ilegal_mining
518121,ilegal_mining
518146,ilegal_mining
518182,agriculture
518309,ilegal_mining
518339,agriculture
518356,agriculture
518405,ilegal_mining
518419,agriculture
518423,agriculture
518434,ilegal_mining
518465,agriculture
518481,agriculture
518501,agriculture
518504,ilegal_mining
518512,ilegal_mining
518539,agriculture
518649,ilegal_mining
518745,agriculture
518749,agriculture
518766,ilegal_mining
518793,agriculture
518808,ilegal_mining
518833,ilegal_mining
518844,ilegal_mining
518853,ilegal_mining
518869,agriculture
518890,agriculture
518911,agriculture
518912,agriculture
518933,agriculture
518934,ilegal_mining
518945,ilegal_mining
518950,ilegal_mining
518995,agriculture
519027,agriculture
519072,agriculture
519089,agriculture
519105,ilegal_mining
519109,ilegal_mining
519133,agriculture
519139,agriculture
519247,ilegal_mining
519464,agriculture
519469,agriculture
519477,ilegal_mining
519500,agriculture
519543,agriculture
519551,ilegal_mining
519617,agriculture
519633,agriculture
519646,agriculture
519694,ilegal_mining
519707,ilegal_mining
519726,agriculture
519754,ilegal_mining
519827,agriculture
519845,ilegal_mining
519873,agriculture
519884,ilegal_mining
519952,ilegal_mining
519962,ilegal_mining
519994,agriculture
520007,ilegal_mining
520053,ilegal_mining
520072,ilegal_mining
520081,ilegal_mining
520086,urban_expansion
520097,ilegal_mining
520159,agriculture
520173,agriculture
520184,ilegal_mining
520193,ilegal_mining
520204,agriculture
520221,agriculture
520276,ilegal_mining
520418,ilegal_mining
520449,ilegal_mining
520452,ilegal_mining
520466,ilegal_mining
520514,ilegal_mining
520596,agriculture
520626,ilegal_mining
520629,agriculture
520687,ilegal_mining
520689,agriculture
520762,agriculture
520792,agriculture
520812,agriculture
521004,agriculture
521231,agriculture
521255,agriculture
521259,agriculture
521276,agriculture
521339,ilegal_mining
521371,ilegal_mining
521464,agriculture
521573,agriculture
521590,agriculture
521600,ilegal_mining
521790,agriculture
521795,agriculture
521864,ilegal_mining
521877,ilegal_mining
521888,ilegal_mining
521975,agriculture
522165,ilegal_mining
522227,agriculture
522305,agriculture
522309,ilegal_mining
522311,ilegal_mining
522341,agriculture
522413,agriculture
522471,ilegal_mining
522492,agriculture
522646,ilegal_mining
522683,agriculture
522695,agriculture
522706,agriculture
522717,agriculture
522787,agriculture
522844,ilegal_mining
522930,agriculture
522965,agriculture
523131,agriculture
523139,agriculture
523241,agriculture
523263,agriculture
523286,agriculture
523401,agriculture
523415,agriculture
523461,agriculture
523498,agriculture
523573,agriculture
523627,agriculture
523632,agriculture
523638,agriculture
523656,agriculture
523680,agriculture
523698,agriculture
523699,agriculture
523703,agriculture
523712,agriculture
523714,agriculture
523755,agriculture
523759,agriculture
523767,agriculture
523775,agriculture
523783,agriculture
523791,agriculture
523799,agriculture
523811,agriculture
523819,agriculture
523823,agriculture
523830,agriculture
523832,agriculture
523840,agriculture
523892,agriculture
523894,agriculture
523907,agriculture
523924,agriculture
523932,agriculture
523954,ilegal_mining
523977,agriculture
523981,agriculture
523993,agriculture
523994,agriculture
524000,agriculture
524011,agriculture
524021,agriculture
524025,agriculture
524026,agriculture
524033,agriculture
524058,agriculture
524088,agriculture
524097,agriculture
524107,agriculture
524113,agriculture
524118,agriculture
524127,agriculture
524135,agriculture
524144,agriculture
524150,agriculture
524158,agriculture
524182,agriculture
524197,ilegal_mining
524206,agriculture
524245,agriculture
524289,ilegal_mining
524322,agriculture
524329,agriculture
524339,agriculture
524383,agriculture
524439,agriculture
524444,agriculture
524472,agriculture
524477,agriculture
524479,agriculture
524503,agriculture
524513,ilegal_mining
524539,agriculture
524552,agriculture
524569,agriculture
524573,agriculture
524574,agriculture
524608,agriculture
524623,agriculture
524643,agriculture
524709,agriculture
524732,agriculture
524736,agriculture
524770,agriculture
524832,agriculture
524845,agriculture
524848,agriculture
524853,agriculture
524909,agriculture
524931,agriculture
524966,agriculture
524998,agriculture
525014,agriculture
525017,agriculture
525030,agriculture
525038,agriculture
525058,agriculture
525077,agriculture
525082,agriculture
525083,agriculture
525122,agriculture
525125,agriculture
525152,agriculture
525153,agriculture
525214,agriculture
525228,agriculture
525261,agriculture
525275,agriculture
525282,agriculture
525300,agriculture
525306,agriculture
525326,agriculture
525368,ilegal_mining
525377,agriculture
525410,agriculture
525457,agriculture
525475,agriculture
525501,agriculture
525507,agriculture
525562,agriculture
525596,agriculture
525624,agriculture
525692,agriculture
525698,agriculture
525726,ilegal_mining
525733,agriculture
525736,agriculture
525761,agriculture
525785,agriculture
525810,agriculture
525811,agriculture
525871,ilegal_mining
525886,agriculture
525939,agriculture
525947,agriculture
525994,agriculture
526022,agriculture
526030,agriculture
526036,agriculture
526158,agriculture
526160,agriculture
526176,agriculture
526351,agriculture
526376,ilegal_mining
526394,agriculture
526398,agriculture
526428,agriculture
526468,agriculture
526493,agriculture
526600,agriculture
526617,agriculture
526628,agriculture
526638,agriculture
526656,agriculture
526665,agriculture
526677,agriculture
526694,agriculture
526784,agriculture
526830,ilegal_mining
526846,agriculture
526855,agriculture
527003,agriculture
527118,agriculture
527139,agriculture
527149,agriculture
527162,agriculture
527182,agriculture
527210,agriculture
527226,agriculture
527343,agriculture
527410,agriculture
527471,agriculture
527523,ilegal_mining
527547,ilegal_mining
527548,ilegal_mining
527597,ilegal_mining
527600,ilegal_mining
527611,agriculture
527647,ilegal_mining
527693,agriculture
527713,agriculture
527756,ilegal_mining
527758,agriculture
527771,agriculture
527803,agriculture
527805,agriculture
527823,agriculture
527824,ilegal_mining
527840,agriculture
527877,agriculture
527955,agriculture
528026,agriculture
528029,agriculture
528088,agriculture
528111,agriculture
528140,agriculture
528232,ilegal_mining
528240,agriculture
528302,agriculture
528331,agriculture
528383,agriculture
528435,agriculture
528514,agriculture
528732,ilegal_mining
528833,agriculture
528871,agriculture
528875,agriculture
528893,agriculture
528935,agriculture
529015,ilegal_mining
529036,agriculture
529070,agriculture
529116,agriculture
529117,agriculture
529258,ilegal_mining
529276,ilegal_mining
529286,agriculture
529310,agriculture
529347,agriculture
529406,ilegal_mining
529413,agriculture
529510,agriculture
529672,agriculture
529705,agriculture
529717,agriculture
529826,agriculture
529835,agriculture
529859,ilegal_mining
529916,agriculture
529935,agriculture
529951,agriculture
529952,ilegal_mining
529980,agriculture
530080,agriculture
530092,agriculture
530133,ilegal_mining
530264,ilegal_mining
530374,agriculture
530407,ilegal_mining
530422,agriculture
530431,ilegal_mining
530483,ilegal_mining
530495,agriculture
530502,agriculture
530609,agriculture
530718,ilegal_mining
530798,ilegal_mining
530960,agriculture
531058,agriculture
531101,agriculture
531135,ilegal_mining
531142,agriculture
531172,agriculture
531182,agriculture
531223,agriculture
531224,agriculture
531331,ilegal_mining
531454,agriculture
531507,ilegal_mining
531524,ilegal_mining
531585,ilegal_mining
531587,agriculture
531607,ilegal_mining
531708,agriculture
531722,agriculture
531738,agriculture
531876,agriculture
531886,agriculture
532006,ilegal_mining
532122,agriculture
532123,agriculture
532156,agriculture
532163,agriculture
532282,agriculture
532296,ilegal_mining
532358,agriculture
532373,agriculture
532388,agriculture
532424,agriculture
532441,agriculture
532526,agriculture
532613,agriculture
532627,ilegal_mining
532853,agriculture
532920,ilegal_mining
532987,agriculture
533018,ilegal_mining
533028,agriculture
533070,agriculture
533265,agriculture
533312,agriculture
533363,agriculture
533368,ilegal_mining
533415,agriculture
533423,agriculture
533439,agriculture
533458,ilegal_mining
533476,agriculture
533505,ilegal_mining
533507,agriculture
533522,agriculture
533546,ilegal_mining
533569,ilegal_mining
533599,ilegal_mining
533614,agriculture
533666,agriculture
533683,agriculture
533750,agriculture
533826,agriculture
534048,agriculture
534073,agriculture
534112,agriculture
534155,agriculture
534156,agriculture
534169,agriculture
534172,ilegal_mining
534175,ilegal_mining
534185,agriculture
534218,agriculture
534300,agriculture
534367,agriculture
534371,agriculture
534460,agriculture
534468,agriculture
534525,agriculture
534551,agriculture
534620,ilegal_mining
534708,agriculture
534753,agriculture
534793,agriculture
534834,agriculture
534857,ilegal_mining
534902,agriculture
534930,ilegal_mining
534943,agriculture
534993,agriculture
535005,agriculture
535126,agriculture
535145,agriculture
535187,agriculture
535287,agriculture
535288,agriculture
535290,agriculture
535618,agriculture
535640,agriculture
535652,ilegal_mining
535658,agriculture
535789,agriculture
535911,ilegal_mining
535949,ilegal_mining
535973,agriculture
535976,agriculture
536025,agriculture
536051,agriculture
536087,agriculture
536093,agriculture
536118,agriculture
536145,ilegal_mining
536150,agriculture
536151,agriculture
536205,agriculture
536234,agriculture
537508,agriculture
558346,agriculture
558361,agriculture
558362,agriculture
558398,agriculture
558412,agriculture
558432,agriculture
558452,agriculture
558465,agriculture
558474,agriculture
558508,agriculture
558519,agriculture
558529,agriculture
558565,agriculture
558578,agriculture
558599,agriculture
558622,agriculture
558638,agriculture
558639,agriculture
558641,agriculture
558644,agriculture
558659,agriculture
558662,agriculture
558697,agriculture
558707,agriculture
558733,agriculture
558740,agriculture
558744,agriculture
558762,agriculture
558763,agriculture
558813,agriculture
558849,agriculture
558863,agriculture
558879,agriculture
558896,agriculture
558902,agriculture
558949,agriculture
558955,agriculture
558956,agriculture
558957,agriculture
558959,agriculture
558976,agriculture
559027,agriculture
559033,agriculture
559057,agriculture
559073,agriculture
559076,agriculture
559085,agriculture
559132,agriculture
559138,agriculture
559190,agriculture
559198,agriculture
559209,agriculture
559251,agriculture
559272,agriculture
559287,agriculture
559302,agriculture
559318,agriculture
559328,agriculture
559336,agriculture
559338,agriculture
559386,agriculture
559400,agriculture
559413,agriculture
559430,agriculture
559437,agriculture
559438,agriculture
559439,agriculture
559445,agriculture
559453,agriculture
559464,agriculture
559512,agriculture
559523,agriculture
559547,agriculture
559554,agriculture
559563,agriculture
559573,agriculture
559584,agriculture
559605,agriculture
559611,agriculture
559622,agriculture
559633,agriculture
559647,agriculture
559651,agriculture
559656,agriculture
559665,agriculture
559745,ilegal_mining
559753,agriculture
559761,agriculture
559779,ilegal_mining
559828,ilegal_mining
559856,agriculture
559882,agriculture
559935,agriculture
559943,agriculture
559945,agriculture
559973,agriculture
559974,ilegal_mining
559979,agriculture
559984,agriculture
559985,agriculture
559993,agriculture
560002,agriculture
560079,agriculture
560083,ilegal_mining
560091,agriculture
560095,ilegal_mining
560120,agriculture
560132,agriculture
560141,ilegal_mining
560143,agriculture
560147,ilegal_mining
560167,agriculture
560182,agriculture
560203,agriculture
560216,ilegal_mining
560221,agriculture
560228,agriculture
560234,agriculture
560236,ilegal_mining
560248,agriculture
560266,agriculture
560283,ilegal_mining
560292,ilegal_mining
560300,agriculture
560318,ilegal_mining
560333,agriculture
560370,agriculture
560375,agriculture
560398,ilegal_mining
560409,agriculture
560412,agriculture
560414,agriculture
560416,ilegal_mining
560436,ilegal_mining
560444,agriculture
560452,agriculture
560469,agriculture
560486,agriculture
560504,ilegal_mining
560522,agriculture
560549,agriculture
560572,agriculture
560601,agriculture
560606,agriculture
560623,agriculture
560665,agriculture
560676,agriculture
560704,agriculture
560710,agriculture
560729,agriculture
560752,agriculture
560757,agriculture
560807,agriculture
560813,agriculture
560816,agriculture
560826,agriculture
560852,agriculture
560870,agriculture
560875,agriculture
560909,agriculture
560913,agriculture
560931,agriculture
560934,agriculture
560948,agriculture
560951,agriculture
560969,agriculture
560984,agriculture
561017,agriculture
561027,agriculture
561029,agriculture
561069,agriculture
561070,agriculture
561104,agriculture
561109,agriculture
561175,agriculture
561206,agriculture
561208,agriculture
561221,agriculture
561227,agriculture
561262,ilegal_mining
561264,agriculture
561269,ilegal_mining
561303,agriculture
561312,agriculture
561313,agriculture
561349,agriculture
561353,agriculture
561379,agriculture
561406,agriculture
561420,agriculture
561421,ilegal_mining
561423,agriculture
561484,agriculture
561487,agriculture
561498,ilegal_mining
561505,agriculture
561528,ilegal_mining
561544,agriculture
561548,ilegal_mining
561559,ilegal_mining
561560,ilegal_mining
561577,ilegal_mining
561583,agriculture
561597,agriculture
561619,agriculture
561620,agriculture
561622,agriculture
561626,ilegal_mining
561632,agriculture
561646,agriculture
561663,ilegal_mining
561692,agriculture
561718,agriculture
561726,ilegal_mining
561776,ilegal_mining
561782,agriculture
561804,agriculture
561829,ilegal_mining
561836,agriculture
561840,agriculture
561842,agriculture
561860,ilegal_mining
561902,ilegal_mining
561941,agriculture
561962,agriculture
562040,agriculture
562050,agriculture
562071,agriculture
562083,agriculture
562086,agriculture
562088,ilegal_mining
562105,agriculture
562155,agriculture
562201,ilegal_mining
562213,agriculture
562232,agriculture
562236,agriculture
562282,agriculture
562287,ilegal_mining
562303,agriculture
562308,agriculture
562328,agriculture
562330,ilegal_mining
562337,agriculture
562367,ilegal_mining
562377,agriculture
562388,agriculture
562428,ilegal_mining
562432,ilegal_mining
562445,agriculture
562473,ilegal_mining
562496,agriculture
562500,agriculture
562579,agriculture
562635,ilegal_mining
562637,agriculture
562647,ilegal_mining
562661,agriculture
562668,ilegal_mining
562670,agriculture
562694,agriculture
562706,ilegal_mining
562716,ilegal_mining
562778,agriculture
562782,agriculture
562785,agriculture
562808,ilegal_mining
562832,agriculture
562842,agriculture
562861,agriculture
562874,ilegal_mining
562878,ilegal_mining
562940,agriculture
562960,agriculture
562979,agriculture
563021,agriculture
563047,agriculture
563055,ilegal_mining
563057,agriculture
563069,agriculture
563093,ilegal_mining
563101,agriculture
563118,agriculture
563139,agriculture
563167,agriculture
563197,agriculture
563202,agriculture
563208,ilegal_mining
563215,agriculture
563220,ilegal_mining
563233,agriculture
563237,agriculture
563241,ilegal_mining
563243,agriculture
563245,ilegal_mining
563251,agriculture
563269,agriculture
563292,agriculture
563297,agriculture
563298,agriculture
563302,ilegal_mining
563307,agriculture
563334,ilegal_mining
563348,agriculture
563358,agriculture
563366,agriculture
563369,ilegal_mining
563396,ilegal_mining
563418,ilegal_mining
563420,agriculture
572856,ilegal_mining
572862,ilegal_mining
572864,ilegal_mining
572873,agriculture
572881,ilegal_mining
572882,ilegal_mining
572893,ilegal_mining
572894,ilegal_mining
572901,ilegal_mining
572903,ilegal_mining
572917,agriculture
572920,ilegal_mining
572923,ilegal_mining
572930,agriculture
572934,ilegal_mining
572949,ilegal_mining
572951,ilegal_mining
572955,ilegal_mining
572957,agriculture
572977,ilegal_mining
572982,ilegal_mining
572996,agriculture
573006,ilegal_mining
573027,ilegal_mining
573029,agriculture
573033,ilegal_mining
573042,ilegal_mining
573056,agriculture
573061,ilegal_mining
573064,agriculture
573071,agriculture
573072,ilegal_mining
573080,agriculture
573099,ilegal_mining
573100,ilegal_mining
573101,ilegal_mining
573117,agriculture
573118,ilegal_mining
573119,ilegal_mining
573120,ilegal_mining
573122,ilegal_mining
573126,ilegal_mining
573138,ilegal_mining
573147,ilegal_mining
573152,ilegal_mining
573157,agriculture
573163,ilegal_mining
573166,ilegal_mining
573180,ilegal_mining
573192,agriculture
573196,ilegal_mining
573197,agriculture
573205,agriculture
573210,agriculture
573223,ilegal_mining
573234,ilegal_mining
573237,ilegal_mining
573240,ilegal_mining
573243,ilegal_mining
573261,ilegal_mining
573267,ilegal_mining
573269,agriculture
573271,ilegal_mining
573279,ilegal_mining
573283,agriculture
573290,ilegal_mining
573296,ilegal_mining
573297,agriculture
573298,ilegal_mining
573303,ilegal_mining
573315,ilegal_mining
573317,ilegal_mining
573321,agriculture
573322,ilegal_mining
573328,ilegal_mining
573339,agriculture
573340,ilegal_mining
573357,ilegal_mining
573374,ilegal_mining
573378,ilegal_mining
573380,ilegal_mining
573389,ilegal_mining
573403,ilegal_mining
573409,ilegal_mining
573418,ilegal_mining
573437,ilegal_mining
573439,ilegal_mining
573449,ilegal_mining
573458,ilegal_mining
573462,ilegal_mining
573463,ilegal_mining
573466,ilegal_mining
573472,ilegal_mining
573482,ilegal_mining
573485,agriculture
573486,agriculture
573492,ilegal_mining
573499,ilegal_mining
573502,agriculture
573512,ilegal_mining
573536,ilegal_mining
573548,ilegal_mining
573561,ilegal_mining
573563,ilegal_mining
573568,ilegal_mining
573573,ilegal_mining
573577,ilegal_mining
573589,ilegal_mining
573598,ilegal_mining
573615,ilegal_mining
573616,ilegal_mining
573617,ilegal_mining
573633,agriculture
573636,agriculture
573653,ilegal_mining
573660,ilegal_mining
573668,ilegal_mining
573677,ilegal_mining
573681,agriculture
573688,ilegal_mining
573691,ilegal_mining
573702,ilegal_mining
573712,ilegal_mining
573714,agriculture
573715,ilegal_mining
573718,agriculture
573720,ilegal_mining
573722,ilegal_mining
573723,ilegal_mining
573740,ilegal_mining
573741,ilegal_mining
573751,ilegal_mining
573754,agriculture
573756,ilegal_mining
573758,ilegal_mining
573765,ilegal_mining
573771,ilegal_mining
573773,ilegal_mining
573781,ilegal_mining
573786,ilegal_mining
573787,ilegal_mining
573801,agriculture
573807,ilegal_mining
573817,ilegal_mining
573818,ilegal_mining
573819,ilegal_mining
573824,ilegal_mining
573827,agriculture
573829,ilegal_mining
573839,ilegal_mining
573852,ilegal_mining
573860,ilegal_mining
573862,ilegal_mining
573868,ilegal_mining
573874,ilegal_mining
573882,ilegal_mining
573898,ilegal_mining
573899,ilegal_mining
573900,ilegal_mining
573911,ilegal_mining
573933,ilegal_mining
573941,agriculture
573956,agriculture
573958,ilegal_mining
573960,ilegal_mining
573961,ilegal_mining
573974,ilegal_mining
573984,ilegal_mining
573986,ilegal_mining
573989,ilegal_mining
574003,ilegal_mining
574013,ilegal_mining
574036,ilegal_mining
574038,ilegal_mining
574041,ilegal_mining
574044,agriculture
574052,ilegal_mining
574053,ilegal_mining
574055,ilegal_mining
574067,ilegal_mining
574070,ilegal_mining
574077,ilegal_mining
574081,ilegal_mining
574090,ilegal_mining
574098,ilegal_mining
574110,ilegal_mining
574119,ilegal_mining
574141,ilegal_mining
574150,ilegal_mining
574159,ilegal_mining
574169,ilegal_mining
574172,ilegal_mining
574177,agriculture
574180,ilegal_mining
574187,ilegal_mining
575769,agriculture
575773,agriculture
575804,agriculture
575809,agriculture
575820,agriculture
575822,agriculture
575829,agriculture
575839,agriculture
575850,agriculture
575913,agriculture
575916,agriculture
575935,agriculture
575955,agriculture
575993,agriculture
576007,agriculture
576077,agriculture
576157,agriculture
576174,agriculture
576196,agriculture
576208,agriculture
576270,agriculture
576312,agriculture
576357,agriculture
576378,agriculture
576483,agriculture
576555,agriculture
576576,agriculture
576577,agriculture
576644,agriculture
576650,agriculture
576660,agriculture
576661,agriculture
576671,agriculture
576682,agriculture
576694,agriculture
576700,agriculture
576741,agriculture
576759,agriculture
576784,agriculture
576797,agriculture
576816,agriculture
576823,agriculture
576833,agriculture
576840,agriculture
576942,agriculture
576971,agriculture
577008,agriculture
577163,agriculture
577209,agriculture
577210,agriculture
577215,agriculture
577231,agriculture
577269,agriculture
577280,agriculture
577286,agriculture
577292,agriculture
577368,ilegal_mining
577371,agriculture
577378,ilegal_mining
577382,agriculture
577416,agriculture
577429,agriculture
577438,agriculture
577444,agriculture
577446,agriculture
577494,agriculture
577506,agriculture
577513,agriculture
577554,agriculture
577679,agriculture
577697,ilegal_mining
577700,agriculture
577776,agriculture
577804,agriculture
577839,ilegal_mining
577853,agriculture
577864,agriculture
577905,agriculture
577976,agriculture
577994,agriculture
578009,agriculture
578059,agriculture
578071,agriculture
578077,agriculture
578081,agriculture
578144,agriculture
578150,ilegal_mining
578177,agriculture
578288,agriculture
578309,agriculture
578333,agriculture
578350,agriculture
578396,agriculture
578448,agriculture
578464,agriculture
578608,agriculture
578618,agriculture
578630,agriculture
578658,agriculture
578706,agriculture
578773,agriculture
578781,agriculture
578792,agriculture
578815,agriculture
578849,ilegal_mining
578957,agriculture
578978,agriculture
579095,ilegal_mining
579214,agriculture
579219,ilegal_mining
579229,agriculture
579232,agriculture
579260,agriculture
579261,agriculture
579268,agriculture
579278,ilegal_mining
579347,agriculture
579416,agriculture
579422,agriculture
579440,agriculture
579507,agriculture
579509,agriculture
579517,agriculture
579539,agriculture
579626,agriculture
579641,agriculture
579662,agriculture
579706,agriculture
579734,agriculture
579797,agriculture
579804,agriculture
579806,agriculture
579845,ilegal_mining
579959,ilegal_mining
579961,agriculture
579980,agriculture
579993,ilegal_mining
580055,ilegal_mining
580099,ilegal_mining
580161,ilegal_mining
580171,ilegal_mining
580193,ilegal_mining
580312,agriculture
580328,ilegal_mining
580334,agriculture
580383,ilegal_mining
580397,ilegal_mining
580399,ilegal_mining
580441,ilegal_mining
580447,ilegal_mining
580456,ilegal_mining
580466,ilegal_mining
580473,ilegal_mining
580489,ilegal_mining
580516,ilegal_mining
580531,ilegal_mining
580535,ilegal_mining
580583,ilegal_mining
580591,agriculture
580593,ilegal_mining
580600,ilegal_mining
580609,ilegal_mining
580623,ilegal_mining
580633,agriculture
580652,agriculture
580709,ilegal_mining
580752,agriculture
580764,agriculture
580776,ilegal_mining
580827,ilegal_mining
580836,agriculture
580839,ilegal_mining
580843,agriculture
580859,ilegal_mining
580902,ilegal_mining
580940,agriculture
580966,ilegal_mining
580981,ilegal_mining
581007,ilegal_mining
581011,ilegal_mining
581036,ilegal_mining
581055,ilegal_mining
581068,agriculture
581096,agriculture
581104,agriculture
581106,ilegal_mining
581132,ilegal_mining
581136,ilegal_mining
581169,ilegal_mining
581245,agriculture
581302,agriculture
581318,ilegal_mining
581339,ilegal_mining
581351,ilegal_mining
581371,agriculture
581411,ilegal_mining
581422,ilegal_mining
581436,agriculture
581468,ilegal_mining
581477,ilegal_mining
581500,ilegal_mining
581504,ilegal_mining
581531,ilegal_mining
581532,ilegal_mining
581542,agriculture
589883,ilegal_mining
589915,agriculture
589957,agriculture
589970,agriculture
590017,agriculture
590020,agriculture
590068,agriculture
590094,agriculture
590160,agriculture
590162,ilegal_mining
590244,agriculture
590264,agriculture
590382,agriculture
590388,agriculture
590416,agriculture
590425,ilegal_mining
590459,agriculture
590504,agriculture
590523,agriculture
590530,agriculture
590535,agriculture
590547,agriculture
590563,agriculture
590573,agriculture
590577,agriculture
590581,agriculture
590597,agriculture
590651,agriculture
590658,ilegal_mining
590676,agriculture
590711,agriculture
590727,agriculture
590746,agriculture
590747,agriculture
590748,agriculture
590758,ilegal_mining
590762,agriculture
590788,ilegal_mining
590819,agriculture
590833,agriculture
590845,ilegal_mining
590846,agriculture
590856,agriculture
590861,agriculture
590865,ilegal_mining
590888,ilegal_mining
590892,agriculture
590897,agriculture
590898,agriculture
590908,agriculture
590920,agriculture
590934,agriculture
590949,agriculture
590958,agriculture
590969,agriculture
590973,agriculture
590983,agriculture
591040,ilegal_mining
591048,ilegal_mining
591088,agriculture
591123,ilegal_mining
591125,ilegal_mining
591145,agriculture
591157,agriculture
591165,agriculture
591171,ilegal_mining
591182,agriculture
591206,ilegal_mining
591231,agriculture
591247,ilegal_mining
591261,ilegal_mining
591290,agriculture
591320,ilegal_mining
591330,agriculture
591335,agriculture
591342,ilegal_mining
591345,agriculture
591350,agriculture
591399,ilegal_mining
591407,agriculture
591430,agriculture
591432,agriculture
591435,ilegal_mining
591454,agriculture
591468,agriculture
591473,ilegal_mining
591495,agriculture
591497,ilegal_mining
591500,ilegal_mining
591512,ilegal_mining
591517,agriculture
591603,agriculture
591618,ilegal_mining
591621,ilegal_mining
591636,agriculture
591650,ilegal_mining
591655,agriculture
591664,agriculture
591671,agriculture
591682,agriculture
591685,agriculture
591719,agriculture
591720,ilegal_mining
591745,agriculture
591751,ilegal_mining
591752,agriculture
591789,ilegal_mining
591796,agriculture
591827,ilegal_mining
591869,ilegal_mining
591879,agriculture
591890,agriculture
591921,agriculture
591922,agriculture
591934,ilegal_mining
591958,ilegal_mining
591976,agriculture
591979,agriculture
591980,agriculture
591981,agriculture
592010,ilegal_mining
592025,agriculture
592048,ilegal_mining
592059,ilegal_mining
592065,agriculture
592077,agriculture
592087,ilegal_mining
592099,agriculture
592117,agriculture
592120,ilegal_mining
592131,ilegal_mining
592139,agriculture
592160,ilegal_mining
592173,agriculture
592209,ilegal_mining
592214,agriculture
592218,ilegal_mining
592239,agriculture
592276,agriculture
592302,agriculture
592304,agriculture
592310,ilegal_mining
592325,agriculture
592338,ilegal_mining
592339,agriculture
592341,agriculture
592356,agriculture
592400,agriculture
592416,agriculture
592417,ilegal_mining
592418,ilegal_mining
592420,ilegal_mining
592421,agriculture
592430,ilegal_mining
592461,agriculture
592493,agriculture
592501,agriculture
592502,agriculture
592531,agriculture
592561,agriculture
592583,ilegal_mining
592600,agriculture
592605,agriculture
592618,agriculture
592625,agriculture
592633,agriculture
592634,ilegal_mining
592655,agriculture
592660,agriculture
592664,agriculture
592676,agriculture
592686,agriculture
592690,agriculture
592699,agriculture
592752,agriculture
592766,ilegal_mining
592828,ilegal_mining
592917,ilegal_mining
592923,agriculture
592943,ilegal_mining
592951,ilegal_mining
592953,agriculture
592976,ilegal_mining
593040,ilegal_mining
593043,agriculture
593045,ilegal_mining
593090,agriculture
593129,ilegal_mining
593149,agriculture
593169,agriculture
593179,agriculture
593232,ilegal_mining
593288,ilegal_mining
593304,agriculture
593326,ilegal_mining
593351,ilegal_mining
593356,ilegal_mining
593369,agriculture
593398,ilegal_mining
593409,ilegal_mining
593443,agriculture
593450,agriculture
593464,agriculture
593466,ilegal_mining
593512,agriculture
593516,ilegal_mining
593526,ilegal_mining
593529,ilegal_mining
593534,agriculture
593541,ilegal_mining
593542,ilegal_mining
593565,ilegal_mining
593568,agriculture
593599,ilegal_mining
593637,ilegal_mining
593665,ilegal_mining
593716,ilegal_mining
593759,ilegal_mining
593769,ilegal_mining
593772,agriculture
593780,ilegal_mining
593823,agriculture
593860,ilegal_mining
593869,ilegal_mining
593880,agriculture
593891,ilegal_mining
593895,agriculture
593898,ilegal_mining
593918,ilegal_mining
593921,ilegal_mining
597257,ilegal_mining
597282,ilegal_mining
597290,ilegal_mining
597292,ilegal_mining
597296,ilegal_mining
597297,ilegal_mining
597300,ilegal_mining
597314,ilegal_mining
597317,agriculture
597324,ilegal_mining
597334,ilegal_mining
597344,agriculture
597355,ilegal_mining
597357,agriculture
597360,ilegal_mining
597361,ilegal_mining
597366,ilegal_mining
597380,ilegal_mining
597395,agriculture
597397,ilegal_mining
597404,agriculture
597425,ilegal_mining
597429,ilegal_mining
597434,ilegal_mining
597435,ilegal_mining
597440,ilegal_mining
597455,ilegal_mining
597461,agriculture
597467,ilegal_mining
597476,agriculture
597483,ilegal_mining
597485,ilegal_mining
597486,ilegal_mining
597493,ilegal_mining
597502,ilegal_mining
597509,agriculture
597511,ilegal_mining
597514,ilegal_mining
597518,ilegal_mining
597529,agriculture
597536,ilegal_mining
597537,ilegal_mining
597565,ilegal_mining
597568,ilegal_mining
597571,ilegal_mining
597583,ilegal_mining
597601,ilegal_mining
597603,ilegal_mining
597616,ilegal_mining
597623,ilegal_mining
597629,ilegal_mining
597637,ilegal_mining
597647,agriculture
597660,ilegal_mining
597662,ilegal_mining
597664,ilegal_mining
597670,ilegal_mining
597672,ilegal_mining
597673,ilegal_mining
597680,ilegal_mining
597685,ilegal_mining
597687,ilegal_mining
597688,ilegal_mining
597696,ilegal_mining
597697,ilegal_mining
597699,ilegal_mining
597708,agriculture
597710,ilegal_mining
597712,ilegal_mining
597713,ilegal_mining
597717,ilegal_mining
597720,ilegal_mining
597728,ilegal_mining
597732,ilegal_mining
597733,ilegal_mining
597746,ilegal_mining
597780,ilegal_mining
597783,ilegal_mining
597785,ilegal_mining
597791,agriculture
597792,ilegal_mining
597797,ilegal_mining
597807,ilegal_mining
597813,ilegal_mining
597817,ilegal_mining
597822,ilegal_mining
597829,ilegal_mining
597832,ilegal_mining
597834,ilegal_mining
597845,ilegal_mining
597847,ilegal_mining
597849,ilegal_mining
597851,ilegal_mining
597855,ilegal_mining
597863,ilegal_mining
597868,ilegal_mining
597886,agriculture
597892,agriculture
597896,ilegal_mining
597902,ilegal_mining
597903,ilegal_mining
597930,ilegal_mining
597937,ilegal_mining
597940,ilegal_mining
597941,ilegal_mining
597946,ilegal_mining
597955,ilegal_mining
597956,ilegal_mining
597959,ilegal_mining
597972,ilegal_mining
597974,ilegal_mining
597991,ilegal_mining
597997,ilegal_mining
598001,ilegal_mining
598003,ilegal_mining
598012,ilegal_mining
598020,ilegal_mining
598022,ilegal_mining
598035,ilegal_mining
598036,ilegal_mining
598066,ilegal_mining
598076,ilegal_mining
598079,ilegal_mining
598097,ilegal_mining
598099,ilegal_mining
598114,agriculture
598122,ilegal_mining
598136,agriculture
598142,ilegal_mining
598145,ilegal_mining
598147,ilegal_mining
598173,ilegal_mining
598174,ilegal_mining
598183,ilegal_mining
598186,ilegal_mining
598212,ilegal_mining
598213,ilegal_mining
598214,agriculture
598215,ilegal_mining
598223,ilegal_mining
598235,ilegal_mining
598245,ilegal_mining
598252,ilegal_mining
598256,ilegal_mining
598262,agriculture
598277,ilegal_mining
598278,agriculture
598296,ilegal_mining
598299,agriculture
598300,ilegal_mining
598308,ilegal_mining
598310,ilegal_mining
598311,ilegal_mining
598323,ilegal_mining
598327,ilegal_mining
598335,ilegal_mining
598358,ilegal_mining
598362,ilegal_mining
598364,agriculture
598372,agriculture
598383,ilegal_mining
598411,ilegal_mining
598414,ilegal_mining
598417,ilegal_mining
598442,ilegal_mining
598443,ilegal_mining
598450,ilegal_mining
598458,ilegal_mining
598465,ilegal_mining
598472,ilegal_mining
598474,ilegal_mining
598477,ilegal_mining
598489,agriculture
598496,ilegal_mining
598497,ilegal_mining
598514,agriculture
598515,ilegal_mining
598525,ilegal_mining
598526,agriculture
598527,ilegal_mining
598528,agriculture
598538,ilegal_mining
600192,agriculture
600196,agriculture
600197,agriculture
600236,agriculture
600279,agriculture
600282,agriculture
600343,ilegal_mining
600422,agriculture
600456,agriculture
600512,ilegal_mining
600568,agriculture
600644,ilegal_mining
600667,ilegal_mining
600725,agriculture
600754,ilegal_mining
600795,ilegal_mining
600844,agriculture
600865,ilegal_mining
600911,agriculture
600917,agriculture
600927,ilegal_mining
600964,ilegal_mining
600965,ilegal_mining
600989,ilegal_mining
601001,agriculture
601027,ilegal_mining
601048,ilegal_mining
601075,agriculture
601093,agriculture
601194,ilegal_mining
601205,ilegal_mining
601212,ilegal_mining
601252,ilegal_mining
601267,ilegal_mining
601290,agriculture
601297,agriculture
601334,ilegal_mining
601341,agriculture
601342,ilegal_mining
601359,agriculture
601366,agriculture
601382,ilegal_mining
601383,ilegal_mining
601393,agriculture
601480,ilegal_mining
601528,agriculture
601562,ilegal_mining
601576,agriculture
601613,ilegal_mining
601652,ilegal_mining
601686,agriculture
601716,agriculture
601783,ilegal_mining
601800,ilegal_mining
601834,agriculture
601839,ilegal_mining
601867,ilegal_mining
601904,agriculture
601910,ilegal_mining
601926,ilegal_mining
601930,ilegal_mining
601956,ilegal_mining
601963,ilegal_mining
602016,agriculture
602026,ilegal_mining
602060,agriculture
602063,ilegal_mining
602104,ilegal_mining
602108,agriculture
602142,ilegal_mining
602150,agriculture
602153,ilegal_mining
602163,ilegal_mining
602220,agriculture
602430,agriculture
602461,agriculture
602463,ilegal_mining
602558,ilegal_mining
602568,ilegal_mining
602612,agriculture
602652,ilegal_mining
602670,ilegal_mining
602705,ilegal_mining
602760,agriculture
602770,ilegal_mining
602775,ilegal_mining
602783,ilegal_mining
602786,ilegal_mining
602805,agriculture
602821,ilegal_mining
602850,agriculture
602973,agriculture
603193,agriculture
603366,agriculture
603430,agriculture
603434,agriculture
603506,agriculture
603533,agriculture
603559,ilegal_mining
603560,ilegal_mining
603567,ilegal_mining
603572,ilegal_mining
603575,ilegal_mining
603576,ilegal_mining
603579,ilegal_mining
603580,ilegal_mining
603582,ilegal_mining
603588,ilegal_mining
603599,agriculture
603603,ilegal_mining
603612,ilegal_mining
603628,ilegal_mining
603633,ilegal_mining
603653,ilegal_mining
603665,ilegal_mining
603692,ilegal_mining
603702,ilegal_mining
603706,ilegal_mining
603716,ilegal_mining
603735,ilegal_mining
603752,ilegal_mining
603758,ilegal_mining
603762,ilegal_mining
603763,agriculture
603771,ilegal_mining
603784,agriculture
603802,ilegal_mining
603811,ilegal_mining
603841,agriculture
603865,ilegal_mining
603868,ilegal_mining
603870,ilegal_mining
603879,ilegal_mining
603884,agriculture
603887,ilegal_mining
603892,agriculture
603921,ilegal_mining
603923,agriculture
603940,ilegal_mining
603946,ilegal_mining
603991,agriculture
604002,ilegal_mining
604025,ilegal_mining
604029,ilegal_mining
604056,ilegal_mining
604060,ilegal_mining
604062,ilegal_mining
604067,ilegal_mining
604070,ilegal_mining
604075,ilegal_mining
604079,ilegal_mining
604096,ilegal_mining
604097,ilegal_mining
604100,ilegal_mining
604123,ilegal_mining
604132,ilegal_mining
604134,ilegal_mining
604141,ilegal_mining
604148,ilegal_mining
604153,ilegal_mining
604158,ilegal_mining
604185,ilegal_mining
604188,ilegal_mining
604195,ilegal_mining
604204,ilegal_mining
604205,ilegal_mining
604221,ilegal_mining
604227,ilegal_mining
604260,ilegal_mining
604263,ilegal_mining
604270,agriculture
604272,agriculture
604313,ilegal_mining
604321,ilegal_mining
604335,ilegal_mining
604346,ilegal_mining
604351,ilegal_mining
604399,agriculture
604420,agriculture
604424,agriculture
604425,agriculture
604467,agriculture
604481,agriculture
604502,agriculture
604509,agriculture
604660,agriculture
604746,agriculture
604779,agriculture
604867,agriculture
604903,agriculture
605061,agriculture
605085,agriculture
605251,ilegal_mining
605362,agriculture
605433,agriculture
605478,agriculture
605504,agriculture
605537,agriculture
605568,agriculture
605642,agriculture
605671,agriculture
605786,agriculture
605880,agriculture
605932,agriculture
605968,agriculture
605970,agriculture
605983,agriculture
605985,agriculture
605989,agriculture
606011,agriculture
606037,agriculture
606044,agriculture
606051,agriculture
606053,agriculture
606071,agriculture
606083,agriculture
606095,agriculture
606146,agriculture
606164,agriculture
606166,agriculture
606186,agriculture
606199,agriculture
606249,agriculture
606268,agriculture
606314,agriculture
606324,agriculture
606334,agriculture
606456,agriculture
606482,agriculture
606560,agriculture
606570,agriculture
606590,agriculture
606608,agriculture
606609,agriculture
606631,agriculture
606727,agriculture
606752,agriculture
606763,agriculture
606829,agriculture
606883,agriculture
606926,agriculture
606930,agriculture
606936,agriculture
606957,agriculture
606999,agriculture
607034,agriculture
607105,agriculture
607173,agriculture
607189,agriculture
607218,agriculture
607270,agriculture
607311,agriculture
607378,ilegal_mining
607382,agriculture
607392,agriculture
607440,agriculture
607546,agriculture
607621,agriculture
607678,agriculture
607717,agriculture
607839,agriculture
607930,agriculture
608103,agriculture
608118,agriculture
608240,agriculture
608305,agriculture
608325,agriculture
608356,agriculture
608362,agriculture
608396,agriculture
608458,agriculture
608608,agriculture
608673,agriculture
608694,agriculture
608721,agriculture
608781,agriculture
608795,agriculture
608806,ilegal_mining
608866,agriculture
608976,agriculture
609128,agriculture
609130,agriculture
609176,agriculture
609182,agriculture
609219,agriculture
609245,agriculture
609261,agriculture
609354,agriculture
609390,agriculture
609459,agriculture
609466,agriculture
609475,agriculture
609482,agriculture
609497,agriculture
609512,agriculture
609513,agriculture
609526,agriculture
609527,ilegal_mining
609569,agriculture
609573,agriculture
609594,agriculture
609644,agriculture
609648,agriculture
609673,agriculture
609684,agriculture
609755,agriculture
609791,agriculture
609809,agriculture
609933,agriculture
609947,agriculture
609973,agriculture
609977,agriculture
610053,agriculture
610162,agriculture
610166,agriculture
610235,agriculture
610244,agriculture
610246,agriculture
610303,agriculture
610312,agriculture
610325,agriculture
610337,agriculture
610421,agriculture
610473,agriculture
610488,agriculture
615917,ilegal_mining
615934,agriculture
615947,agriculture
615953,agriculture
615985,agriculture
615989,ilegal_mining
616050,agriculture
616060,agriculture
616089,agriculture
616126,agriculture
616154,agriculture
616197,agriculture
616217,agriculture
616274,ilegal_mining
616290,ilegal_mining
616314,ilegal_mining
616341,ilegal_mining
616372,agriculture
616403,ilegal_mining
616406,agriculture
616417,ilegal_mining
616423,agriculture
616432,agriculture
616470,ilegal_mining
616472,ilegal_mining
616490,agriculture
616494,agriculture
616513,ilegal_mining
616529,agriculture
616557,agriculture
616610,agriculture
616620,agriculture
616655,ilegal_mining
616681,agriculture
616684,ilegal_mining
616701,agriculture
616760,agriculture
616780,agriculture
616793,agriculture
616798,ilegal_mining
616821,agriculture
616865,agriculture
616910,agriculture
616919,agriculture
616921,agriculture
616925,ilegal_mining
616936,ilegal_mining
617085,ilegal_mining
617101,ilegal_mining
617113,ilegal_mining
617138,agriculture
617183,ilegal_mining
617281,agriculture
617292,ilegal_mining
617298,ilegal_mining
617312,agriculture
617357,agriculture
617384,ilegal_mining
617485,agriculture
617500,agriculture
617530,ilegal_mining
617538,agriculture
617642,ilegal_mining
617716,agriculture
617746,ilegal_mining
617767,ilegal_mining
617829,ilegal_mining
617834,ilegal_mining
617853,ilegal_mining
617865,ilegal_mining
617947,agriculture
618041,agriculture
618042,ilegal_mining
618073,ilegal_mining
618118,agriculture
618130,agriculture
618219,ilegal_mining
618222,agriculture
618229,agriculture
618239,agriculture
618257,agriculture
618267,agriculture
618304,agriculture
618373,agriculture
618412,agriculture
618421,agriculture
618456,agriculture
618483,agriculture
618515,agriculture
618533,agriculture
618551,agriculture
618565,ilegal_mining
618568,agriculture
618599,agriculture
634681,agriculture
636284,agriculture
637649,agriculture
644093,agriculture
657987,agriculture
660954,agriculture
669294,agriculture
669346,agriculture
669484,agriculture
669501,agriculture
669546,agriculture
670002,agriculture
670208,agriculture
670344,agriculture
670476,agriculture
670504,agriculture
670859,agriculture
670866,ilegal_mining
670898,agriculture
670901,agriculture
671048,agriculture
671094,agriculture
671096,agriculture
671121,ilegal_mining
671136,agriculture
671162,ilegal_mining
671215,agriculture
671264,agriculture
671266,agriculture
671288,agriculture
671307,agriculture
671308,agriculture
671337,agriculture
671368,agriculture
671371,agriculture
671412,agriculture
671435,agriculture
671455,ilegal_mining
671490,agriculture
671500,agriculture
671527,agriculture
671556,agriculture
671560,agriculture
671571,agriculture
671577,agriculture
671585,agriculture
671627,agriculture
671639,agriculture
671658,agriculture
671684,agriculture
671685,agriculture
671708,agriculture
671712,agriculture
671731,agriculture
671781,agriculture
671804,agriculture
671810,agriculture
671889,ilegal_mining
671928,agriculture
671952,agriculture
671999,agriculture
672035,agriculture
672048,agriculture
672101,ilegal_mining
672127,agriculture
672213,agriculture
672313,ilegal_mining
672363,agriculture
672391,agriculture
672436,agriculture
672465,agriculture
672467,agriculture
672476,agriculture
672523,agriculture
672546,agriculture
672592,agriculture
672601,agriculture
672622,agriculture
672634,agriculture
672654,agriculture
672661,agriculture
672671,agriculture
672699,agriculture
672804,agriculture
672829,agriculture
672848,agriculture
672874,agriculture
672961,agriculture
672985,agriculture
673003,agriculture
673023,agriculture
673036,agriculture
673060,agriculture
673092,ilegal_mining
673120,agriculture
673149,agriculture
673193,agriculture
673210,agriculture
673270,agriculture
673283,agriculture
673322,agriculture
673337,agriculture
673439,agriculture
673651,agriculture
674232,agriculture
674311,agriculture
674357,agriculture
674409,agriculture
674420,agriculture
674444,agriculture
674464,agriculture
674504,agriculture
674510,agriculture
674535,agriculture
674577,agriculture
674599,agriculture
674601,agriculture
674611,agriculture
674649,agriculture
674655,agriculture
674733,agriculture
674770,agriculture
674794,agriculture
674822,agriculture
674919,agriculture
674938,agriculture
675006,ilegal_mining
675149,ilegal_mining
675208,agriculture
675238,agriculture
675329,agriculture
675330,agriculture
675340,agriculture
675363,agriculture
675402,agriculture
675442,agriculture
675490,natural_cause
675576,agriculture
675605,agriculture
675611,agriculture
675642,ilegal_mining
675673,agriculture
675752,agriculture
675842,agriculture
675934,agriculture
675935,agriculture
675964,agriculture
675972,agriculture
676032,agriculture
676162,agriculture
676212,agriculture
676214,agriculture
676296,agriculture
676368,agriculture
676400,agriculture
676452,agriculture
676457,ilegal_mining
676478,agriculture
676494,ilegal_mining
676495,agriculture
676502,agriculture
676518,agriculture
676543,agriculture
676622,agriculture
676628,agriculture
676649,agriculture
676760,agriculture
676761,agriculture
676762,agriculture
676835,agriculture
676909,agriculture
676984,agriculture
677051,agriculture
677113,agriculture
677274,agriculture
677738,agriculture
678053,agriculture
678075,ilegal_mining
678115,agriculture
678142,agriculture
678177,agriculture
678181,agriculture
678182,agriculture
678219,ilegal_mining
678276,agriculture
678325,agriculture
678343,agriculture
678392,agriculture
678399,agriculture
678513,agriculture
678522,agriculture
678551,agriculture
678566,agriculture
678567,agriculture
678583,ilegal_mining
678609,ilegal_mining
678615,ilegal_mining
678622,agriculture
678631,agriculture
678653,agriculture
678698,agriculture
678750,agriculture
678762,agriculture
678769,agriculture
678800,agriculture
678801,agriculture
678806,agriculture
678846,agriculture
678889,agriculture
678897,agriculture
678916,agriculture
678972,agriculture
678981,agriculture
678996,ilegal_mining
679010,agriculture
679160,agriculture
679231,agriculture
679239,agriculture
679244,agriculture
679284,agriculture
679312,agriculture
679313,agriculture
679461,ilegal_mining
679533,agriculture
679577,agriculture
679674,agriculture
679682,agriculture
679731,agriculture
679794,agriculture
679826,agriculture
679835,ilegal_mining
679840,ilegal_mining
679902,ilegal_mining
679904,agriculture
679940,agriculture
679947,ilegal_mining
679969,agriculture
680043,agriculture
680080,agriculture
680114,agriculture
680157,agriculture
680254,agriculture
680271,agriculture
680282,agriculture
680337,agriculture
680356,agriculture
680405,agriculture
680428,agriculture
680865,agriculture
680877,agriculture
681403,agriculture
681406,agriculture
681441,agriculture
681442,agriculture
681485,agriculture
681547,agriculture
681601,agriculture
681666,agriculture
681732,agriculture
681741,agriculture
681849,agriculture
681904,agriculture
681917,agriculture
681960,agriculture
681984,agriculture
682009,agriculture
682059,agriculture
682092,agriculture
682113,ilegal_mining
682169,agriculture
682213,agriculture
682224,agriculture
682252,agriculture
682304,agriculture
682319,ilegal_mining
682431,agriculture
682432,agriculture
682454,agriculture
682490,agriculture
682497,ilegal_mining
682508,agriculture
682604,agriculture
682639,agriculture
682646,agriculture
682647,agriculture
682652,agriculture
682682,agriculture
682720,agriculture
682729,agriculture
682737,agriculture
682756,ilegal_mining
682835,agriculture
682877,ilegal_mining
682959,agriculture
682966,ilegal_mining
682976,agriculture
682989,ilegal_mining
682991,agriculture
683079,agriculture
683096,agriculture
683128,agriculture
683173,agriculture
683196,agriculture
683244,agriculture
683246,agriculture
683300,agriculture
683317,agriculture
683328,agriculture
683344,agriculture
683371,agriculture
683410,agriculture
683491,agriculture
683512,agriculture
683521,ilegal_mining
683564,agriculture
683597,agriculture
683610,agriculture
683621,ilegal_mining
683623,agriculture
683658,agriculture
683696,agriculture
683706,ilegal_mining
683721,agriculture
683734,agriculture
683779,agriculture
683813,agriculture
683836,agriculture
683845,agriculture
683849,agriculture
683855,agriculture
683878,agriculture
683892,agriculture
683919,agriculture
683963,agriculture
683987,agriculture
683997,agriculture
684188,agriculture
684384,agriculture
684527,agriculture
684547,agriculture
684609,agriculture
684833,agriculture
684886,agriculture
684894,agriculture
685082,agriculture
685135,agriculture
685178,agriculture
685250,agriculture
685442,agriculture
685559,agriculture
685690,agriculture
685772,agriculture
685784,agriculture
685797,agriculture
685811,agriculture
685999,agriculture
686163,agriculture
686243,agriculture
686262,agriculture
686275,agriculture
686373,agriculture
686405,agriculture
686431,agriculture
686443,agriculture
686476,agriculture
686479,agriculture
686495,agriculture
686509,agriculture
686520,agriculture
686550,agriculture
686561,agriculture
686584,agriculture
686585,agriculture
686644,agriculture
686672,agriculture
686706,agriculture
686782,agriculture
686784,agriculture
686841,agriculture
686842,ilegal_mining
686843,agriculture
686846,agriculture
686853,agriculture
686856,agriculture
686902,agriculture
686987,agriculture
687026,agriculture
687031,ilegal_mining
687033,agriculture
687057,agriculture
687072,agriculture
687079,agriculture
687086,agriculture
687122,agriculture
687130,agriculture
687132,ilegal_mining
687134,agriculture
687164,agriculture
687169,agriculture
687184,agriculture
687209,agriculture
687220,agriculture
687224,agriculture
687237,agriculture
687244,agriculture
687248,agriculture
687305,agriculture
687331,agriculture
687335,agriculture
687387,ilegal_mining
687430,agriculture
687437,agriculture
687455,agriculture
687470,agriculture
687485,agriculture
687579,agriculture
687620,agriculture
687652,agriculture
687670,agriculture
687672,agriculture
687689,ilegal_mining
687701,ilegal_mining
687739,agriculture
687767,agriculture
687782,agriculture
687816,agriculture
687852,agriculture
687873,agriculture
687882,ilegal_mining
687989,ilegal_mining
688042,agriculture
688046,agriculture
688069,agriculture
688074,agriculture
688146,agriculture
688159,agriculture
688190,agriculture
688318,agriculture
688340,ilegal_mining
688360,agriculture
688433,agriculture
688436,agriculture
688451,agriculture
688458,agriculture
688460,ilegal_mining
688528,agriculture
688602,agriculture
688630,agriculture
688632,agriculture
688639,agriculture
688665,agriculture
688671,agriculture
688684,agriculture
688692,agriculture
688694,agriculture
688709,agriculture
688717,agriculture
688731,agriculture
688770,agriculture
688781,agriculture
688796,agriculture
688811,agriculture
688831,agriculture
688859,agriculture
688889,agriculture
688907,agriculture
688930,agriculture
688996,agriculture
689025,agriculture
689116,agriculture
689233,agriculture
689258,agriculture
689295,agriculture
689490,agriculture
689572,agriculture
689586,agriculture
689914,agriculture
689938,agriculture
689942,agriculture
690080,agriculture
690146,agriculture
690150,agriculture
690203,agriculture
690229,agriculture
690267,agriculture
690268,agriculture
690280,agriculture
690284,agriculture
690327,ilegal_mining
690355,ilegal_mining
690370,agriculture
690422,agriculture
690461,agriculture
690511,agriculture
690522,agriculture
690588,agriculture
690627,agriculture
690656,agriculture
690661,agriculture
690662,agriculture
690665,agriculture
690690,agriculture
690736,agriculture
690785,agriculture
690804,agriculture
690878,agriculture
690929,agriculture
690986,agriculture
691003,agriculture
691042,agriculture
691049,agriculture
691055,agriculture
691074,agriculture
691082,ilegal_mining
691105,agriculture
691112,agriculture
691158,agriculture
691192,agriculture
691205,ilegal_mining
691210,agriculture
691276,agriculture
691331,agriculture
691356,agriculture
691480,agriculture
691541,agriculture
691547,agriculture
691576,agriculture
691588,agriculture
691600,agriculture
691604,agriculture
691639,agriculture
691646,agriculture
691654,agriculture
691674,agriculture
691682,agriculture
691717,agriculture
691746,ilegal_mining
691791,agriculture
691806,agriculture
691840,agriculture
691857,agriculture
691875,agriculture
691917,agriculture
691948,ilegal_mining
691987,agriculture
692008,agriculture
692033,ilegal_mining
692055,agriculture
692079,agriculture
692090,agriculture
692221,agriculture
692222,agriculture
692235,agriculture
692269,agriculture
692324,agriculture
692334,agriculture
692336,agriculture
692337,agriculture
692353,agriculture
692356,agriculture
692394,agriculture
692414,agriculture
692471,agriculture
692491,ilegal_mining
692497,agriculture
692502,agriculture
692514,agriculture
692519,agriculture
692590,agriculture
692674,agriculture
692696,agriculture
692738,agriculture
692783,agriculture
692825,agriculture
692936,agriculture
692958,agriculture
692996,agriculture
693078,agriculture
693087,agriculture
693092,agriculture
693272,agriculture
693401,agriculture
693427,agriculture
693492,agriculture
693598,agriculture
693728,agriculture
693769,agriculture
693893,agriculture
693904,agriculture
693927,agriculture
693958,agriculture
693959,agriculture
693992,ilegal_mining
694072,agriculture
694076,agriculture
694084,agriculture
694110,agriculture
694120,agriculture
694171,agriculture
694200,agriculture
694206,agriculture
694208,agriculture
694229,agriculture
694237,agriculture
694247,agriculture
694254,agriculture
694281,agriculture
694301,agriculture
694315,agriculture
694326,agriculture
694374,agriculture
694421,agriculture
694440,agriculture
694524,agriculture
694529,agriculture
694531,agriculture
694595,agriculture
694601,agriculture
694617,agriculture
694624,agriculture
694659,agriculture
694668,agriculture
694693,agriculture
694729,agriculture
694754,agriculture
694796,agriculture
694854,agriculture
694915,agriculture
694985,agriculture
694989,agriculture
695049,agriculture
695054,agriculture
695081,agriculture
695112,ilegal_mining
695114,agriculture
695182,agriculture
695190,ilegal_mining
695199,agriculture
695235,agriculture
695267,agriculture
695287,agriculture
695371,ilegal_mining
695430,agriculture
695433,agriculture
695452,agriculture
695489,agriculture
695523,agriculture
695615,agriculture
695675,ilegal_mining
695702,agriculture
695728,agriculture
695768,agriculture
695822,agriculture
695858,agriculture
695882,agriculture
695892,agriculture
695900,agriculture
695921,agriculture
695959,agriculture
695981,agriculture
696001,agriculture
696038,agriculture
696086,agriculture
696091,agriculture
696107,agriculture
696122,agriculture
696194,agriculture
696228,agriculture
696229,agriculture
696249,agriculture
696260,agriculture
696288,agriculture
696311,agriculture
696339,ilegal_mining
696351,agriculture
696363,agriculture
696383,agriculture
696410,agriculture
696412,agriculture
696414,agriculture
696438,agriculture
696443,agriculture
696450,agriculture
696458,agriculture
696471,agriculture
696489,agriculture
696500,agriculture
696505,agriculture
696526,agriculture
696570,agriculture
696628,agriculture
696637,agriculture
696650,agriculture
696698,agriculture
696701,agriculture
696954,agriculture
696977,agriculture
696980,agriculture
697018,agriculture
697083,agriculture
697100,agriculture
697122,agriculture
697125,agriculture
697209,agriculture
697229,agriculture
697234,agriculture
697351,agriculture
697374,agriculture
697427,agriculture
697459,agriculture
697511,agriculture
697742,agriculture
697789,agriculture
697790,agriculture
697827,agriculture
697829,agriculture
697846,agriculture
697918,agriculture
697937,agriculture
697944,agriculture
697947,agriculture
698009,agriculture
698011,agriculture
698028,agriculture
698038,ilegal_mining
698046,agriculture
698138,agriculture
698198,agriculture
698200,agriculture
698268,agriculture
698289,agriculture
698305,agriculture
698349,agriculture
698363,agriculture
698390,agriculture
698402,agriculture
698417,agriculture
698433,agriculture
698463,agriculture
698591,agriculture
698631,agriculture
698676,agriculture
698710,agriculture
698725,agriculture
698749,agriculture
698780,agriculture
698801,agriculture
698808,agriculture
698810,agriculture
698823,agriculture
698856,agriculture
698934,agriculture
698963,agriculture
698983,agriculture
699048,agriculture
699062,agriculture
699198,agriculture
699217,agriculture
699222,agriculture
699240,agriculture
699255,agriculture
699313,ilegal_mining
699315,agriculture
699325,ilegal_mining
699395,agriculture
699419,agriculture
699433,agriculture
699522,agriculture
699543,agriculture
699632,agriculture
699659,agriculture
699672,agriculture
699693,agriculture
699707,agriculture
699738,agriculture
699849,agriculture
699913,agriculture
699916,agriculture
699923,agriculture
699942,agriculture
699949,agriculture
700007,agriculture
700034,agriculture
700049,agriculture
700055,agriculture
700077,agriculture
700110,agriculture
700234,agriculture
700236,agriculture
700258,agriculture
700298,agriculture
700314,ilegal_mining
700348,ilegal_mining
700404,agriculture
700474,agriculture
700502,agriculture
700507,agriculture
700545,agriculture
700548,agriculture
700573,agriculture
700592,agriculture
700595,agriculture
700599,agriculture
704293,agriculture
704295,ilegal_mining
704321,ilegal_mining
704334,agriculture
704391,ilegal_mining
704408,agriculture
704419,ilegal_mining
704431,ilegal_mining
704435,ilegal_mining
704450,ilegal_mining
704458,agriculture
704478,ilegal_mining
704484,agriculture
704496,ilegal_mining
704503,ilegal_mining
704507,agriculture
704545,ilegal_mining
704564,agriculture
704579,ilegal_mining
704609,agriculture
704613,ilegal_mining
704619,ilegal_mining
704637,agriculture
704644,agriculture
704662,ilegal_mining
704693,ilegal_mining
704742,ilegal_mining
704743,ilegal_mining
704744,ilegal_mining
704748,ilegal_mining
704775,agriculture
704789,agriculture
704797,ilegal_mining
704799,agriculture
704802,ilegal_mining
704805,ilegal_mining
704806,ilegal_mining
704815,ilegal_mining
704831,agriculture
704837,ilegal_mining
704843,agriculture
704883,ilegal_mining
704885,agriculture
704886,ilegal_mining
704919,ilegal_mining
704925,ilegal_mining
704957,ilegal_mining
704959,ilegal_mining
704974,ilegal_mining
704999,agriculture
705002,ilegal_mining
705012,ilegal_mining
705040,agriculture
705043,ilegal_mining
705056,ilegal_mining
705060,ilegal_mining
705068,ilegal_mining
705103,agriculture
705106,ilegal_mining
705127,ilegal_mining
705151,ilegal_mining
705180,agriculture
705184,ilegal_mining
705189,ilegal_mining
705222,ilegal_mining
705224,ilegal_mining
705259,ilegal_mining
705272,ilegal_mining
705280,ilegal_mining
705281,agriculture
705289,ilegal_mining
705326,ilegal_mining
705333,agriculture
705341,agriculture
705355,agriculture
705415,agriculture
705445,agriculture
705493,ilegal_mining
705497,agriculture
705506,ilegal_mining
705561,ilegal_mining
705575,ilegal_mining
705607,agriculture
705623,ilegal_mining
705634,ilegal_mining
705651,ilegal_mining
705655,ilegal_mining
705679,agriculture
705684,agriculture
705718,ilegal_mining
705722,ilegal_mining
705728,agriculture
705754,agriculture
705819,agriculture
705829,agriculture
705849,ilegal_mining
705851,ilegal_mining
705857,ilegal_mining
705876,ilegal_mining
705888,ilegal_mining
705900,agriculture
705903,agriculture
705911,ilegal_mining
705912,ilegal_mining
705913,agriculture
705918,ilegal_mining
705952,agriculture
705956,agriculture
705957,agriculture
705991,ilegal_mining
705994,ilegal_mining
706012,ilegal_mining
706037,agriculture
706038,agriculture
706040,ilegal_mining
706046,ilegal_mining
706066,agriculture
706084,ilegal_mining
706094,ilegal_mining
706106,agriculture
706112,agriculture
706135,agriculture
706155,agriculture
706169,ilegal_mining
706193,agriculture
706194,ilegal_mining
706211,ilegal_mining
706216,ilegal_mining
706251,ilegal_mining
706252,agriculture
706300,ilegal_mining
706306,agriculture
706310,agriculture
706319,agriculture
706331,ilegal_mining
706333,ilegal_mining
706369,ilegal_mining
706391,ilegal_mining
706399,ilegal_mining
706413,agriculture
706419,ilegal_mining
706439,ilegal_mining
706510,agriculture
706576,agriculture
706577,ilegal_mining
706623,ilegal_mining
706684,agriculture
706686,agriculture
706730,agriculture
706784,agriculture
706803,agriculture
706843,agriculture
706857,agriculture
706864,agriculture
706874,ilegal_mining
706884,agriculture
706908,agriculture
706915,agriculture
706924,ilegal_mining
707011,agriculture
707041,agriculture
707071,agriculture
707215,agriculture
707993,agriculture
708361,agriculture
708463,agriculture
708469,agriculture
708600,agriculture
708658,agriculture
708659,agriculture
708712,agriculture
708716,agriculture
708772,agriculture
708797,agriculture
708809,agriculture
708907,agriculture
709005,agriculture
709092,agriculture
709151,agriculture
709256,agriculture
709294,agriculture
709298,agriculture
709347,agriculture
709351,agriculture
709354,agriculture
709362,agriculture
709400,agriculture
709408,agriculture
709455,agriculture
709496,agriculture
709533,agriculture
709534,agriculture
709562,agriculture
709565,agriculture
709566,agriculture
709583,agriculture
709586,agriculture
709605,agriculture
709609,agriculture
709619,agriculture
709661,agriculture
709662,agriculture
709700,agriculture
709713,agriculture
709761,agriculture
709763,agriculture
709779,agriculture
709796,agriculture
709801,agriculture
709808,agriculture
709810,agriculture
709822,agriculture
709830,agriculture
709899,agriculture
709910,agriculture
709924,ilegal_mining
709930,agriculture
709957,agriculture
709958,agriculture
709959,agriculture
709982,agriculture
709987,agriculture
709992,agriculture
710001,agriculture
710018,agriculture
710078,agriculture
710084,agriculture
710092,agriculture
710099,agriculture
710117,agriculture
710173,agriculture
710220,agriculture
710243,agriculture
710247,agriculture
710258,agriculture
710307,agriculture
710374,agriculture
710389,agriculture
710394,agriculture
710408,agriculture
710464,agriculture
710465,agriculture
710506,agriculture
710520,agriculture
710529,agriculture
710536,agriculture
710538,agriculture
710557,agriculture
710560,agriculture
710579,agriculture
710610,agriculture
710681,agriculture
710714,agriculture
710764,agriculture
710859,ilegal_mining
710861,agriculture
710865,agriculture
710883,agriculture
710900,agriculture
710918,ilegal_mining
710953,agriculture
710975,agriculture
710997,agriculture
711028,agriculture
711034,agriculture
711059,agriculture
711092,agriculture
711095,agriculture
711150,agriculture
711173,agriculture
711180,agriculture
711214,agriculture
711228,agriculture
711242,agriculture
711246,agriculture
711273,agriculture
711319,agriculture
711320,agriculture
711336,agriculture
711341,agriculture
711356,agriculture
711363,agriculture
711430,agriculture
711434,agriculture
711442,agriculture
711469,agriculture
711487,agriculture
711514,agriculture
711614,agriculture
711662,agriculture
711672,agriculture
711701,agriculture
711769,agriculture
711780,agriculture
711792,agriculture
711794,agriculture
711878,agriculture
711888,agriculture
711925,agriculture
711933,agriculture
711947,agriculture
711957,agriculture
712006,ilegal_mining
712013,agriculture
712023,agriculture
712026,agriculture
712028,agriculture
712050,agriculture
712088,agriculture
712110,agriculture
712113,agriculture
712195,agriculture
712212,agriculture
712221,agriculture
712227,agriculture
712265,agriculture
712291,agriculture
712322,agriculture
712353,agriculture
712365,agriculture
712389,agriculture
712413,agriculture
712529,agriculture
712560,agriculture
712561,agriculture
712570,ilegal_mining
712573,agriculture
712592,agriculture
712612,agriculture
712883,agriculture
712990,agriculture
712993,agriculture
713052,agriculture
713055,agriculture
713077,agriculture
713104,agriculture
713105,agriculture
713158,agriculture
713206,agriculture
713228,agriculture
713249,agriculture
713250,agriculture
713310,agriculture
713313,agriculture
713324,agriculture
713354,agriculture
713358,agriculture
713368,agriculture
713389,agriculture
713390,agriculture
713399,agriculture
713404,agriculture
713408,agriculture
713414,agriculture
713425,agriculture
713461,agriculture
713514,ilegal_mining
713516,agriculture
713524,agriculture
713591,agriculture
713644,agriculture
713649,agriculture
713655,agriculture
713716,agriculture
713793,agriculture
713841,agriculture
713878,agriculture
713887,agriculture
713965,agriculture
714044,agriculture
714056,agriculture
714081,agriculture
714096,agriculture
714127,agriculture
714206,agriculture
714213,agriculture
714223,agriculture
714331,agriculture
714380,agriculture
714413,agriculture
714494,agriculture
714498,agriculture
714516,agriculture
714560,agriculture
714585,agriculture
714615,agriculture
714636,agriculture
714659,agriculture
714708,agriculture
714739,agriculture
714753,agriculture
714769,ilegal_mining
714796,agriculture
714810,agriculture
714822,agriculture
714837,agriculture
714845,agriculture
714853,agriculture
714880,agriculture
714909,agriculture
714941,agriculture
714978,agriculture
715017,agriculture
715054,agriculture
715080,agriculture
715094,agriculture
715115,agriculture
715224,agriculture
715252,agriculture
715253,agriculture
715266,agriculture
715293,agriculture
715346,agriculture
715350,agriculture
715394,agriculture
715406,agriculture
715467,agriculture
715500,agriculture
715506,agriculture
715539,agriculture
715557,agriculture
715558,agriculture
715561,agriculture
715648,agriculture
715705,agriculture
715713,agriculture
715810,agriculture
715818,agriculture
715850,agriculture
715924,agriculture
715925,agriculture
715948,agriculture
715957,agriculture
715971,agriculture
715989,agriculture
716089,agriculture
716094,agriculture
716101,agriculture
716102,agriculture
716108,agriculture
716119,agriculture
716177,agriculture
716423,agriculture
716465,agriculture
716495,agriculture
716538,agriculture
716547,agriculture
716572,agriculture
716595,agriculture
716599,agriculture
716661,agriculture
716773,agriculture
716850,agriculture
716989,agriculture
717047,agriculture
717124,agriculture
717148,agriculture
717175,ilegal_mining
717196,agriculture
717212,agriculture
717214,agriculture
717232,agriculture
717233,agriculture
717240,agriculture
717264,agriculture
717292,agriculture
717320,agriculture
717362,agriculture
717398,agriculture
717407,agriculture
717425,agriculture
717435,agriculture
717514,agriculture
717562,agriculture
717575,ilegal_mining
717591,agriculture
717600,agriculture
717636,agriculture
717750,agriculture
717762,agriculture
717765,agriculture
717803,agriculture
717806,agriculture
717828,agriculture
717833,agriculture
717867,agriculture
717919,agriculture
717931,ilegal_mining
717934,agriculture
717953,ilegal_mining
717962,agriculture
717981,agriculture
718001,ilegal_mining
718007,agriculture
718023,agriculture
718045,agriculture
718066,agriculture
718098,agriculture
718100,agriculture
718119,agriculture
718147,agriculture
718154,agriculture
718173,agriculture
718179,agriculture
718196,agriculture
718250,agriculture
718280,agriculture
718289,agriculture
718331,agriculture
718340,agriculture
718422,agriculture
718454,agriculture
718465,agriculture
718468,agriculture
718484,agriculture
718487,agriculture
718495,agriculture
718558,agriculture
718562,agriculture
718625,agriculture
718639,agriculture
718643,agriculture
718758,agriculture
718770,agriculture
718778,agriculture
718782,ilegal_mining
718842,agriculture
718868,agriculture
718912,agriculture
718922,agriculture
718932,agriculture
718954,agriculture
719016,agriculture
719037,agriculture
719041,agriculture
719049,agriculture
719066,agriculture
719113,agriculture
719119,agriculture
719169,agriculture
719247,agriculture
719253,agriculture
719267,agriculture
719321,agriculture
719342,agriculture
719414,agriculture
719523,agriculture
719542,agriculture
719601,agriculture
719642,agriculture
719672,agriculture
719710,agriculture
719711,agriculture
719746,agriculture
719790,agriculture
719892,agriculture
719950,agriculture
719963,agriculture
720009,agriculture
720069,agriculture
720093,agriculture
720144,agriculture
720162,agriculture
720181,ilegal_mining
720199,agriculture
720230,agriculture
720236,agriculture
720311,ilegal_mining
720358,agriculture
720454,agriculture
720466,agriculture
720489,agriculture
720546,agriculture
720605,agriculture
720642,agriculture
720784,agriculture
720799,agriculture
720830,agriculture
720914,agriculture
720962,agriculture
720970,agriculture
720999,agriculture
721013,agriculture
721066,agriculture
721067,ilegal_mining
721123,agriculture
721133,agriculture
721134,agriculture
721138,agriculture
721203,agriculture
721245,agriculture
721273,agriculture
721277,agriculture
721280,agriculture
721281,agriculture
721293,agriculture
721296,agriculture
721306,agriculture
721425,agriculture
721429,agriculture
721432,agriculture
721444,agriculture
721451,agriculture
721470,agriculture
721472,agriculture
721479,agriculture
721489,agriculture
721531,agriculture
721583,agriculture
721588,agriculture
721606,agriculture
721621,agriculture
721637,agriculture
721667,agriculture
721669,agriculture
721725,agriculture
721747,agriculture
721840,agriculture
721866,agriculture
721971,agriculture
722016,agriculture
722018,agriculture
722033,agriculture
722061,agriculture
722062,agriculture
722178,agriculture
722187,agriculture
722190,agriculture
722227,agriculture
722251,agriculture
722266,agriculture
722270,agriculture
722277,agriculture
722278,agriculture
722298,agriculture
722324,agriculture
722332,agriculture
722346,ilegal_mining
722354,agriculture
722399,agriculture
722431,agriculture
722435,agriculture
722443,agriculture
722453,agriculture
722475,agriculture
722516,agriculture
722529,agriculture
722560,agriculture
722579,agriculture
722631,agriculture
722637,agriculture
722641,agriculture
722690,agriculture
722710,agriculture
722725,ilegal_mining
722745,agriculture
722812,agriculture
722826,agriculture
722828,agriculture
722856,agriculture
722906,agriculture
722926,agriculture
722990,agriculture
722995,agriculture
723031,agriculture
723100,agriculture
723118,agriculture
723128,agriculture
723130,agriculture
723160,agriculture
723165,agriculture
723171,agriculture
723173,agriculture
723177,ilegal_mining
723251,agriculture
723255,agriculture
723277,agriculture
723295,agriculture
723308,agriculture
723333,agriculture
723339,agriculture
723346,agriculture
723347,agriculture
723380,agriculture
723415,agriculture
723426,agriculture
723437,agriculture
723445,agriculture
723467,agriculture
723475,agriculture
723489,agriculture
723494,agriculture
723512,agriculture
723540,agriculture
723556,agriculture
723571,agriculture
723602,agriculture
723619,agriculture
723671,agriculture
723672,agriculture
723821,agriculture
723830,agriculture
723852,agriculture
723872,agriculture
723905,agriculture
724082,agriculture
724105,agriculture
724118,agriculture
724130,agriculture
724226,agriculture
724276,agriculture
724278,agriculture
724356,agriculture
724417,agriculture
724535,agriculture
724568,agriculture
724622,agriculture
724647,agriculture
724660,ilegal_mining
724767,agriculture
724790,agriculture
724801,natural_cause
724823,agriculture
724898,agriculture
724922,agriculture
724937,agriculture
725015,agriculture
725114,agriculture
725150,agriculture
725203,agriculture
725265,agriculture
725272,agriculture
725332,agriculture
725378,agriculture
725384,agriculture
725399,agriculture
725466,agriculture
725520,agriculture
725523,agriculture
725539,agriculture
725543,agriculture
725581,agriculture
725584,agriculture
725600,agriculture
725669,agriculture
725732,ilegal_mining
725736,agriculture
725851,agriculture
725854,agriculture
725889,agriculture
725948,agriculture
725959,urban_expansion
725966,agriculture
725967,agriculture
726027,agriculture
726062,agriculture
726095,agriculture
726101,agriculture
726116,agriculture
726131,agriculture
726154,agriculture
726281,agriculture
726282,agriculture
726334,agriculture
726383,agriculture
726388,agriculture
726397,ilegal_mining
726408,agriculture
726430,agriculture
726458,agriculture
726501,agriculture
726549,agriculture
726550,agriculture
726625,agriculture
726646,agriculture
726688,agriculture
726698,agriculture
726704,agriculture
726730,agriculture
726753,agriculture
726755,agriculture
726838,agriculture
726852,agriculture
726906,agriculture
727030,agriculture
727054,agriculture
727066,agriculture
727109,agriculture
727164,agriculture
727189,agriculture
727262,agriculture
727307,agriculture
727375,agriculture
727404,agriculture
727434,agriculture
727474,agriculture
727529,agriculture
727534,agriculture
727537,agriculture
727583,agriculture
727617,agriculture
727635,agriculture
727681,agriculture
727768,agriculture
727822,agriculture
727867,agriculture
728031,agriculture
728056,agriculture
728063,agriculture
728116,agriculture
728165,agriculture
728184,agriculture
728200,agriculture
728216,agriculture
728287,agriculture
728395,ilegal_mining
728466,agriculture
728490,agriculture
728507,agriculture
728612,agriculture
728625,agriculture
728642,agriculture
728678,agriculture
728697,agriculture
728698,agriculture
728818,agriculture
728823,agriculture
728832,agriculture
728838,agriculture
728839,agriculture
728842,agriculture
728847,agriculture
728850,agriculture
728856,agriculture
728885,agriculture
728908,agriculture
728915,agriculture
728941,agriculture
728982,agriculture
729082,agriculture
729109,agriculture
729120,agriculture
729133,agriculture
729224,agriculture
729232,agriculture
729258,agriculture
729290,agriculture
729297,agriculture
729337,agriculture
729343,agriculture
729349,agriculture
729408,agriculture
729421,agriculture
729434,agriculture
729439,agriculture
729594,agriculture
729598,agriculture
729632,agriculture
729659,agriculture
729705,agriculture
729810,agriculture
729819,agriculture
729833,agriculture
729858,agriculture
729886,agriculture
729962,agriculture
729982,ilegal_mining
730086,agriculture
730097,agriculture
730178,agriculture
730241,agriculture
730248,agriculture
730269,agriculture
730289,agriculture
730326,agriculture
730330,agriculture
730398,agriculture
730405,agriculture
730509,agriculture
730532,agriculture
730577,agriculture
730583,agriculture
730610,agriculture
730638,agriculture
730672,agriculture
730675,agriculture
730719,agriculture
730721,agriculture
730756,agriculture
730772,agriculture
730813,agriculture
730815,agriculture
730816,agriculture
730856,agriculture
730876,agriculture
730880,agriculture
730884,agriculture
730958,agriculture
730962,agriculture
731012,agriculture
731046,agriculture
731088,agriculture
731131,agriculture
731169,agriculture
731255,agriculture
731257,agriculture
731272,agriculture
731290,agriculture
731305,agriculture
731315,agriculture
731335,agriculture
731349,agriculture
731384,agriculture
731433,agriculture
731441,agriculture
731472,agriculture
731488,agriculture
731558,agriculture
731564,agriculture
731570,agriculture
731705,agriculture
731714,agriculture
731787,ilegal_mining
731789,agriculture
731804,agriculture
731886,agriculture
731916,agriculture
731929,agriculture
731959,agriculture
731991,ilegal_mining
732100,agriculture
732114,agriculture
732117,agriculture
732121,ilegal_mining
732128,agriculture
732203,agriculture
732255,agriculture
732260,agriculture
732271,agriculture
732342,agriculture
732382,agriculture
732385,agriculture
732476,agriculture
732573,agriculture
732581,agriculture
732622,agriculture
732696,agriculture
732701,agriculture
732702,agriculture
732765,agriculture
732768,agriculture
732808,agriculture
732837,agriculture
732886,ilegal_mining
732908,agriculture
732919,ilegal_mining
732937,agriculture
732941,agriculture
732953,agriculture
733101,agriculture
733170,agriculture
733233,agriculture
733284,agriculture
733289,agriculture
733299,agriculture
733302,agriculture
733318,agriculture
733343,agriculture
733438,agriculture
733536,agriculture
733574,agriculture
733575,ilegal_mining
733597,agriculture
733687,agriculture
733720,agriculture
733744,agriculture
733751,agriculture
733762,agriculture
733792,agriculture
733795,agriculture
733800,agriculture
733803,agriculture
733846,ilegal_mining
733866,ilegal_mining
733870,ilegal_mining
733888,ilegal_mining
733891,ilegal_mining
733903,ilegal_mining
733925,agriculture
733930,ilegal_mining
733937,ilegal_mining
733975,agriculture
733977,agriculture
733988,ilegal_mining
733997,ilegal_mining
734012,ilegal_mining
734013,ilegal_mining
734022,ilegal_mining
734038,agriculture
734045,ilegal_mining
734046,ilegal_mining
734055,agriculture
734059,agriculture
734083,agriculture
734087,ilegal_mining
734094,agriculture
734099,ilegal_mining
734121,agriculture
734132,agriculture
734146,ilegal_mining
734147,agriculture
734156,agriculture
734181,ilegal_mining
734212,ilegal_mining
734218,ilegal_mining
734260,ilegal_mining
734263,ilegal_mining
734265,agriculture
734268,ilegal_mining
734274,agriculture
734275,agriculture
734318,agriculture
734348,agriculture
734350,ilegal_mining
734354,ilegal_mining
734452,agriculture
734471,ilegal_mining
734480,ilegal_mining
734487,ilegal_mining
734494,ilegal_mining
734509,ilegal_mining
734568,ilegal_mining
734590,ilegal_mining
734593,ilegal_mining
734602,ilegal_mining
734605,ilegal_mining
734637,ilegal_mining
734644,ilegal_mining
734660,ilegal_mining
734674,ilegal_mining
734737,agriculture
740391,agriculture
740428,agriculture
740448,agriculture
740456,agriculture
740464,agriculture
740477,agriculture
740498,agriculture
740527,agriculture
740587,agriculture
740594,agriculture
740617,ilegal_mining
740632,agriculture
740661,agriculture
740667,agriculture
740688,agriculture
740745,agriculture
740813,ilegal_mining
740877,agriculture
740892,agriculture
740951,agriculture
741095,agriculture
741110,agriculture
741297,agriculture
741304,agriculture
741322,agriculture
741336,agriculture
741358,agriculture
741384,agriculture
741448,agriculture
741478,agriculture
741503,agriculture
741553,agriculture
741559,agriculture
741564,agriculture
741666,ilegal_mining
741669,agriculture
741674,ilegal_mining
741676,ilegal_mining
741689,ilegal_mining
741690,agriculture
741713,ilegal_mining
741715,ilegal_mining
741720,agriculture
741738,ilegal_mining
741753,ilegal_mining
741762,ilegal_mining
741773,ilegal_mining
741786,ilegal_mining
741797,ilegal_mining
741798,ilegal_mining
741801,agriculture
741803,ilegal_mining
741817,ilegal_mining
741824,ilegal_mining
741833,ilegal_mining
741837,agriculture
741842,ilegal_mining
741847,ilegal_mining
741878,ilegal_mining
741889,ilegal_mining
741903,ilegal_mining
741918,ilegal_mining
741920,agriculture
741925,ilegal_mining
741936,ilegal_mining
741950,ilegal_mining
741954,ilegal_mining
741973,ilegal_mining
741974,ilegal_mining
741980,agriculture
742011,agriculture
742015,ilegal_mining
742026,ilegal_mining
742028,ilegal_mining
742031,agriculture
742033,ilegal_mining
742041,agriculture
742126,ilegal_mining
742141,ilegal_mining
742142,ilegal_mining
742165,ilegal_mining
742168,ilegal_mining
742172,ilegal_mining
742188,agriculture
742193,ilegal_mining
742195,agriculture
742210,agriculture
742223,ilegal_mining
742224,ilegal_mining
742229,ilegal_mining
742235,ilegal_mining
742276,agriculture
742280,agriculture
742282,agriculture
742286,ilegal_mining
742287,agriculture
742302,ilegal_mining
742307,ilegal_mining
742308,ilegal_mining
742327,agriculture
742351,ilegal_mining
746282,agriculture
746314,agriculture
746361,agriculture
746396,agriculture
746423,agriculture
746450,agriculture
746461,agriculture
746480,agriculture
746522,agriculture
746550,agriculture
746563,ilegal_mining
746618,agriculture
746627,agriculture
746643,agriculture
746662,agriculture
746665,agriculture
746686,agriculture
746724,agriculture
746725,agriculture
746746,agriculture
746776,agriculture
746806,agriculture
746835,agriculture
746894,agriculture
746955,agriculture
747017,agriculture
747046,agriculture
747080,ilegal_mining
747156,agriculture
747163,agriculture
747189,urban_expansion
747303,agriculture
747341,agriculture
747371,ilegal_mining
747378,agriculture
747381,agriculture
747394,agriculture
747431,agriculture
747438,agriculture
747476,agriculture
747496,agriculture
747500,agriculture
747584,agriculture
747600,agriculture
747616,agriculture
747643,agriculture
747648,agriculture
747654,agriculture
747701,agriculture
747767,agriculture
747829,agriculture
747865,agriculture
747898,agriculture
747945,agriculture
747996,agriculture
748148,agriculture
748259,agriculture
748391,agriculture
748402,agriculture
748467,agriculture
748474,agriculture
748511,agriculture
748527,agriculture
748594,agriculture
748626,agriculture
748640,agriculture
748649,ilegal_mining
748660,ilegal_mining
748693,ilegal_mining
748696,agriculture
748711,agriculture
748783,agriculture
748848,agriculture
748883,agriculture
748884,agriculture
748993,agriculture
748995,agriculture
749041,agriculture
749048,ilegal_mining
749067,agriculture
749091,agriculture
749111,agriculture
749131,agriculture
749147,agriculture
749155,agriculture
749157,agriculture
749208,agriculture
749209,ilegal_mining
749217,agriculture
749219,agriculture
749263,agriculture
749311,agriculture
749318,agriculture
749324,agriculture
749344,agriculture
749357,agriculture
749372,agriculture
749384,agriculture
749421,agriculture
749438,agriculture
749445,agriculture
749467,agriculture
749469,agriculture
749473,agriculture
749533,agriculture
749580,agriculture
749657,agriculture
749695,agriculture
749696,agriculture
749747,agriculture
749766,agriculture
749775,agriculture
749825,agriculture
749878,agriculture
749942,agriculture
750002,ilegal_mining
750012,agriculture
750062,agriculture
750064,agriculture
750111,agriculture
750124,agriculture
750166,agriculture
750241,agriculture
750246,agriculture
750368,agriculture
750378,agriculture
750438,agriculture
750598,agriculture
750619,agriculture
750642,agriculture
750727,agriculture
750731,agriculture
750769,agriculture
750803,agriculture
750831,agriculture
750886,agriculture
750888,agriculture
750909,agriculture
751082,agriculture
751112,agriculture
751196,agriculture
751215,agriculture
751260,agriculture
751286,agriculture
751298,agriculture
751305,agriculture
751342,agriculture
751353,agriculture
751421,agriculture
751439,ilegal_mining
751474,agriculture
751478,agriculture
751484,agriculture
751495,agriculture
751500,agriculture
751506,agriculture
751518,agriculture
751525,agriculture
751565,agriculture
751592,agriculture
751597,agriculture
751612,agriculture
751632,agriculture
751723,ilegal_mining
751746,agriculture
751749,agriculture
751765,ilegal_mining
751824,agriculture
751862,agriculture
751872,ilegal_mining
751891,agriculture
751950,ilegal_mining
752001,agriculture
752054,agriculture
752153,ilegal_mining
752178,agriculture
752197,agriculture
752219,agriculture
752246,agriculture
752260,agriculture
752301,ilegal_mining
752373,agriculture
752500,agriculture
752516,agriculture
752546,agriculture
752553,agriculture
752577,agriculture
752603,agriculture
752648,agriculture
752649,agriculture
752680,agriculture
752732,agriculture
752749,agriculture
752811,agriculture
752854,agriculture
752855,agriculture
752858,agriculture
752865,agriculture
752870,ilegal_mining
752885,agriculture
752924,agriculture
752948,agriculture
752960,agriculture
752996,agriculture
753033,agriculture
753052,agriculture
753062,agriculture
753107,agriculture
753128,agriculture
753200,ilegal_mining
753213,agriculture
753231,agriculture
753246,agriculture
753257,agriculture
753308,agriculture
753316,agriculture
753338,agriculture
753360,agriculture
753394,agriculture
753412,agriculture
753441,agriculture
753479,agriculture
753542,agriculture
753546,agriculture
753626,agriculture
753633,agriculture
753639,agriculture
753651,agriculture
753713,agriculture
753714,agriculture
753796,agriculture
753840,agriculture
753856,agriculture
753876,agriculture
753881,agriculture
754000,agriculture
754018,agriculture
754039,ilegal_mining
754057,agriculture
754064,agriculture
754074,agriculture
754078,agriculture
754096,agriculture
754155,agriculture
754171,agriculture
754178,ilegal_mining
754275,agriculture
754343,agriculture
754375,ilegal_mining
754391,agriculture
754411,ilegal_mining
754551,agriculture
754571,agriculture
754662,agriculture
756117,agriculture
756118,ilegal_mining
756184,agriculture
756204,agriculture
756216,agriculture
756293,agriculture
756434,ilegal_mining
756449,agriculture
756563,agriculture
756645,agriculture
757036,agriculture
757222,agriculture
757295,agriculture
757326,ilegal_mining
757327,agriculture
757354,ilegal_mining
757377,agriculture
757510,agriculture
757514,agriculture
757517,agriculture
757548,agriculture
757550,agriculture
757577,ilegal_mining
757603,ilegal_mining
757614,ilegal_mining
757622,agriculture
757646,agriculture
757687,ilegal_mining
757699,agriculture
757750,ilegal_mining
757784,agriculture
757808,ilegal_mining
757820,agriculture
757833,ilegal_mining
757853,ilegal_mining
757878,agriculture
757886,ilegal_mining
757917,ilegal_mining
758009,agriculture
758011,ilegal_mining
758026,ilegal_mining
758032,agriculture
758063,agriculture
758097,ilegal_mining
758116,agriculture
758129,ilegal_mining
758151,agriculture
758229,agriculture
758257,ilegal_mining
758266,ilegal_mining
758336,agriculture
758398,ilegal_mining
758406,agriculture
758475,agriculture
758546,ilegal_mining
758568,agriculture
758582,ilegal_mining
758643,agriculture
758660,agriculture
758667,agriculture
758675,agriculture
758692,agriculture
758736,agriculture
758742,agriculture
758744,agriculture
758796,ilegal_mining
758804,agriculture
758814,agriculture
758881,agriculture
758982,agriculture
759048,agriculture
759209,agriculture
759210,agriculture
759239,agriculture
759278,ilegal_mining
759293,agriculture
759302,agriculture
759307,ilegal_mining
759318,agriculture
759326,agriculture
759344,ilegal_mining
759352,ilegal_mining
759372,agriculture
759433,agriculture
759554,agriculture
759559,agriculture
759573,ilegal_mining
759605,agriculture
759620,agriculture
759715,ilegal_mining
759720,ilegal_mining
759740,agriculture
759762,agriculture
759782,ilegal_mining
759789,agriculture
759794,ilegal_mining
759810,ilegal_mining
759958,ilegal_mining
760100,agriculture
760213,agriculture
760238,ilegal_mining
760246,ilegal_mining
760284,agriculture
760314,agriculture
760360,agriculture
760473,agriculture
760474,ilegal_mining
760498,agriculture
760533,agriculture
760546,agriculture
760551,agriculture
760553,ilegal_mining
760665,agriculture
760672,agriculture
760717,agriculture
760740,agriculture
760750,agriculture
760790,ilegal_mining
760809,agriculture
760993,ilegal_mining
761021,ilegal_mining
761233,ilegal_mining
761234,agriculture
761249,ilegal_mining
761291,agriculture
761345,agriculture
761379,agriculture
761438,agriculture
761517,agriculture
761543,agriculture
761604,ilegal_mining
761676,ilegal_mining
761683,ilegal_mining
761692,agriculture
761744,ilegal_mining
761750,agriculture
761788,agriculture
761817,ilegal_mining
761829,agriculture
761869,ilegal_mining
761871,agriculture
761904,ilegal_mining
761924,ilegal_mining
761976,agriculture
762118,agriculture
762183,agriculture
762252,agriculture
762284,agriculture
762287,agriculture
762398,agriculture
762422,agriculture
762467,agriculture
762478,ilegal_mining
762481,ilegal_mining
762532,agriculture
762606,ilegal_mining
762624,agriculture
762647,ilegal_mining
762678,agriculture
762682,ilegal_mining
762754,ilegal_mining
762759,ilegal_mining
762784,agriculture
762791,ilegal_mining
762792,ilegal_mining
762886,agriculture
763010,ilegal_mining
763022,agriculture
763024,agriculture
763071,agriculture
763103,agriculture
763196,agriculture
763294,ilegal_mining
763339,agriculture
763349,agriculture
763359,ilegal_mining
763391,ilegal_mining
763407,ilegal_mining
763443,ilegal_mining
763480,ilegal_mining
763537,ilegal_mining
763548,agriculture
763673,agriculture
763726,agriculture
763735,agriculture
763746,agriculture
763787,agriculture
763838,agriculture
763898,ilegal_mining
763923,agriculture
763929,ilegal_mining
763948,agriculture
763966,agriculture
763998,agriculture
764016,agriculture
764073,agriculture
764110,agriculture
764122,ilegal_mining
764163,agriculture
764166,agriculture
764196,agriculture
764226,agriculture
764275,agriculture
764282,ilegal_mining
764326,agriculture
764356,ilegal_mining
764389,ilegal_mining
764396,agriculture
764412,agriculture
764481,agriculture
764589,agriculture
764633,ilegal_mining
764754,agriculture
764797,ilegal_mining
764851,agriculture
764858,agriculture
764866,ilegal_mining
764935,ilegal_mining
765014,agriculture
765100,agriculture
765102,agriculture
765148,ilegal_mining
765159,ilegal_mining
765234,agriculture
765267,agriculture
765394,ilegal_mining
765487,agriculture
765638,agriculture
765655,ilegal_mining
765700,agriculture
765735,agriculture
765768,agriculture
765784,ilegal_mining
765891,ilegal_mining
765913,agriculture
765917,agriculture
765958,agriculture
766007,agriculture
766081,ilegal_mining
766096,ilegal_mining
766143,ilegal_mining
766235,ilegal_mining
766246,agriculture
766268,ilegal_mining
766295,agriculture
766321,ilegal_mining
766505,agriculture
766557,agriculture
766581,ilegal_mining
766646,agriculture
766649,ilegal_mining
766686,ilegal_mining
766712,agriculture
766714,agriculture
766721,agriculture
766766,agriculture
766814,agriculture
766863,agriculture
766902,agriculture
766903,agriculture
766964,agriculture
767032,agriculture
767090,agriculture
767126,agriculture
767138,agriculture
767171,ilegal_mining
767234,agriculture
767240,ilegal_mining
767295,agriculture
767321,ilegal_mining
767412,ilegal_mining
767469,ilegal_mining
767484,ilegal_mining
767492,agriculture
767504,agriculture
767570,ilegal_mining
767583,agriculture
767600,agriculture
767609,agriculture
767611,agriculture
767656,agriculture
767680,ilegal_mining
767740,agriculture
767784,agriculture
767809,ilegal_mining
767907,agriculture
767913,agriculture
767923,agriculture
767963,agriculture
767965,ilegal_mining
767969,agriculture
767977,ilegal_mining
767988,ilegal_mining
767993,agriculture
767996,agriculture
768013,agriculture
768067,agriculture
768071,agriculture
768074,ilegal_mining
768075,ilegal_mining
768121,agriculture
768173,agriculture
768205,agriculture
768215,ilegal_mining
768219,agriculture
768233,agriculture
768238,agriculture
768258,agriculture
768268,ilegal_mining
768298,agriculture
768339,agriculture
768340,agriculture
768383,ilegal_mining
768510,ilegal_mining
768603,agriculture
768629,ilegal_mining
768657,ilegal_mining
768658,agriculture
768691,agriculture
768706,agriculture
768778,ilegal_mining
768822,ilegal_mining
768913,ilegal_mining
768934,ilegal_mining
768947,agriculture
769041,ilegal_mining
769070,agriculture
769124,agriculture
769143,agriculture
769171,agriculture
769228,agriculture
769372,agriculture
769383,agriculture
769409,agriculture
769433,ilegal_mining
769439,agriculture
769498,agriculture
769517,ilegal_mining
769521,agriculture
769525,agriculture
769567,agriculture
769646,ilegal_mining
769668,agriculture
769735,ilegal_mining
769750,agriculture
769764,agriculture
769774,ilegal_mining
769776,agriculture
769806,agriculture
769856,agriculture
769866,agriculture
769880,ilegal_mining
769983,agriculture
770039,agriculture
770066,agriculture
770076,agriculture
770092,agriculture
770104,agriculture
770144,agriculture
770276,agriculture
770285,agriculture
770306,agriculture
770321,agriculture
770328,ilegal_mining
770407,agriculture
770416,ilegal_mining
770424,agriculture
770473,agriculture
770474,agriculture
770494,agriculture
770549,agriculture
770576,agriculture
770635,ilegal_mining
770669,agriculture
770719,agriculture
770768,agriculture
770850,agriculture
770886,agriculture
771005,agriculture
771017,agriculture
771041,ilegal_mining
771137,agriculture
771211,agriculture
771280,agriculture
771366,agriculture
771396,agriculture
771426,agriculture
771592,ilegal_mining
771693,agriculture
771701,agriculture
771746,ilegal_mining
771750,ilegal_mining
771767,agriculture
772009,agriculture
772023,agriculture
772031,agriculture
772058,agriculture
772145,agriculture
772154,agriculture
772186,agriculture
772191,agriculture
772247,agriculture
772382,agriculture
772437,agriculture
772441,agriculture
772459,agriculture
772616,agriculture
772626,agriculture
772828,agriculture
772851,agriculture
772855,agriculture
772865,agriculture
772866,agriculture
772913,agriculture
772972,agriculture
772986,agriculture
772997,agriculture
773021,ilegal_mining
773071,agriculture
773111,agriculture
773114,agriculture
773136,agriculture
773139,ilegal_mining
773167,agriculture
773173,agriculture
773181,ilegal_mining
773182,ilegal_mining
773207,agriculture
773282,agriculture
773314,agriculture
773315,ilegal_mining
773317,ilegal_mining
773327,ilegal_mining
773351,ilegal_mining
773366,ilegal_mining
773373,ilegal_mining
773390,agriculture
773440,agriculture
773446,ilegal_mining
773463,agriculture
773469,agriculture
773477,ilegal_mining
773501,ilegal_mining
773514,agriculture
773516,agriculture
773545,ilegal_mining
773552,ilegal_mining
773560,agriculture
773571,ilegal_mining
773579,agriculture
773608,ilegal_mining
773638,ilegal_mining
773693,ilegal_mining
773720,ilegal_mining
773724,agriculture
773783,ilegal_mining
773786,ilegal_mining
773858,agriculture
773884,ilegal_mining
773891,agriculture
773901,agriculture
773976,agriculture
773999,agriculture
774035,ilegal_mining
774055,ilegal_mining
774067,agriculture
774080,ilegal_mining
774088,agriculture
774091,ilegal_mining
774111,ilegal_mining
774116,ilegal_mining
774117,agriculture
774163,agriculture
774248,ilegal_mining
774266,ilegal_mining
774294,ilegal_mining
774326,agriculture
774362,urban_expansion
774444,agriculture
774472,agriculture
774492,agriculture
774531,ilegal_mining
774589,ilegal_mining
774603,agriculture
774642,agriculture
774645,agriculture
774715,agriculture
774783,agriculture
774801,ilegal_mining
774809,agriculture
774827,agriculture
774865,agriculture
774909,agriculture
774929,agriculture
774958,agriculture
775000,agriculture
775022,ilegal_mining
775031,agriculture
775052,agriculture
775099,agriculture
775255,agriculture
775260,ilegal_mining
775273,agriculture
775287,agriculture
775356,agriculture
775378,ilegal_mining
775421,agriculture
775450,agriculture
775471,agriculture
775497,agriculture
775592,agriculture
775601,agriculture
775604,agriculture
775646,agriculture
775721,agriculture
775808,agriculture
775809,agriculture
775848,agriculture
776051,agriculture
776070,agriculture
776086,agriculture
776139,agriculture
776167,agriculture
776301,agriculture
776321,agriculture
776369,agriculture
776429,agriculture
776474,agriculture
776524,ilegal_mining
776630,agriculture
776636,agriculture
776646,agriculture
776660,agriculture
776689,agriculture
776706,ilegal_mining
776739,agriculture
776809,agriculture
776881,agriculture
776913,agriculture
776927,agriculture
777018,agriculture
777044,agriculture
777048,agriculture
777122,agriculture
777140,ilegal_mining
777146,ilegal_mining
777152,ilegal_mining
777160,ilegal_mining
777233,ilegal_mining
777237,ilegal_mining
777272,agriculture
777349,agriculture
777357,ilegal_mining
777378,ilegal_mining
777391,ilegal_mining
777395,agriculture
777409,agriculture
777452,ilegal_mining
777462,ilegal_mining
777472,ilegal_mining
777474,ilegal_mining
777488,agriculture
777509,ilegal_mining
777560,agriculture
777609,ilegal_mining
777615,agriculture
777641,agriculture
777663,ilegal_mining
777704,ilegal_mining
777713,agriculture
777715,ilegal_mining
777740,agriculture
777756,agriculture
777786,ilegal_mining
777823,ilegal_mining
777859,agriculture
777860,agriculture
777914,agriculture
777926,agriculture
777944,ilegal_mining
777968,ilegal_mining
778001,ilegal_mining
778006,agriculture
778013,agriculture
778023,ilegal_mining
778095,ilegal_mining
778107,ilegal_mining
778109,ilegal_mining
778113,agriculture
778142,ilegal_mining
778144,ilegal_mining
778146,ilegal_mining
778164,agriculture
778286,agriculture
778343,agriculture
778383,agriculture
778414,agriculture
778429,agriculture
778495,ilegal_mining
778542,agriculture
778553,agriculture
778602,agriculture
778655,agriculture
778671,agriculture
778814,ilegal_mining
778989,agriculture
778990,agriculture
779030,agriculture
779040,ilegal_mining
779083,ilegal_mining
779101,agriculture
779219,agriculture
779231,agriculture
779301,agriculture
779320,agriculture
779372,agriculture
779379,agriculture
779445,agriculture
779460,ilegal_mining
779468,agriculture
779501,ilegal_mining
779515,agriculture
779537,agriculture
779617,agriculture
779624,ilegal_mining
779696,agriculture
779736,agriculture
779773,agriculture
779813,agriculture
779827,agriculture
779833,agriculture
779859,agriculture
779897,agriculture
779926,agriculture
779977,agriculture
779985,agriculture
780064,ilegal_mining
780135,agriculture
780152,agriculture
780253,agriculture
780422,agriculture
780441,agriculture
780495,agriculture
780515,agriculture
780521,agriculture
780544,agriculture
780617,ilegal_mining
780710,agriculture
780740,agriculture
780783,agriculture
780811,agriculture
780843,agriculture
780847,agriculture
780859,ilegal_mining
780967,ilegal_mining
780973,agriculture
780993,agriculture
781000,agriculture
781006,agriculture
781031,agriculture
781199,agriculture
781215,agriculture
781249,agriculture
781250,agriculture
781253,agriculture
781281,agriculture
781287,agriculture
781361,agriculture
781379,ilegal_mining
781406,ilegal_mining
781412,ilegal_mining
781431,ilegal_mining
781462,agriculture
781466,agriculture
781510,ilegal_mining
781567,ilegal_mining
781580,agriculture
781602,ilegal_mining
781691,agriculture
781702,agriculture
781707,agriculture
781708,ilegal_mining
781709,agriculture
781726,ilegal_mining
781761,ilegal_mining
781762,ilegal_mining
781769,ilegal_mining
781772,ilegal_mining
781789,agriculture
781802,agriculture
781826,agriculture
781874,ilegal_mining
781883,agriculture
781892,ilegal_mining
781938,ilegal_mining
781962,agriculture
781992,agriculture
782054,agriculture
782074,ilegal_mining
782081,ilegal_mining
782098,ilegal_mining
782127,agriculture
782146,ilegal_mining
782147,ilegal_mining
782155,ilegal_mining
782177,ilegal_mining
782187,agriculture
782198,agriculture
782217,ilegal_mining
782230,ilegal_mining
782242,ilegal_mining
782246,ilegal_mining
782282,agriculture
782327,agriculture
782366,agriculture
782379,agriculture
782471,ilegal_mining
782490,agriculture
782544,agriculture
782570,ilegal_mining
782592,ilegal_mining
782653,agriculture
782659,agriculture
782717,agriculture
782803,agriculture
782852,agriculture
782862,agriculture
782907,agriculture
782915,agriculture
782933,agriculture
783011,agriculture
783044,agriculture
783059,agriculture
783103,agriculture
783114,agriculture
783134,agriculture
783145,agriculture
783148,ilegal_mining
783189,natural_cause
783244,agriculture
783323,ilegal_mining
783353,agriculture
783377,ilegal_mining
783404,ilegal_mining
783426,agriculture
783447,agriculture
783505,ilegal_mining
783559,ilegal_mining
783572,agriculture
783596,agriculture
783701,agriculture
783750,agriculture
783774,agriculture
783778,agriculture
783789,ilegal_mining
783831,agriculture
783865,ilegal_mining
783875,agriculture
783906,agriculture
783964,agriculture
783965,agriculture
783977,agriculture
784036,agriculture
784047,agriculture
784108,agriculture
784185,agriculture
784259,agriculture
784298,agriculture
784328,agriculture
784335,agriculture
784386,agriculture
784391,agriculture
784454,agriculture
784496,ilegal_mining
784497,agriculture
784543,agriculture
784552,agriculture
784561,agriculture
784678,agriculture
784735,agriculture
784743,agriculture
784754,agriculture
784877,agriculture
784879,agriculture
784890,agriculture
784972,agriculture
784973,ilegal_mining
784991,agriculture
785005,agriculture
785008,ilegal_mining
785029,ilegal_mining
785119,agriculture
785122,agriculture
785128,ilegal_mining
785130,agriculture
785157,agriculture
785161,agriculture
785179,agriculture
785251,agriculture
785282,agriculture
785300,ilegal_mining
785305,agriculture
785306,agriculture
785321,agriculture
785327,ilegal_mining
785356,agriculture
785366,ilegal_mining
785376,ilegal_mining
785384,agriculture
785406,agriculture
785420,agriculture
785427,agriculture
785434,agriculture
785435,agriculture
785450,ilegal_mining
785467,ilegal_mining
785478,ilegal_mining
785515,ilegal_mining
785530,ilegal_mining
785532,ilegal_mining
785538,agriculture
785581,agriculture
785591,agriculture
785622,ilegal_mining
785634,ilegal_mining
785723,ilegal_mining
785730,ilegal_mining
785731,agriculture
785738,agriculture
785741,agriculture
785772,ilegal_mining
785793,agriculture
785806,ilegal_mining
785809,ilegal_mining
785827,ilegal_mining
785830,agriculture
785873,agriculture
785885,agriculture
785899,agriculture
785911,ilegal_mining
785986,ilegal_mining
785987,ilegal_mining
786047,ilegal_mining
786052,agriculture
786134,agriculture
786257,agriculture
786273,agriculture
786318,agriculture
786334,agriculture
786355,agriculture
786385,agriculture
786466,ilegal_mining
786542,ilegal_mining
786632,agriculture
786701,ilegal_mining
786746,agriculture
786758,agriculture
786847,agriculture
786940,urban_expansion
786991,agriculture
787041,agriculture
787044,agriculture
787055,ilegal_mining
787089,agriculture
787091,agriculture
787123,ilegal_mining
787161,agriculture
787231,agriculture
787262,ilegal_mining
787275,agriculture
787288,agriculture
787301,agriculture
787321,agriculture
787380,agriculture
787407,agriculture
787418,agriculture
787443,ilegal_mining
787533,ilegal_mining
787628,agriculture
787658,agriculture
787669,agriculture
787703,agriculture
787708,ilegal_mining
787712,agriculture
787728,ilegal_mining
787743,ilegal_mining
787753,agriculture
787754,agriculture
787785,agriculture
787833,agriculture
787838,agriculture
787839,agriculture
787877,agriculture
787884,agriculture
787891,agriculture
787961,agriculture
788017,agriculture
788115,agriculture
788138,agriculture
788224,agriculture
788431,agriculture
788473,agriculture
788521,agriculture
788541,agriculture
788612,agriculture
788624,agriculture
788742,agriculture
788770,agriculture
788788,agriculture
788811,agriculture
788873,agriculture
788880,agriculture
788892,agriculture
788943,agriculture
788967,ilegal_mining
789046,agriculture
789182,ilegal_mining
789227,agriculture
789249,agriculture
789268,agriculture
789293,agriculture
789352,agriculture
789367,agriculture
789417,agriculture
789451,agriculture
789465,agriculture
789480,agriculture
789496,agriculture
789499,agriculture
789521,agriculture
789534,agriculture
789553,agriculture
789562,agriculture
789572,agriculture
789588,agriculture
789609,agriculture
789618,agriculture
789634,agriculture
789657,agriculture
789665,agriculture
789674,agriculture
789718,agriculture
789734,agriculture
789748,agriculture
789751,agriculture
789752,agriculture
789755,agriculture
789764,agriculture
789843,agriculture
789846,agriculture
789851,agriculture
789852,agriculture
789854,agriculture
789894,agriculture
789979,agriculture
789994,agriculture
790025,agriculture
790073,natural_cause
790074,agriculture
790077,agriculture
790101,agriculture
790104,agriculture
790175,agriculture
790211,agriculture
790219,agriculture
790259,agriculture
790286,agriculture
790287,agriculture
790301,agriculture
790304,agriculture
790386,agriculture
790403,agriculture
790419,agriculture
796656,agriculture
796674,agriculture
796755,agriculture
796760,agriculture
796801,agriculture
796830,agriculture
796846,ilegal_mining
796867,agriculture
796894,agriculture
796908,agriculture
796916,agriculture
796954,agriculture
796997,agriculture
797112,agriculture
797131,agriculture
797139,ilegal_mining
797175,agriculture
797215,agriculture
797226,agriculture
797251,agriculture
797267,agriculture
797274,agriculture
797280,agriculture
797288,agriculture
797293,agriculture
797295,agriculture
797299,agriculture
797345,agriculture
797354,agriculture
797376,agriculture
797383,agriculture
797410,agriculture
797419,agriculture
797427,agriculture
797429,agriculture
797632,agriculture
797650,agriculture
797660,agriculture
797668,agriculture
797687,agriculture
797701,agriculture
797709,agriculture
797748,agriculture
797753,agriculture
797762,agriculture
797798,agriculture
797811,agriculture
797815,agriculture
797816,agriculture
797823,agriculture
797849,agriculture
797855,agriculture
797865,agriculture
797894,agriculture
797896,agriculture
797944,agriculture
797977,ilegal_mining
797979,agriculture
797986,ilegal_mining
798020,agriculture
798033,agriculture
798043,agriculture
798052,agriculture
798058,agriculture
798090,agriculture
798106,agriculture
798152,agriculture
798196,agriculture
798201,agriculture
798226,agriculture
798227,agriculture
798237,agriculture
798238,agriculture
798264,agriculture
798313,agriculture
798333,agriculture
798334,agriculture
798353,agriculture
798364,agriculture
798387,agriculture
798402,agriculture
798411,agriculture
798427,agriculture
798428,agriculture
798487,urban_expansion
798561,agriculture
798565,agriculture
798569,agriculture
798579,agriculture
798621,agriculture
798637,agriculture
798662,agriculture
798669,agriculture
798674,agriculture
798697,agriculture
798782,agriculture
798816,agriculture
798817,agriculture
798838,agriculture
798840,agriculture
798846,agriculture
798869,agriculture
798896,agriculture
798898,agriculture
798907,agriculture
798945,agriculture
798952,agriculture
798957,ilegal_mining
798990,agriculture
799030,agriculture
799064,agriculture
799072,agriculture
799134,agriculture
799139,agriculture
799141,agriculture
799142,agriculture
799147,agriculture
799194,agriculture
799226,agriculture
799251,agriculture
799273,agriculture
799280,agriculture
799325,agriculture
799336,agriculture
799347,agriculture
799351,agriculture
799382,agriculture
799420,agriculture
799428,agriculture
799482,agriculture
799495,agriculture
799511,agriculture
799584,agriculture
799594,agriculture
799596,agriculture
799926,agriculture
799933,ilegal_mining
799943,ilegal_mining
799957,agriculture
799985,ilegal_mining
800010,ilegal_mining
800016,agriculture
800020,agriculture
800028,ilegal_mining
800043,agriculture
800052,ilegal_mining
800061,ilegal_mining
800066,ilegal_mining
800082,ilegal_mining
800091,ilegal_mining
800096,ilegal_mining
800098,agriculture
800106,agriculture
800107,ilegal_mining
800117,ilegal_mining
800139,agriculture
800144,ilegal_mining
800147,ilegal_mining
800154,agriculture
800159,agriculture
800161,ilegal_mining
800179,ilegal_mining
800181,ilegal_mining
800201,ilegal_mining
800203,ilegal_mining
800216,ilegal_mining
800224,agriculture
800234,agriculture
800273,ilegal_mining
800284,agriculture
800303,ilegal_mining
800307,ilegal_mining
800314,ilegal_mining
800336,agriculture
800342,agriculture
800345,ilegal_mining
800350,ilegal_mining
800365,ilegal_mining
800372,agriculture
800373,ilegal_mining
800382,agriculture
800387,ilegal_mining
800395,ilegal_mining
800399,ilegal_mining
800408,ilegal_mining
800427,agriculture
800438,ilegal_mining
800442,ilegal_mining
800457,agriculture
800464,agriculture
800466,ilegal_mining
800473,ilegal_mining
800477,ilegal_mining
800483,ilegal_mining
800492,ilegal_mining
800506,ilegal_mining
800517,ilegal_mining
800518,ilegal_mining
800522,ilegal_mining
800527,ilegal_mining
800528,ilegal_mining
800533,ilegal_mining
800545,ilegal_mining
800563,agriculture
800575,agriculture
800584,agriculture
800593,ilegal_mining
800598,agriculture
800601,ilegal_mining
800621,ilegal_mining
800631,ilegal_mining
800679,agriculture
800680,agriculture
800690,ilegal_mining
800715,agriculture
800738,ilegal_mining
800747,ilegal_mining
800782,ilegal_mining
800789,ilegal_mining
800792,ilegal_mining
800807,ilegal_mining
873093,ilegal_mining
873102,agriculture
873106,agriculture
873113,ilegal_mining
873121,agriculture
873143,ilegal_mining
873145,ilegal_mining
873146,agriculture
873148,agriculture
873153,ilegal_mining
873183,agriculture
873184,agriculture
873199,agriculture
873200,ilegal_mining
873206,ilegal_mining
873216,ilegal_mining
873221,ilegal_mining
873222,ilegal_mining
873223,ilegal_mining
873225,ilegal_mining
873226,ilegal_mining
873229,ilegal_mining
873236,ilegal_mining
873301,ilegal_mining
873312,ilegal_mining
873316,ilegal_mining
873323,ilegal_mining
873331,ilegal_mining
873338,agriculture
873339,ilegal_mining
873358,ilegal_mining
873362,ilegal_mining
873368,ilegal_mining
873376,agriculture
873382,ilegal_mining
873386,ilegal_mining
873395,agriculture
873396,agriculture
873397,ilegal_mining
873406,agriculture
873407,ilegal_mining
873410,ilegal_mining
873444,agriculture
873453,agriculture
873457,ilegal_mining
873458,ilegal_mining
873459,agriculture
873461,agriculture
873465,agriculture
873469,ilegal_mining
873476,ilegal_mining
873478,ilegal_mining
873479,agriculture
873486,ilegal_mining
873505,ilegal_mining
873513,ilegal_mining
873514,ilegal_mining
873526,ilegal_mining
873530,ilegal_mining
873532,ilegal_mining
873559,ilegal_mining
873561,ilegal_mining
873568,ilegal_mining
873582,ilegal_mining
873585,ilegal_mining
873596,ilegal_mining
873597,agriculture
873612,agriculture
873613,ilegal_mining
873616,ilegal_mining
873651,ilegal_mining
873663,ilegal_mining
873665,ilegal_mining
873669,ilegal_mining
873671,agriculture
873678,ilegal_mining
873695,ilegal_mining
873706,agriculture
873708,ilegal_mining
873713,agriculture
873716,ilegal_mining
873725,ilegal_mining
873730,ilegal_mining
873747,agriculture
873763,agriculture
873771,agriculture
873790,ilegal_mining
873795,ilegal_mining
873799,ilegal_mining
873801,ilegal_mining
873806,ilegal_mining
873832,ilegal_mining
873850,ilegal_mining
873852,agriculture
873853,agriculture
873858,ilegal_mining
873862,agriculture
873865,ilegal_mining
873868,ilegal_mining
873877,ilegal_mining
873882,agriculture
873895,agriculture
873904,ilegal_mining
873909,ilegal_mining
873910,agriculture
873911,ilegal_mining
873932,agriculture
873934,ilegal_mining
873937,agriculture
873942,ilegal_mining
873962,ilegal_mining
873972,ilegal_mining
873976,ilegal_mining
873984,ilegal_mining
874002,agriculture
874006,ilegal_mining
874024,ilegal_mining
874090,agriculture
874112,agriculture
874119,ilegal_mining
874132,agriculture
874147,agriculture
874154,agriculture
874182,agriculture
874214,ilegal_mining
874222,ilegal_mining
874226,ilegal_mining
874240,ilegal_mining
874246,agriculture
874247,ilegal_mining
874255,agriculture
874265,agriculture
874269,agriculture
874280,agriculture
874300,agriculture
874312,ilegal_mining
874315,ilegal_mining
874316,ilegal_mining
874317,ilegal_mining
874321,ilegal_mining
874331,agriculture
874333,ilegal_mining
874336,ilegal_mining
874337,ilegal_mining
874341,ilegal_mining
874342,ilegal_mining
874346,ilegal_mining
874350,ilegal_mining
874353,ilegal_mining
874354,ilegal_mining
874360,agriculture
874361,ilegal_mining
874366,ilegal_mining
874368,agriculture
874369,agriculture
874373,ilegal_mining
874379,ilegal_mining
874383,ilegal_mining
874392,ilegal_mining
874409,ilegal_mining
874422,ilegal_mining
874432,ilegal_mining
874436,ilegal_mining
874439,ilegal_mining
874444,ilegal_mining
874450,ilegal_mining
874452,ilegal_mining
874455,ilegal_mining
874456,ilegal_mining
874459,ilegal_mining
875518,agriculture
875525,agriculture
875542,agriculture
875552,agriculture
875565,agriculture
875578,agriculture
875580,agriculture
875618,agriculture
875623,agriculture
875639,agriculture
875642,agriculture
875646,agriculture
875661,agriculture
875667,agriculture
875687,agriculture
875716,agriculture
875732,agriculture
875737,agriculture
875757,agriculture
875762,agriculture
875775,agriculture
875782,agriculture
875814,agriculture
875833,agriculture
875881,agriculture
875885,agriculture
875890,agriculture
875894,agriculture
875937,agriculture
875942,agriculture
875955,agriculture
875961,agriculture
875970,agriculture
875988,agriculture
875991,agriculture
876026,agriculture
876045,agriculture
876056,agriculture
876060,agriculture
876085,agriculture
876091,agriculture
876098,agriculture
876103,agriculture
876105,agriculture
876149,ilegal_mining
876160,agriculture
876163,agriculture
876185,agriculture
876191,agriculture
876195,agriculture
876205,agriculture
876210,agriculture
876211,agriculture
876239,agriculture
876241,agriculture
876251,agriculture
876264,agriculture
876265,agriculture
876277,agriculture
876280,agriculture
876288,agriculture
876289,agriculture
876290,agriculture
876303,agriculture
876323,agriculture
876328,agriculture
876373,agriculture
876389,agriculture
876392,agriculture
876396,agriculture
876403,ilegal_mining
876406,agriculture
876410,agriculture
876459,ilegal_mining
876464,agriculture
876468,agriculture
876469,agriculture
876470,agriculture
876473,agriculture
876493,agriculture
876502,ilegal_mining
876507,agriculture
876514,agriculture
876523,agriculture
876537,agriculture
876547,agriculture
876551,agriculture
876556,agriculture
876559,agriculture
876582,agriculture
876588,ilegal_mining
876589,agriculture
876646,agriculture
876647,agriculture
876649,agriculture
876661,agriculture
876675,agriculture
876678,agriculture
876690,agriculture
876696,agriculture
876715,agriculture
876728,agriculture
876732,agriculture
876743,agriculture
876752,agriculture
876767,ilegal_mining
876771,agriculture
876782,agriculture
876792,agriculture
876797,agriculture
876812,agriculture
876825,agriculture
876827,agriculture
876851,ilegal_mining
876854,agriculture
876861,agriculture
876865,agriculture
876881,agriculture
876882,agriculture
876901,agriculture
876934,agriculture
876940,agriculture
876967,ilegal_mining
876993,agriculture
877002,agriculture
877027,agriculture
877036,agriculture
877039,agriculture
877040,agriculture
877042,agriculture
877051,agriculture
877071,ilegal_mining
877079,agriculture
877095,agriculture
877127,ilegal_mining
877137,agriculture
877138,agriculture
877153,agriculture
877154,agriculture
877167,agriculture
877190,agriculture
877249,agriculture
877264,agriculture
877288,agriculture
877300,agriculture
877302,agriculture
877304,agriculture
877319,agriculture
877336,ilegal_mining
877353,agriculture
877395,ilegal_mining
877402,agriculture
877433,agriculture
877452,agriculture
877463,agriculture
877514,ilegal_mining
877520,ilegal_mining
877528,agriculture
877542,agriculture
877548,agriculture
877550,agriculture
877570,agriculture
877575,ilegal_mining
877577,ilegal_mining
877584,agriculture
877617,agriculture
877621,agriculture
877635,agriculture
877646,agriculture
877668,agriculture
877669,agriculture
877673,agriculture
877681,agriculture
877701,ilegal_mining
877717,agriculture
877728,ilegal_mining
877739,agriculture
877747,agriculture
877757,agriculture
877760,agriculture
877762,agriculture
877765,agriculture
877770,agriculture
877792,agriculture
877797,agriculture
877837,agriculture
877859,agriculture
877894,ilegal_mining
877950,agriculture
877960,ilegal_mining
877975,agriculture
877977,agriculture
877985,agriculture
877987,ilegal_mining
877995,ilegal_mining
877999,agriculture
878016,agriculture
878026,agriculture
878033,agriculture
878034,ilegal_mining
878051,agriculture
878056,agriculture
878062,agriculture
878068,ilegal_mining
878078,agriculture
878089,ilegal_mining
878097,agriculture
878099,agriculture
878100,ilegal_mining
878104,agriculture
878105,ilegal_mining
878117,ilegal_mining
878129,agriculture
878142,agriculture
878149,ilegal_mining
878161,agriculture
878163,agriculture
878167,agriculture
878170,ilegal_mining
878171,agriculture
878174,ilegal_mining
878188,agriculture
878196,agriculture
878202,ilegal_mining
878205,agriculture
878206,agriculture
878210,agriculture
878212,agriculture
878226,agriculture
878235,agriculture
878243,agriculture
878252,agriculture
878260,agriculture
878262,agriculture
878267,agriculture
878269,agriculture
878287,agriculture
878290,agriculture
878305,agriculture
878313,ilegal_mining
878317,agriculture
878330,agriculture
878335,agriculture
878360,ilegal_mining
878374,agriculture
878387,agriculture
878397,ilegal_mining
878399,agriculture
878417,agriculture
878423,agriculture
878425,agriculture
878437,agriculture
878443,agriculture
878448,agriculture
878476,agriculture
881340,agriculture
881343,ilegal_mining
881352,ilegal_mining
881363,ilegal_mining
881368,ilegal_mining
881372,ilegal_mining
881376,ilegal_mining
881380,ilegal_mining
881385,ilegal_mining
881392,ilegal_mining
881397,ilegal_mining
881400,ilegal_mining
881401,ilegal_mining
881404,ilegal_mining
881408,ilegal_mining
881409,ilegal_mining
881411,ilegal_mining
881428,ilegal_mining
881429,ilegal_mining
881435,ilegal_mining
881440,agriculture
881442,ilegal_mining
881443,ilegal_mining
881453,ilegal_mining
881454,ilegal_mining
881463,ilegal_mining
881469,agriculture
881482,ilegal_mining
881487,ilegal_mining
881497,ilegal_mining
881500,ilegal_mining
881504,ilegal_mining
881511,ilegal_mining
881514,ilegal_mining
881515,ilegal_mining
881516,ilegal_mining
881517,ilegal_mining
881518,ilegal_mining
881522,ilegal_mining
881532,ilegal_mining
881544,agriculture
881545,ilegal_mining
881548,ilegal_mining
881551,ilegal_mining
881552,ilegal_mining
881553,ilegal_mining
881560,ilegal_mining
881564,ilegal_mining
881566,ilegal_mining
881580,ilegal_mining
881586,ilegal_mining
881589,ilegal_mining
881590,ilegal_mining
881598,agriculture
881604,ilegal_mining
881613,ilegal_mining
881616,ilegal_mining
881620,ilegal_mining
881621,ilegal_mining
881624,ilegal_mining
881631,agriculture
881636,ilegal_mining
881646,ilegal_mining
881665,ilegal_mining
881666,ilegal_mining
881669,agriculture
881671,ilegal_mining
881673,agriculture
881694,ilegal_mining
881704,ilegal_mining
881706,agriculture
881712,ilegal_mining
881722,ilegal_mining
881729,ilegal_mining
881751,ilegal_mining
883649,ilegal_mining
883665,ilegal_mining
883671,ilegal_mining
883673,agriculture
883679,ilegal_mining
883685,agriculture
883694,ilegal_mining
883695,agriculture
883697,agriculture
883721,ilegal_mining
883728,agriculture
883747,agriculture
883753,agriculture
883755,agriculture
883756,agriculture
883778,ilegal_mining
883797,agriculture
883830,ilegal_mining
883833,agriculture
883838,ilegal_mining
883844,ilegal_mining
883845,ilegal_mining
883857,ilegal_mining
883863,agriculture
883873,ilegal_mining
883877,ilegal_mining
883880,agriculture
883888,agriculture
883897,agriculture
883901,ilegal_mining
883902,agriculture
883910,agriculture
883918,ilegal_mining
883919,agriculture
883920,agriculture
883921,agriculture
883925,ilegal_mining
883935,ilegal_mining
883940,ilegal_mining
883947,agriculture
883951,agriculture
883955,ilegal_mining
883960,ilegal_mining
883961,agriculture
883972,agriculture
883977,agriculture
883978,ilegal_mining
883989,ilegal_mining
883992,agriculture
883994,agriculture
884012,ilegal_mining
884016,ilegal_mining
884026,agriculture
884029,ilegal_mining
884039,ilegal_mining
884043,agriculture
884058,agriculture
884082,agriculture
884104,ilegal_mining
884105,ilegal_mining
884107,agriculture
884111,agriculture
884122,ilegal_mining
884146,ilegal_mining
884150,agriculture
884158,ilegal_mining
884159,agriculture
884168,agriculture
884189,agriculture
884191,ilegal_mining
884194,agriculture
884195,ilegal_mining
884233,ilegal_mining
884263,agriculture
884290,ilegal_mining
884303,agriculture
884313,agriculture
884346,ilegal_mining
884359,agriculture
884374,agriculture
884380,agriculture
884385,agriculture
884397,ilegal_mining
884410,agriculture
884411,agriculture
884416,agriculture
884423,agriculture
884424,agriculture
884427,ilegal_mining
884434,ilegal_mining
884436,agriculture
884438,agriculture
884439,agriculture
884440,ilegal_mining
884444,agriculture
884463,agriculture
884483,ilegal_mining
884493,agriculture
884494,agriculture
884504,ilegal_mining
884521,agriculture
884522,agriculture
884540,ilegal_mining
884549,ilegal_mining
884573,agriculture
884577,ilegal_mining
884582,agriculture
884587,ilegal_mining
884588,agriculture
884608,ilegal_mining
884609,agriculture
884614,agriculture
884626,ilegal_mining
884657,agriculture
884658,ilegal_mining
884666,agriculture
884671,ilegal_mining
884676,agriculture
884681,agriculture
884685,agriculture
884690,ilegal_mining
884728,agriculture
884749,ilegal_mining
884755,agriculture
884756,ilegal_mining
884765,ilegal_mining
884775,agriculture
884790,ilegal_mining
884815,ilegal_mining
884822,agriculture
884826,ilegal_mining
884832,ilegal_mining
884852,agriculture
884853,agriculture
884866,agriculture
884874,agriculture
884877,ilegal_mining
884878,agriculture
884879,ilegal_mining
884882,agriculture
884889,agriculture
884900,agriculture
884928,ilegal_mining
884932,ilegal_mining
884933,agriculture
884935,agriculture
884943,agriculture
884960,agriculture
884961,agriculture
884996,ilegal_mining
885011,ilegal_mining
885014,agriculture
885021,ilegal_mining
885023,ilegal_mining
885026,agriculture
885064,agriculture
885091,ilegal_mining
885097,agriculture
885109,agriculture
885120,ilegal_mining
885133,ilegal_mining
885137,agriculture
885139,agriculture
885157,ilegal_mining
885178,agriculture
885213,ilegal_mining
885219,ilegal_mining
885226,agriculture
885235,ilegal_mining
885251,ilegal_mining
885254,agriculture
885256,agriculture
885259,ilegal_mining
885269,agriculture
885274,ilegal_mining
885294,ilegal_mining
885296,ilegal_mining
885298,ilegal_mining
885305,ilegal_mining
885316,agriculture
885318,agriculture
885323,agriculture
885336,agriculture
885360,ilegal_mining
885361,ilegal_mining
885385,ilegal_mining
885392,agriculture
885404,agriculture
885412,ilegal_mining
885414,agriculture
885420,ilegal_mining
885442,ilegal_mining
885447,ilegal_mining
885456,agriculture
885457,agriculture
885464,ilegal_mining
885476,ilegal_mining
885481,agriculture
885483,ilegal_mining
885494,ilegal_mining
885501,agriculture
885511,ilegal_mining
885530,agriculture
885535,ilegal_mining
885541,agriculture
885546,ilegal_mining
885557,agriculture
885575,agriculture
885590,agriculture
885608,agriculture
885612,agriculture
885615,agriculture
885643,agriculture
885645,agriculture
885653,agriculture
885655,agriculture
885669,agriculture
885679,agriculture
885693,agriculture
885695,agriculture
885703,agriculture
885709,agriculture
885778,agriculture
885801,agriculture
885820,agriculture
885825,agriculture
885843,agriculture
885873,agriculture
885897,agriculture
885908,agriculture
885909,agriculture
885918,agriculture
885924,agriculture
885938,agriculture
885942,agriculture
885986,agriculture
885988,agriculture
885989,agriculture
886003,agriculture
886013,agriculture
886016,agriculture
886041,agriculture
886046,agriculture
886089,agriculture
886112,agriculture
886114,agriculture
886118,agriculture
886120,agriculture
886125,agriculture
886126,agriculture
886156,ilegal_mining
886190,agriculture
886192,agriculture
886206,agriculture
886210,agriculture
886218,agriculture
886276,agriculture
886282,agriculture
886300,agriculture
886302,agriculture
886310,agriculture
886318,ilegal_mining
886354,agriculture
886401,agriculture
886405,agriculture
886431,agriculture
886436,ilegal_mining
886444,agriculture
886461,agriculture
886471,agriculture
886478,agriculture
886481,agriculture
886491,ilegal_mining
886495,ilegal_mining
886523,ilegal_mining
886527,agriculture
886558,ilegal_mining
886564,agriculture
886593,ilegal_mining
886594,agriculture
886596,agriculture
886601,ilegal_mining
886607,agriculture
886611,ilegal_mining
886623,agriculture
886626,ilegal_mining
886644,agriculture
886661,agriculture
886676,agriculture
886681,agriculture
886686,ilegal_mining
886689,ilegal_mining
886732,ilegal_mining
886746,ilegal_mining
886769,ilegal_mining
886791,ilegal_mining
886807,agriculture
886811,agriculture
886833,ilegal_mining
886843,ilegal_mining
886853,ilegal_mining
886880,agriculture
886919,agriculture
886940,agriculture
886942,agriculture
886972,ilegal_mining
886975,agriculture
887002,ilegal_mining
887014,agriculture
887029,agriculture
887031,agriculture
887036,agriculture
887051,ilegal_mining
887053,agriculture
887066,ilegal_mining
887093,agriculture
887108,agriculture
887129,ilegal_mining
887132,ilegal_mining
887153,agriculture
887159,ilegal_mining
887162,agriculture
887173,agriculture
887196,agriculture
887204,ilegal_mining
887222,ilegal_mining
887235,agriculture
887238,ilegal_mining
887244,ilegal_mining
887250,ilegal_mining
887266,ilegal_mining
887267,agriculture
887270,agriculture
887275,agriculture
887287,ilegal_mining
887289,ilegal_mining
887300,ilegal_mining
887324,ilegal_mining
887333,agriculture
887370,ilegal_mining
887373,agriculture
887379,ilegal_mining
887390,agriculture
887393,ilegal_mining
887415,agriculture
887439,agriculture
887452,ilegal_mining
887467,ilegal_mining
926804,agriculture
927201,agriculture
927207,agriculture
927218,ilegal_mining
927235,agriculture
927271,agriculture
927285,agriculture
927332,ilegal_mining
927340,agriculture
927389,agriculture
927398,agriculture
927400,ilegal_mining
927402,agriculture
927403,agriculture
927413,agriculture
927441,ilegal_mining
927476,agriculture
927484,agriculture
927507,ilegal_mining
927517,agriculture
927537,agriculture
927540,ilegal_mining
927550,ilegal_mining
927571,agriculture
927577,ilegal_mining
927601,agriculture
927628,ilegal_mining
927629,agriculture
927649,agriculture
927724,agriculture
927741,agriculture
927752,ilegal_mining
927766,agriculture
927777,ilegal_mining
927798,agriculture
927803,agriculture
927857,ilegal_mining
927910,agriculture
927911,agriculture
927951,agriculture
927959,agriculture
928007,ilegal_mining
928018,agriculture
928027,agriculture
928035,agriculture
928074,ilegal_mining
928076,agriculture
928093,agriculture
928098,agriculture
928116,ilegal_mining
928155,ilegal_mining
928156,agriculture
928174,ilegal_mining
928192,ilegal_mining
928233,ilegal_mining
928244,agriculture
928248,ilegal_mining
928251,agriculture
928257,agriculture
928277,ilegal_mining
928283,agriculture
928289,agriculture
928319,agriculture
928321,agriculture
928323,ilegal_mining
928339,ilegal_mining
928382,ilegal_mining
928406,agriculture
928442,agriculture
928448,ilegal_mining
928473,ilegal_mining
928474,ilegal_mining
928514,agriculture
928541,ilegal_mining
928563,agriculture
928582,agriculture
928614,ilegal_mining
928648,agriculture
928715,agriculture
928794,ilegal_mining
928817,agriculture
928851,ilegal_mining
928873,ilegal_mining
928896,agriculture
928913,agriculture
928936,ilegal_mining
928939,agriculture
928961,agriculture
928962,ilegal_mining
928993,ilegal_mining
929020,ilegal_mining
929029,agriculture
929033,ilegal_mining
929040,agriculture
929045,ilegal_mining
929048,ilegal_mining
929061,agriculture
929075,agriculture
929082,agriculture
929085,ilegal_mining
929125,ilegal_mining
929184,agriculture
929190,ilegal_mining
929231,agriculture
929234,agriculture
929253,ilegal_mining
929264,agriculture
929271,ilegal_mining
929275,agriculture
929278,agriculture
929286,ilegal_mining
929341,ilegal_mining
929361,ilegal_mining
929381,ilegal_mining
929389,agriculture
929401,agriculture
929415,agriculture
929424,agriculture
929442,ilegal_mining
929471,ilegal_mining
929476,agriculture
929495,ilegal_mining
929500,agriculture
929508,ilegal_mining
929559,ilegal_mining
929560,agriculture
929563,agriculture
929586,agriculture
929592,ilegal_mining
929601,agriculture
929626,agriculture
929634,agriculture
929642,ilegal_mining
939042,agriculture
939045,ilegal_mining
939057,agriculture
939124,agriculture
939187,agriculture
939236,agriculture
939285,agriculture
939317,agriculture
939344,agriculture
939354,agriculture
939383,agriculture
939389,agriculture
939408,agriculture
939420,agriculture
939427,agriculture
939439,agriculture
939442,agriculture
939446,agriculture
939513,agriculture
939529,agriculture
939536,agriculture
939547,agriculture
939616,agriculture
939632,agriculture
939637,agriculture
939658,agriculture
939667,agriculture
939674,agriculture
939679,agriculture
939737,agriculture
939751,agriculture
939768,agriculture
939813,agriculture
939831,agriculture
939834,ilegal_mining
939843,agriculture
939898,agriculture
939905,agriculture
939942,ilegal_mining
939943,ilegal_mining
939944,ilegal_mining
939946,ilegal_mining
939985,agriculture
940005,ilegal_mining
940024,agriculture
940025,agriculture
940072,agriculture
940075,ilegal_mining
940082,agriculture
940099,ilegal_mining
940102,ilegal_mining
940114,agriculture
940124,ilegal_mining
940178,agriculture
940179,agriculture
940225,agriculture
940226,agriculture
940234,agriculture
940238,agriculture
940241,agriculture
940287,agriculture
940301,agriculture
940342,ilegal_mining
940376,ilegal_mining
940407,ilegal_mining
940422,agriculture
940445,agriculture
940485,ilegal_mining
940489,agriculture
940494,agriculture
940544,agriculture
940569,agriculture
940656,agriculture
940678,agriculture
940749,agriculture
940750,agriculture
940800,agriculture
940803,agriculture
940809,agriculture
940811,agriculture
940812,ilegal_mining
940834,ilegal_mining
940844,ilegal_mining
940866,agriculture
940907,agriculture
940957,agriculture
940979,agriculture
941062,agriculture
941101,agriculture
941155,agriculture
941222,agriculture
941356,agriculture
941407,agriculture
941418,agriculture
941459,agriculture
941467,agriculture
941533,agriculture
941576,agriculture
941590,agriculture
941600,agriculture
941637,agriculture
941676,agriculture
941705,agriculture
941728,agriculture
941747,agriculture
941815,agriculture
941834,agriculture
941843,agriculture
941949,agriculture
941963,agriculture
941977,agriculture
941984,agriculture
942015,agriculture
942026,agriculture
942047,agriculture
942101,ilegal_mining
942151,agriculture
942158,agriculture
942183,agriculture
942199,agriculture
942224,agriculture
942233,agriculture
942386,agriculture
942398,agriculture
942405,ilegal_mining
942424,ilegal_mining
942471,agriculture
942530,agriculture
942541,ilegal_mining
942606,agriculture
942625,agriculture
942634,agriculture
942712,agriculture
942745,agriculture
942765,agriculture
942780,agriculture
942785,agriculture
942813,agriculture
942831,agriculture
942883,agriculture
942901,agriculture
942911,agriculture
942926,agriculture
942932,agriculture
942941,agriculture
942958,ilegal_mining
942960,agriculture
942982,agriculture
942998,agriculture
943012,ilegal_mining
943019,agriculture
943078,agriculture
943085,agriculture
943089,ilegal_mining
943140,agriculture
943149,agriculture
943199,agriculture
943243,agriculture
943276,ilegal_mining
943328,agriculture
943370,agriculture
943389,agriculture
943500,agriculture
943521,agriculture
943525,agriculture
943548,agriculture
943573,agriculture
943631,agriculture
943737,agriculture
943769,agriculture
943784,agriculture
943785,agriculture
943855,agriculture
943878,agriculture
943952,agriculture
943988,agriculture
944034,agriculture
944040,agriculture
944085,agriculture
944144,agriculture
944153,agriculture
944170,agriculture
944207,agriculture
944234,agriculture
944238,agriculture
944267,agriculture
944272,agriculture
944282,agriculture
944288,agriculture
944340,agriculture
944390,agriculture
944462,agriculture
944473,agriculture
944477,agriculture
944544,agriculture
944572,agriculture
944620,agriculture
944777,agriculture
944817,agriculture
944844,agriculture
944846,agriculture
944929,agriculture
944972,ilegal_mining
944999,agriculture
945047,agriculture
945051,agriculture
945089,agriculture
945102,ilegal_mining
945120,agriculture
945128,ilegal_mining
945131,agriculture
945140,agriculture
945142,ilegal_mining
945190,ilegal_mining
945209,agriculture
945230,agriculture
945244,agriculture
945270,ilegal_mining
945277,agriculture
945340,ilegal_mining
945391,agriculture
945392,agriculture
945413,agriculture
945424,ilegal_mining
945445,agriculture
945461,agriculture
945470,agriculture
945492,agriculture
945503,ilegal_mining
945536,agriculture
945539,ilegal_mining
945553,ilegal_mining
945566,roads
945573,agriculture
945578,agriculture
945580,agriculture
945592,agriculture
945597,agriculture
945608,agriculture
945614,agriculture
945640,agriculture
945641,agriculture
945659,agriculture
945664,ilegal_mining
945668,ilegal_mining
945692,agriculture
945727,ilegal_mining
945728,ilegal_mining
945729,ilegal_mining
945787,agriculture
945794,agriculture
945799,agriculture
945800,agriculture
945827,agriculture
945839,agriculture
945848,agriculture
945851,ilegal_mining
945856,ilegal_mining
945890,agriculture
945929,agriculture
945938,agriculture
945950,agriculture
946021,agriculture
946044,agriculture
946113,agriculture
946137,agriculture
946160,agriculture
946204,agriculture
946209,agriculture
946234,agriculture
946251,ilegal_mining
946262,agriculture
946289,agriculture
946323,agriculture
946335,agriculture
946374,agriculture
946383,agriculture
946417,ilegal_mining
946438,agriculture
946443,agriculture
946444,agriculture
946511,agriculture
946515,agriculture
946537,agriculture
946577,agriculture
946581,agriculture
946626,agriculture
946693,agriculture
946699,agriculture
946772,agriculture
946779,agriculture
946782,agriculture
946783,ilegal_mining
946821,agriculture
946839,agriculture
946870,agriculture
946875,agriculture
946944,ilegal_mining
946971,agriculture
947106,agriculture
947123,agriculture
947155,agriculture
947229,agriculture
947279,agriculture
947316,agriculture
947332,agriculture
947335,agriculture
947341,agriculture
947396,agriculture
947428,agriculture
947437,agriculture
947451,ilegal_mining
947461,agriculture
947486,ilegal_mining
947495,agriculture
947506,agriculture
947513,agriculture
947539,agriculture
947577,agriculture
947581,agriculture
947590,agriculture
947632,agriculture
947646,ilegal_mining
947648,agriculture
947651,agriculture
947674,agriculture
947738,ilegal_mining
947756,agriculture
947796,agriculture
947815,agriculture
947828,agriculture
947856,agriculture
947866,agriculture
947871,ilegal_mining
947893,ilegal_mining
947901,agriculture
947926,agriculture
947948,agriculture
947956,ilegal_mining
947979,ilegal_mining
947993,agriculture
948015,agriculture
948041,agriculture
948046,agriculture
948048,agriculture
948068,agriculture
948123,agriculture
948144,ilegal_mining
948149,ilegal_mining
948220,agriculture
948240,agriculture
948245,agriculture
948248,agriculture
948260,agriculture
948309,agriculture
948322,ilegal_mining
948347,agriculture
948349,ilegal_mining
948370,agriculture
948383,agriculture
948387,agriculture
948393,agriculture
948416,ilegal_mining
948427,agriculture
948467,ilegal_mining
948494,agriculture
948499,agriculture
948512,agriculture
948537,ilegal_mining
948550,agriculture
948552,agriculture
948557,agriculture
948564,ilegal_mining
948571,agriculture
948580,agriculture
948593,agriculture
948650,agriculture
948686,agriculture
948690,agriculture
948693,ilegal_mining
948694,agriculture
948711,agriculture
948712,agriculture
948782,agriculture
948801,agriculture
948844,agriculture
948846,agriculture
948849,agriculture
948858,agriculture
948894,agriculture
948897,agriculture
948910,agriculture
948913,agriculture
949031,agriculture
949060,agriculture
949151,agriculture
949168,agriculture
949174,agriculture
949183,ilegal_mining
949188,agriculture
949221,agriculture
949256,agriculture
949265,agriculture
949275,agriculture
949294,agriculture
949299,agriculture
949304,agriculture
949312,agriculture
949348,agriculture
949354,agriculture
949360,agriculture
949436,agriculture
949446,agriculture
949479,agriculture
949520,agriculture
949532,agriculture
949595,agriculture
949619,agriculture
949645,agriculture
949702,ilegal_mining
949706,agriculture
949753,agriculture
949853,ilegal_mining
949922,agriculture
949978,agriculture
949998,agriculture
950019,agriculture
950042,ilegal_mining
950057,agriculture
950066,agriculture
950096,agriculture
950112,agriculture
950138,ilegal_mining
950199,agriculture
950247,ilegal_mining
950304,agriculture
950323,agriculture
950396,agriculture
950409,agriculture
950422,ilegal_mining
950426,ilegal_mining
950433,ilegal_mining
950442,ilegal_mining
950444,agriculture
950451,agriculture
950466,ilegal_mining
950468,ilegal_mining
950488,ilegal_mining
950489,ilegal_mining
950490,ilegal_mining
950491,agriculture
950504,ilegal_mining
950507,ilegal_mining
950514,ilegal_mining
950527,ilegal_mining
950530,agriculture
950551,ilegal_mining
950553,ilegal_mining
950560,ilegal_mining
950578,ilegal_mining
950579,agriculture
950586,agriculture
950590,ilegal_mining
950594,ilegal_mining
950600,ilegal_mining
950610,ilegal_mining
950612,ilegal_mining
950631,ilegal_mining
950632,ilegal_mining
950634,ilegal_mining
950642,ilegal_mining
950652,ilegal_mining
950668,ilegal_mining
950671,ilegal_mining
950673,ilegal_mining
950674,ilegal_mining
950675,ilegal_mining
950690,ilegal_mining
950698,ilegal_mining
950709,ilegal_mining
950721,agriculture
950725,ilegal_mining
950727,ilegal_mining
950732,ilegal_mining
950742,ilegal_mining
950744,ilegal_mining
950752,ilegal_mining
950759,ilegal_mining
950761,ilegal_mining
950763,ilegal_mining
950775,ilegal_mining
950808,ilegal_mining
950809,agriculture
950818,agriculture
950823,ilegal_mining
950834,ilegal_mining
950838,ilegal_mining
950846,ilegal_mining
950847,ilegal_mining
950854,ilegal_mining
950864,agriculture
950866,ilegal_mining
950872,ilegal_mining
950903,ilegal_mining
950906,agriculture
950907,ilegal_mining
950923,ilegal_mining
950924,ilegal_mining
950938,ilegal_mining
950939,ilegal_mining
950945,ilegal_mining
950950,ilegal_mining
950955,ilegal_mining
950963,ilegal_mining
950971,ilegal_mining
950972,ilegal_mining
950978,ilegal_mining
950985,ilegal_mining
950988,ilegal_mining
950991,ilegal_mining
950993,ilegal_mining
951001,ilegal_mining
951015,agriculture
951020,ilegal_mining
951036,agriculture
951054,ilegal_mining
951057,agriculture
951085,ilegal_mining
951089,ilegal_mining
951104,agriculture
951114,ilegal_mining
951116,agriculture
951121,ilegal_mining
951138,ilegal_mining
951141,ilegal_mining
951149,ilegal_mining
951151,ilegal_mining
951160,ilegal_mining
951172,ilegal_mining
951175,ilegal_mining
951184,agriculture
951187,ilegal_mining
951188,ilegal_mining
951190,ilegal_mining
951199,ilegal_mining
951206,ilegal_mining
951211,ilegal_mining
951216,ilegal_mining
951217,ilegal_mining
951218,ilegal_mining
951221,ilegal_mining
951223,ilegal_mining
951225,ilegal_mining
951232,ilegal_mining
951234,agriculture
951235,ilegal_mining
951240,ilegal_mining
951242,ilegal_mining
951248,ilegal_mining
951249,ilegal_mining
951252,ilegal_mining
951255,agriculture
951259,ilegal_mining
951262,ilegal_mining
951274,ilegal_mining
951290,ilegal_mining
951293,agriculture
951312,agriculture
951315,ilegal_mining
951318,ilegal_mining
951320,ilegal_mining
951322,ilegal_mining
951328,ilegal_mining
951346,ilegal_mining
951347,ilegal_mining
951354,ilegal_mining
951355,agriculture
951357,ilegal_mining
1036367,agriculture
1036373,ilegal_mining
1036416,agriculture
1036417,ilegal_mining
1036502,agriculture
1036579,ilegal_mining
1036594,agriculture
1036695,agriculture
1036792,agriculture
1036794,agriculture
1036804,agriculture
1036862,agriculture
1036947,agriculture
1036985,ilegal_mining
1036995,agriculture
1037042,agriculture
1037044,agriculture
1037098,agriculture
1037126,agriculture
1037174,agriculture
1037248,agriculture
1037283,agriculture
1037379,agriculture
1037393,ilegal_mining
1037421,agriculture
1037439,agriculture
1037502,agriculture
1037527,agriculture
1037563,agriculture
1037617,ilegal_mining
1037642,ilegal_mining
1037666,agriculture
1037714,agriculture
1037716,ilegal_mining
1037717,ilegal_mining
1037752,agriculture
1037769,agriculture
1037784,ilegal_mining
1037804,agriculture
1037837,ilegal_mining
1037853,ilegal_mining
1037882,ilegal_mining
1037890,agriculture
1037912,agriculture
1037916,ilegal_mining
1037919,agriculture
1037983,agriculture
1037989,agriculture
1037990,agriculture
1037993,agriculture
1037999,agriculture
1038007,agriculture
1038024,agriculture
1038042,agriculture
1038048,ilegal_mining
1038073,agriculture
1038109,ilegal_mining
1038132,ilegal_mining
1038164,ilegal_mining
1038170,ilegal_mining
1038208,ilegal_mining
1038222,agriculture
1038236,agriculture
1038264,ilegal_mining
1038298,agriculture
1038350,agriculture
1038389,ilegal_mining
1038392,agriculture
1038399,ilegal_mining
1038412,agriculture
1038415,agriculture
1038426,agriculture
1038430,agriculture
1038431,agriculture
1038434,agriculture
1038445,agriculture
1038454,ilegal_mining
1038460,agriculture
1038538,ilegal_mining
1038543,ilegal_mining
1038549,agriculture
1038587,ilegal_mining
1038589,ilegal_mining
1038621,ilegal_mining
1038635,agriculture
1038648,agriculture
1038654,agriculture
1038655,ilegal_mining
1038657,ilegal_mining
1038684,agriculture
1038690,ilegal_mining
1038698,agriculture
1038729,ilegal_mining
1038730,ilegal_mining
1038741,ilegal_mining
1038752,agriculture
1038782,ilegal_mining
1038788,agriculture
1038832,ilegal_mining
1038854,agriculture
1038877,agriculture
1038895,ilegal_mining
1038896,agriculture
1038906,agriculture
1038924,agriculture
1038934,ilegal_mining
1038944,agriculture
1038945,ilegal_mining
1038946,agriculture
1038952,ilegal_mining
1038964,agriculture
1038982,ilegal_mining
1038988,agriculture
1038992,ilegal_mining
1039001,agriculture
1039007,ilegal_mining
1039009,ilegal_mining
1039023,ilegal_mining
1039024,agriculture
1039036,ilegal_mining
1039070,ilegal_mining
1039077,agriculture
1039102,ilegal_mining
1039109,agriculture
1039111,agriculture
1039132,ilegal_mining
1039145,agriculture
1039155,roads
1039161,ilegal_mining
1039163,agriculture
1039169,agriculture
1039176,ilegal_mining
1039199,ilegal_mining
1039200,ilegal_mining
1039206,ilegal_mining
1039208,ilegal_mining
1039225,ilegal_mining
1039234,ilegal_mining
1039235,agriculture
1039237,agriculture
1039255,ilegal_mining
1039267,agriculture
1039281,ilegal_mining
1039293,agriculture
1039298,agriculture
1039323,ilegal_mining
1039356,agriculture
1039376,ilegal_mining
1039406,ilegal_mining
1039424,agriculture
1039431,ilegal_mining
1039434,ilegal_mining
1039437,agriculture
1039445,ilegal_mining
1039457,agriculture
1039481,agriculture
1039506,ilegal_mining
1039512,agriculture
1039516,agriculture
1039526,ilegal_mining
1039539,ilegal_mining
1039541,ilegal_mining
1039557,ilegal_mining
1039563,ilegal_mining
1039574,agriculture
1039598,agriculture
1039600,agriculture
1039688,agriculture
1039691,agriculture
1039714,agriculture
1039751,agriculture
1039779,agriculture
1039781,agriculture
1039799,agriculture
1039817,ilegal_mining
1039832,agriculture
1039833,ilegal_mining
1039884,ilegal_mining
1039885,agriculture
1039896,agriculture
1039907,agriculture
1039908,ilegal_mining
1039917,ilegal_mining
1039918,ilegal_mining
1039928,ilegal_mining
1039929,agriculture
1039931,agriculture
1039938,agriculture
1039949,ilegal_mining
1039983,ilegal_mining
1039991,ilegal_mining
1040002,ilegal_mining
1040018,ilegal_mining
1040019,agriculture
1040029,ilegal_mining
1040033,ilegal_mining
1040036,ilegal_mining
1040075,ilegal_mining
1040092,agriculture
1040093,ilegal_mining
1040100,ilegal_mining
1040145,agriculture
1040146,agriculture
1040167,agriculture
1040206,ilegal_mining
1040207,agriculture
1040215,agriculture
1040231,ilegal_mining
1040238,agriculture
1040255,ilegal_mining
1040261,agriculture
1040276,agriculture
1040281,ilegal_mining
1040334,agriculture
1040358,ilegal_mining
1040369,ilegal_mining
1040373,ilegal_mining
1040385,ilegal_mining
1040401,agriculture
1040406,ilegal_mining
1040420,agriculture
1040451,agriculture
1040459,agriculture
1040463,agriculture
1040486,ilegal_mining
1040515,ilegal_mining
1040552,agriculture
1040555,ilegal_mining
1040559,ilegal_mining
1040571,ilegal_mining
1040572,agriculture
1040579,agriculture
1040583,ilegal_mining
1040594,agriculture
1040611,ilegal_mining
1040618,agriculture
1040624,agriculture
1040643,ilegal_mining
1040648,agriculture
1040658,agriculture
1040662,ilegal_mining
1040675,ilegal_mining
1040678,ilegal_mining
1040687,ilegal_mining
1040713,ilegal_mining
1040737,ilegal_mining
1040743,agriculture
1040765,ilegal_mining
1040788,agriculture
1040790,ilegal_mining
1040802,ilegal_mining
1040804,ilegal_mining
1040807,ilegal_mining
1040818,ilegal_mining
1040833,agriculture
1040837,ilegal_mining
1040854,agriculture
1040935,ilegal_mining
1040938,ilegal_mining
1040940,ilegal_mining
1040972,ilegal_mining
1040977,ilegal_mining
1041025,ilegal_mining
1041049,agriculture
1041122,agriculture
1041129,agriculture
1041131,agriculture
1041160,agriculture
1041199,agriculture
1041206,ilegal_mining
1041219,agriculture
1041221,agriculture
1041228,agriculture
1041257,ilegal_mining
1041319,agriculture
1041327,ilegal_mining
1041335,agriculture
1041342,agriculture
1041346,ilegal_mining
1041358,agriculture
1041364,ilegal_mining
1041370,agriculture
1041378,agriculture
1041387,agriculture
1041402,agriculture
1041407,agriculture
1041423,agriculture
1041448,agriculture
1041455,agriculture
1041481,ilegal_mining
1041485,agriculture
1041495,agriculture
1041523,ilegal_mining
1041545,ilegal_mining
1041551,agriculture
1041565,ilegal_mining
1041611,agriculture
1041613,ilegal_mining
1041627,ilegal_mining
1041633,ilegal_mining
1041638,ilegal_mining
1041670,agriculture
1041682,agriculture
1041695,ilegal_mining
1041724,ilegal_mining
1041735,agriculture
1041738,agriculture
1041755,ilegal_mining
1041761,ilegal_mining
1041791,agriculture
1041802,agriculture
1041808,agriculture
1041811,ilegal_mining
1041850,ilegal_mining
1041871,agriculture
1041950,agriculture
1041951,agriculture
1041981,ilegal_mining
1041994,agriculture
1042061,ilegal_mining
1042063,agriculture
1042069,agriculture
1042078,agriculture
1042100,ilegal_mining
1042104,agriculture
1042110,agriculture
1042112,agriculture
1042120,agriculture
1042142,ilegal_mining
1042143,agriculture
1042212,ilegal_mining
1042255,ilegal_mining
1042266,agriculture
1042267,ilegal_mining
1042284,ilegal_mining
1042287,agriculture
1042306,agriculture
1042312,ilegal_mining
1042327,agriculture
1042329,ilegal_mining
1042371,agriculture
1042387,ilegal_mining
1042423,agriculture
1042457,agriculture
1042459,agriculture
1042469,ilegal_mining
1042498,ilegal_mining
1042499,agriculture
1042504,agriculture
1042508,agriculture
1042514,agriculture
1042520,agriculture
1042537,agriculture
1042549,agriculture
1042561,ilegal_mining
1042565,agriculture
1042581,ilegal_mining
1042589,agriculture
1042622,ilegal_mining
1042630,agriculture
1042647,agriculture
1042650,ilegal_mining
1042667,agriculture
1042710,ilegal_mining
1042711,agriculture
1042720,ilegal_mining
1042730,ilegal_mining
1042766,agriculture
1042777,ilegal_mining
1042785,ilegal_mining
1042825,ilegal_mining
1042834,agriculture
1042846,ilegal_mining
1042879,agriculture
1042888,agriculture
1042939,ilegal_mining
1042948,agriculture
1042951,agriculture
1042961,agriculture
1043012,agriculture
1043103,agriculture
1043114,agriculture
1043141,ilegal_mining
1043143,ilegal_mining
1043199,agriculture
1043203,ilegal_mining
1043233,agriculture
1043239,agriculture
1043262,agriculture
1043263,agriculture
1043271,ilegal_mining
1043297,agriculture
1043311,agriculture
1043408,agriculture
1043508,agriculture
1043527,agriculture
1043541,agriculture
1043550,agriculture
1043551,agriculture
1043579,ilegal_mining
1043605,agriculture
1043633,agriculture
1043646,ilegal_mining
1043647,ilegal_mining
1043652,ilegal_mining
1043658,agriculture
1043679,agriculture
1043687,ilegal_mining
1043702,ilegal_mining
1043743,agriculture
1043744,agriculture
1043760,ilegal_mining
1043771,ilegal_mining
1043775,ilegal_mining
1043786,ilegal_mining
1043798,roads
1043828,agriculture
1043832,ilegal_mining
1043842,agriculture
1043857,agriculture
1043890,ilegal_mining
1043904,agriculture
1043925,ilegal_mining
1043947,ilegal_mining
1043970,agriculture
1043992,agriculture
1044002,agriculture
1044023,ilegal_mining
1044029,agriculture
1044045,agriculture
1044056,agriculture
1044060,agriculture
1044083,agriculture
1044096,agriculture
1044099,ilegal_mining
1044105,agriculture
1044111,agriculture
1044125,ilegal_mining
1044155,agriculture
1044157,ilegal_mining
1044159,agriculture
1044199,ilegal_mining
1044205,agriculture
1044227,ilegal_mining
1044232,ilegal_mining
1044236,ilegal_mining
1044238,ilegal_mining
1044242,ilegal_mining
1044271,agriculture
1044279,ilegal_mining
1044282,agriculture
1044300,agriculture
1044302,ilegal_mining
1044304,agriculture
1044308,agriculture
1044310,agriculture
1044326,ilegal_mining
1044345,agriculture
1044348,ilegal_mining
1044349,agriculture
1044351,agriculture
1044388,ilegal_mining
1044420,agriculture
1044421,ilegal_mining
1044423,agriculture
1044424,agriculture
1044433,ilegal_mining
1044439,ilegal_mining
1044440,agriculture
1044453,ilegal_mining
1044466,ilegal_mining
1044490,ilegal_mining
1044524,ilegal_mining
1044548,ilegal_mining
1044564,ilegal_mining
1044575,agriculture
1044578,agriculture
1044581,agriculture
1044595,agriculture
1044607,agriculture
1044680,agriculture
1044708,agriculture
1044738,agriculture
1044826,agriculture
1044834,agriculture
1044869,agriculture
1044884,agriculture
1044914,agriculture
1044924,agriculture
1044931,agriculture
1044942,agriculture
1044948,agriculture
1044962,agriculture
1044972,agriculture
1044976,agriculture
1045014,agriculture
1045078,ilegal_mining
1045088,agriculture
1045107,agriculture
1045158,agriculture
1045159,agriculture
1045214,agriculture
1045222,agriculture
1045227,agriculture
1045294,agriculture
1045332,agriculture
1045354,agriculture
1045358,agriculture
1045367,agriculture
1045412,agriculture
1045445,agriculture
1045453,agriculture
1045486,agriculture
1045489,agriculture
1045490,agriculture
1045496,agriculture
1045513,agriculture
1045588,agriculture
1045589,agriculture
1045590,agriculture
1045672,agriculture
1045675,agriculture
1045700,agriculture
1045721,agriculture
1045749,agriculture
1045762,agriculture
1045767,agriculture
1045774,agriculture
1045807,agriculture
1045924,agriculture
1045925,agriculture
1045951,agriculture
1045979,agriculture
1045998,agriculture
1046005,agriculture
1046006,agriculture
1046028,ilegal_mining
1046088,agriculture
1046122,agriculture
1046134,agriculture
1046136,agriculture
1046181,agriculture
1046191,agriculture
1046218,agriculture
1046280,agriculture
1046303,agriculture
1046370,agriculture
1046445,agriculture
1046447,agriculture
1046456,agriculture
1046457,ilegal_mining
1046512,agriculture
1046513,agriculture
1046520,agriculture
1046531,agriculture
1046597,agriculture
1046619,ilegal_mining
1046621,agriculture
1046630,agriculture
1046679,agriculture
1046680,agriculture
1046689,agriculture
1046854,agriculture
1046857,agriculture
1046858,roads
1046879,agriculture
1046932,agriculture
1046947,agriculture
1046962,agriculture
1046966,ilegal_mining
1046975,agriculture
1046997,ilegal_mining
1047042,ilegal_mining
1047143,ilegal_mining
1047184,agriculture
1047205,ilegal_mining
1047209,ilegal_mining
1047228,agriculture
1047266,ilegal_mining
1047301,agriculture
1047306,agriculture
1047323,ilegal_mining
1047341,agriculture
1047349,agriculture
1047351,ilegal_mining
1047382,agriculture
1047426,agriculture
1047439,agriculture
1047464,agriculture
1047481,ilegal_mining
1047552,agriculture
1047571,agriculture
1047631,agriculture
1047667,agriculture
1047679,agriculture
1047684,agriculture
1047694,agriculture
1047731,agriculture
1047736,agriculture
1047746,agriculture
1047794,ilegal_mining
1047801,ilegal_mining
1047825,agriculture
1047837,agriculture
1047853,agriculture
1047863,agriculture
1047870,agriculture
1047880,agriculture
1047882,agriculture
1047893,agriculture
1047900,agriculture
1047906,agriculture
1047907,agriculture
1047908,ilegal_mining
1047919,agriculture
1047922,agriculture
1047974,ilegal_mining
1047998,agriculture
1048048,agriculture
1048075,agriculture
1048079,agriculture
1048096,agriculture
1048104,agriculture
1048110,agriculture
1048119,agriculture
1048159,agriculture
1048197,agriculture
1048236,agriculture
1048251,agriculture
1048267,agriculture
1048307,agriculture
1048313,agriculture
1048316,agriculture
1048387,agriculture
1048396,agriculture
1048398,agriculture
1048412,agriculture
1048458,agriculture
1048468,agriculture
1048471,ilegal_mining
1048473,ilegal_mining
1048484,agriculture
1048496,agriculture
1048528,agriculture
1048645,agriculture
1048654,ilegal_mining
1048710,ilegal_mining
1048718,ilegal_mining
1048774,agriculture
1048818,agriculture
1048819,agriculture
1048830,agriculture
1048863,agriculture
1048913,agriculture
1048928,agriculture
1048982,agriculture
1048984,agriculture
1049017,agriculture
1049136,agriculture
1049157,agriculture
1049170,agriculture
1049200,ilegal_mining
1049202,agriculture
1049218,agriculture
1049244,agriculture
1049255,agriculture
1049263,agriculture
1049265,agriculture
1049322,agriculture
1049345,aquaculture
1049380,agriculture
1049404,agriculture
1049408,agriculture
1049416,agriculture
1049429,agriculture
1049431,agriculture
1049435,agriculture
1049459,ilegal_mining
1049504,agriculture
1049573,agriculture
1049600,ilegal_mining
1049601,agriculture
1049610,agriculture
1049616,agriculture
1049642,agriculture
1049676,ilegal_mining
1049693,agriculture
1049697,agriculture
1049716,agriculture
1049809,agriculture
1049850,agriculture
1049866,agriculture
1049879,ilegal_mining
1049881,ilegal_mining
1049940,ilegal_mining
1049954,agriculture
1049979,agriculture
1050052,agriculture
1050068,agriculture
1050082,agriculture
1050088,agriculture
1050131,agriculture
1050140,agriculture
1050165,agriculture
1050182,agriculture
1050202,ilegal_mining
1050219,agriculture
1050246,agriculture
1050263,agriculture
1050265,agriculture
1050278,agriculture
1050284,agriculture
1050285,agriculture
1050290,agriculture
1050294,agriculture
1050306,agriculture
1050309,agriculture
1050369,agriculture
1050378,agriculture
1050384,agriculture
1050424,ilegal_mining
1050456,agriculture
1050458,ilegal_mining
1050466,agriculture
1050500,agriculture
1050555,agriculture
1050568,agriculture
1050617,agriculture
1050679,agriculture
1050695,agriculture
1050717,agriculture
1050721,agriculture
1050754,agriculture
1050829,ilegal_mining
1050895,agriculture
1050901,agriculture
1050929,agriculture
1050932,agriculture
1051049,agriculture
1051142,agriculture
1051195,ilegal_mining
1051214,agriculture
1051220,agriculture
1051241,agriculture
1051259,agriculture
1051270,agriculture
1051280,agriculture
1051291,agriculture
1051297,agriculture
1051326,agriculture
1051336,ilegal_mining
1051341,agriculture
1051379,agriculture
1051382,agriculture
1051423,agriculture
1051437,agriculture
1051472,agriculture
1051494,agriculture
1051561,agriculture
1051576,agriculture
1051590,agriculture
1051610,agriculture
1051623,ilegal_mining
1051628,agriculture
1051635,agriculture
1051639,agriculture
1051665,agriculture
1051707,agriculture
1051743,agriculture
1051772,ilegal_mining
1051783,agriculture
1051788,agriculture
1051789,agriculture
1051851,agriculture
1051864,agriculture
1051872,agriculture
1051886,agriculture
1051909,agriculture
1051941,agriculture
1051943,agriculture
1051951,agriculture
1051959,agriculture
1052033,ilegal_mining
1052045,agriculture
1052054,agriculture
1052076,agriculture
1052078,agriculture
1052122,agriculture
1052142,agriculture
1052145,agriculture
1052195,agriculture
1052211,ilegal_mining
1052230,agriculture
1052267,agriculture
1052336,agriculture
1052410,agriculture
1052471,agriculture
1052497,ilegal_mining
1052500,agriculture
1052542,agriculture
1052544,agriculture
1052568,agriculture
1052638,agriculture
1052651,agriculture
1052662,agriculture
1052672,agriculture
1052711,agriculture
1052736,agriculture
1052740,agriculture
1052749,agriculture
1052774,agriculture
1052784,agriculture
1052787,agriculture
1052808,ilegal_mining
1052868,agriculture
1052869,agriculture
1052875,agriculture
1052897,agriculture
1052968,agriculture
1052977,agriculture
1053014,agriculture
1053023,agriculture
1053063,agriculture
1053078,agriculture
1053102,agriculture
1053131,agriculture
1053138,agriculture
1053139,agriculture
1053163,agriculture
1053164,agriculture
1053174,agriculture
1053175,agriculture
1053192,agriculture
1053205,agriculture
1053238,agriculture
1053241,agriculture
1053300,ilegal_mining
1053305,agriculture
1053327,agriculture
1053359,ilegal_mining
1053389,agriculture
1053450,agriculture
1053472,agriculture
1053474,agriculture
1053511,agriculture
1053528,agriculture
1053595,agriculture
1053623,agriculture
1053630,agriculture
1053660,agriculture
1053810,agriculture
1053818,agriculture
1053892,agriculture
1053964,agriculture
1053987,agriculture
1054019,agriculture
1054036,agriculture
1054077,agriculture
1054116,agriculture
1054214,agriculture
1054222,ilegal_mining
1054351,agriculture
1054421,agriculture
1054425,agriculture
1054460,agriculture
1054582,ilegal_mining
1054652,agriculture
1054677,agriculture
1054691,agriculture
1054726,agriculture
1054827,agriculture
1054839,agriculture
1054840,agriculture
1054874,agriculture
1054895,agriculture
1054909,agriculture
1054911,agriculture
1054926,ilegal_mining
1054939,agriculture
1054971,ilegal_mining
1054990,agriculture
1055011,agriculture
1055061,agriculture
1062256,agriculture
1062264,agriculture
1062359,agriculture
1062407,agriculture
1062426,agriculture
1062454,agriculture
1062461,agriculture
1062469,agriculture
1062511,agriculture
1062520,agriculture
1062540,agriculture
1062555,agriculture
1062560,agriculture
1062601,agriculture
1062614,agriculture
1062624,agriculture
1062651,agriculture
1062659,agriculture
1062671,agriculture
1062681,agriculture
1062752,ilegal_mining
1062775,agriculture
1062812,agriculture
1062814,agriculture
1062821,agriculture
1062842,agriculture
1062851,agriculture
1062856,agriculture
1062857,agriculture
1062872,agriculture
1062887,agriculture
1062917,agriculture
1062973,agriculture
1062991,agriculture
1063041,ilegal_mining
1063054,agriculture
1063084,agriculture
1063148,agriculture
1063152,agriculture
1063171,agriculture
1063191,ilegal_mining
1063232,agriculture
1063254,agriculture
1063287,agriculture
1063297,ilegal_mining
1063305,agriculture
1063354,agriculture
1063360,agriculture
1063368,agriculture
1063372,agriculture
1063374,agriculture
1063384,agriculture
1063399,agriculture
1063414,ilegal_mining
1063418,agriculture
1063430,agriculture
1063433,agriculture
1063437,agriculture
1063439,agriculture
1063441,ilegal_mining
1063460,agriculture
1063496,agriculture
1063544,agriculture
1063547,agriculture
1063557,ilegal_mining
1063588,agriculture
1063613,agriculture
1063638,agriculture
1063667,agriculture
1063701,agriculture
1063708,agriculture
1063716,ilegal_mining
1063724,agriculture
1063731,agriculture
1063774,agriculture
1063803,agriculture
1063821,agriculture
1063837,agriculture
1063844,agriculture
1063857,agriculture
1063901,agriculture
1063945,agriculture
1063955,agriculture
1063966,agriculture
1063990,agriculture
1063991,agriculture
1064110,agriculture
1064138,agriculture
1064150,agriculture
1064170,ilegal_mining
1064179,agriculture
1064247,agriculture
1064273,ilegal_mining
1064280,ilegal_mining
1064285,agriculture
1064287,agriculture
1064299,agriculture
1064300,agriculture
1064303,agriculture
1064327,agriculture
1064371,agriculture
1064380,agriculture
1064416,ilegal_mining
1064480,agriculture
1064484,agriculture
1064547,ilegal_mining
1064548,agriculture
1064572,ilegal_mining
1064623,agriculture
1064628,agriculture
1064673,agriculture
1064704,ilegal_mining
1064708,agriculture
1064745,agriculture
1064748,agriculture
1064767,agriculture
1064768,agriculture
1064806,agriculture
1064827,agriculture
1064839,agriculture
1064850,agriculture
1064868,agriculture
1064880,agriculture
1064894,agriculture
1064907,agriculture
1064909,agriculture
1064914,agriculture
1064920,ilegal_mining
1064977,agriculture
1065033,agriculture
1065062,agriculture
1065095,agriculture
1065106,ilegal_mining
1065111,agriculture
1065116,agriculture
1065147,agriculture
1065155,agriculture
1065168,agriculture
1065177,agriculture
1065190,agriculture
1065221,agriculture
1065259,ilegal_mining
1065273,agriculture
1065303,agriculture
1065306,agriculture
1065326,agriculture
1065403,agriculture
1065444,agriculture
1065540,agriculture
1065613,agriculture
1065619,agriculture
1065649,ilegal_mining
1065655,agriculture
1065681,agriculture
1065685,ilegal_mining
1065689,agriculture
1065699,agriculture
1065712,agriculture
1065723,agriculture
1065739,agriculture
1065763,agriculture
1065768,agriculture
1065812,agriculture
1065833,agriculture
1065839,agriculture
1065840,agriculture
1065850,agriculture
1065873,agriculture
1065893,agriculture
1065905,agriculture
1065933,agriculture
1065954,ilegal_mining
1065976,agriculture
1065984,agriculture
1066016,agriculture
1066041,agriculture
1066083,agriculture
1066089,agriculture
1066130,agriculture
1066141,agriculture
1066146,agriculture
1066147,agriculture
1066245,agriculture
1066285,agriculture
1066292,agriculture
1066304,agriculture
1066337,agriculture
1066355,agriculture
1066371,agriculture
1066376,agriculture
1066411,urban_expansion
1066415,agriculture
1066456,agriculture
1066495,agriculture
1066536,agriculture
1066545,agriculture
1066627,agriculture
1066634,agriculture
1066660,agriculture
1066707,agriculture
1066761,agriculture
1066813,agriculture
1066855,agriculture
1066880,agriculture
1066892,agriculture
1066897,agriculture
1066953,agriculture
1067005,agriculture
1067039,agriculture
1067050,agriculture
1067052,agriculture
1067053,agriculture
1067070,agriculture
1067108,agriculture
1067137,agriculture
1067173,agriculture
1067179,agriculture
1067188,agriculture
1067207,agriculture
1067211,agriculture
1067219,agriculture
1067230,agriculture
1067238,agriculture
1067290,agriculture
1067371,ilegal_mining
1067376,ilegal_mining
1067389,agriculture
1067390,agriculture
1067414,agriculture
1067452,agriculture
1067453,agriculture
1067459,agriculture
1067482,agriculture
1067514,agriculture
1067537,agriculture
1067538,agriculture
1067573,agriculture
1067576,agriculture
1067586,agriculture
1067649,agriculture
1067698,agriculture
1067703,agriculture
1067716,agriculture
1067774,agriculture
1067778,agriculture
1067813,agriculture
1067888,agriculture
1067896,agriculture
1067921,agriculture
1067928,ilegal_mining
1067941,agriculture
1067950,agriculture
1067997,agriculture
1068008,ilegal_mining
1068018,agriculture
1068035,agriculture
1068066,agriculture
1068068,agriculture
1068109,agriculture
1068150,agriculture
1068174,ilegal_mining
1068178,agriculture
1068184,agriculture
1068190,agriculture
1068224,agriculture
1068225,agriculture
1068229,agriculture
1068234,agriculture
1068238,agriculture
1068244,agriculture
1068331,agriculture
1068339,agriculture
1068373,agriculture
1068410,agriculture
1068435,agriculture
1068526,agriculture
1068560,agriculture
1068564,agriculture
1068602,agriculture
1068611,agriculture
1068692,agriculture
1068725,agriculture
1068735,agriculture
1068837,agriculture
1068849,agriculture
1068872,agriculture
1068879,agriculture
1068893,agriculture
1068923,agriculture
1068941,agriculture
1068967,agriculture
1068984,agriculture
1068985,agriculture
1068986,agriculture
1068988,agriculture
1069001,agriculture
1069002,agriculture
1069006,agriculture
1069008,agriculture
1069052,agriculture
1069120,agriculture
1069123,agriculture
1069137,agriculture
1069175,agriculture
1069205,agriculture
1069251,agriculture
1069262,agriculture
1069312,agriculture
1069323,agriculture
1069330,ilegal_mining
1069363,agriculture
1069375,agriculture
1069388,agriculture
1069394,agriculture
1069410,agriculture
1069428,agriculture
1069462,agriculture
1069513,agriculture
1069515,agriculture
1069522,agriculture
1069545,agriculture
1069547,agriculture
1069556,ilegal_mining
1069558,agriculture
1069570,ilegal_mining
1069590,agriculture
1069621,agriculture
1069622,agriculture
1069671,agriculture
1069718,agriculture
1069735,agriculture
1069740,agriculture
1069745,ilegal_mining
1069920,agriculture
1069958,agriculture
1070009,agriculture
1070018,agriculture
1070045,agriculture
1070046,agriculture
1070055,agriculture
1070058,agriculture
1070119,agriculture
1070133,agriculture
1070234,agriculture
1070298,agriculture
1070308,agriculture
1070358,agriculture
1070369,agriculture
1070372,agriculture
1070378,agriculture
1070475,agriculture
1070492,agriculture
1070565,agriculture
1070567,agriculture
1070573,agriculture
1070574,agriculture
1070577,agriculture
1070589,agriculture
1070593,agriculture
1070616,agriculture
1070640,agriculture
1070700,agriculture
1070729,agriculture
1070757,agriculture
1070759,agriculture
1070775,agriculture
1070801,agriculture
1070844,agriculture
1070896,agriculture
1070903,agriculture
1070906,agriculture
1070918,agriculture
1070932,agriculture
1070951,agriculture
1070956,agriculture
1070984,agriculture
1071003,agriculture
1071055,agriculture
1071067,agriculture
1071110,agriculture
1071130,agriculture
1071148,agriculture
1071154,agriculture
1071192,agriculture
1071199,agriculture
1071242,agriculture
1071244,ilegal_mining
1071258,agriculture
1071293,agriculture
1071302,agriculture
1071448,agriculture
1071462,agriculture
1071464,agriculture
1071496,agriculture
1071514,agriculture
1071522,agriculture
1071528,agriculture
1071545,agriculture
1071599,agriculture
1071603,agriculture
1071636,agriculture
1071665,agriculture
1071682,agriculture
1071703,agriculture
1071723,agriculture
1071748,agriculture
1071812,agriculture
1071842,ilegal_mining
1071849,agriculture
1071851,agriculture
1071886,agriculture
1071900,agriculture
1071956,agriculture
1071998,agriculture
1072009,agriculture
1072010,agriculture
1072014,ilegal_mining
1072027,agriculture
1072057,agriculture
1072058,agriculture
1072063,agriculture
1072064,agriculture
1072073,agriculture
1072079,agriculture
1072089,agriculture
1072121,ilegal_mining
1072169,ilegal_mining
1072185,agriculture
1072204,agriculture
1072227,agriculture
1072265,agriculture
1072294,agriculture
1072311,agriculture
1072317,agriculture
1072343,agriculture
1072360,agriculture
1072364,agriculture
1072392,agriculture
1072522,agriculture
1072529,agriculture
1072563,agriculture
1072569,agriculture
1072590,agriculture
1072693,agriculture
1072745,ilegal_mining
1072749,ilegal_mining
1072769,agriculture
1072812,agriculture
1072833,agriculture
1072837,agriculture
1072862,agriculture
1072883,agriculture
1072912,agriculture
1072921,agriculture
1072929,ilegal_mining
1072958,ilegal_mining
1072966,agriculture
1072969,ilegal_mining
1072998,agriculture
1073004,agriculture
1073013,agriculture
1073021,agriculture
1073030,agriculture
1073042,agriculture
1073087,agriculture
1073109,agriculture
1073135,agriculture
1073138,ilegal_mining
1073143,agriculture
1073154,agriculture
1073162,agriculture
1081802,agriculture
1081803,agriculture
1081898,agriculture
1081901,agriculture
1081919,ilegal_mining
1081923,ilegal_mining
1081939,agriculture
1081975,agriculture
1081984,ilegal_mining
1081999,agriculture
1082000,agriculture
1082010,ilegal_mining
1082046,ilegal_mining
1082058,ilegal_mining
1082095,agriculture
1082098,agriculture
1082102,ilegal_mining
1082107,agriculture
1082109,ilegal_mining
1082110,agriculture
1082121,ilegal_mining
1082129,agriculture
1082154,agriculture
1082168,ilegal_mining
1082170,ilegal_mining
1082220,ilegal_mining
1082249,ilegal_mining
1082251,ilegal_mining
1082257,ilegal_mining
1082273,ilegal_mining
1082280,agriculture
1082286,ilegal_mining
1082316,agriculture
1082327,agriculture
1082328,ilegal_mining
1082332,ilegal_mining
1082344,ilegal_mining
1082359,ilegal_mining
1082378,agriculture
1082380,agriculture
1082401,ilegal_mining
1082435,agriculture
1082450,agriculture
1082455,agriculture
1082460,agriculture
1082490,agriculture
1082499,ilegal_mining
1082504,ilegal_mining
1082514,agriculture
1082516,agriculture
1082544,ilegal_mining
1082548,agriculture
1082564,agriculture
1082573,agriculture
1082575,ilegal_mining
1082578,agriculture
1082581,agriculture
1082678,ilegal_mining
1082693,agriculture
1082695,agriculture
1082711,ilegal_mining
1082716,agriculture
1082726,ilegal_mining
1082733,ilegal_mining
1082740,ilegal_mining
1082743,ilegal_mining
1082771,agriculture
1082772,ilegal_mining
1082796,agriculture
1082838,agriculture
1082860,agriculture
1082864,agriculture
1082865,ilegal_mining
1082867,agriculture
1082888,agriculture
1082896,agriculture
1082897,agriculture
1082908,agriculture
1082925,ilegal_mining
1082927,agriculture
1082999,agriculture
1083002,agriculture
1083020,ilegal_mining
1083023,agriculture
1083031,agriculture
1083032,ilegal_mining
1083040,ilegal_mining
1083062,ilegal_mining
1083070,agriculture
1083076,agriculture
1083104,agriculture
1083105,ilegal_mining
1083106,agriculture
1083117,ilegal_mining
1083131,ilegal_mining
1083132,ilegal_mining
1083143,ilegal_mining
1083157,agriculture
1083174,agriculture
1083177,ilegal_mining
1083194,ilegal_mining
1083195,ilegal_mining
1083238,agriculture
1083277,ilegal_mining
1083300,agriculture
1083322,agriculture
1083331,agriculture
1083339,ilegal_mining
1083358,ilegal_mining
1083375,agriculture
1083390,agriculture
1083429,agriculture
1083432,agriculture
1083460,ilegal_mining
1083484,agriculture
1083486,ilegal_mining
1083554,ilegal_mining
1083571,agriculture
1083575,agriculture
1083580,agriculture
1083581,ilegal_mining
1083601,agriculture
1083610,agriculture
1083622,ilegal_mining
1083655,ilegal_mining
1083658,ilegal_mining
1083683,ilegal_mining
1083701,agriculture
1083706,ilegal_mining
1083712,ilegal_mining
1083751,agriculture
1083753,ilegal_mining
1083779,agriculture
1083802,ilegal_mining
1083815,ilegal_mining
1083839,ilegal_mining
1083846,agriculture
1083849,ilegal_mining
1083887,ilegal_mining
1083906,ilegal_mining
1083917,agriculture
1083933,ilegal_mining
1083965,ilegal_mining
1083990,agriculture
1084019,ilegal_mining
1084022,ilegal_mining
1084032,ilegal_mining
1084038,ilegal_mining
1084047,ilegal_mining
1084057,agriculture
1084084,agriculture
1084086,agriculture
1084097,ilegal_mining
1084109,ilegal_mining
1084114,agriculture
1084149,agriculture
1084156,ilegal_mining
1084188,agriculture
1084206,ilegal_mining
1084220,agriculture
1084228,ilegal_mining
1084243,agriculture
1084250,ilegal_mining
1084260,agriculture
1084265,agriculture
1084298,ilegal_mining
1084303,ilegal_mining
1084316,ilegal_mining
1084319,agriculture
1084327,agriculture
1084329,agriculture
1084349,agriculture
1084350,agriculture
1084353,ilegal_mining
1084369,agriculture
1084379,ilegal_mining
1084386,ilegal_mining
1084392,ilegal_mining
1084403,ilegal_mining
1084418,agriculture
1084511,ilegal_mining
1084517,agriculture
1084521,agriculture
1084532,agriculture
1084548,ilegal_mining
1084555,ilegal_mining
1084576,ilegal_mining
1084578,agriculture
1084585,ilegal_mining
1084590,ilegal_mining
1084599,ilegal_mining
1084604,agriculture
1084607,agriculture
1084661,agriculture
1084667,agriculture
1084711,agriculture
1084738,agriculture
1084746,agriculture
1084772,ilegal_mining
1084837,ilegal_mining
1084843,ilegal_mining
1084864,ilegal_mining
1084893,ilegal_mining
1084905,ilegal_mining
1084907,agriculture
1084908,ilegal_mining
1084924,agriculture
1085011,ilegal_mining
1085019,ilegal_mining
1085022,ilegal_mining
1085044,agriculture
1085046,ilegal_mining
1085070,ilegal_mining
1085091,ilegal_mining
1085097,ilegal_mining
1085099,ilegal_mining
1085106,ilegal_mining
1085127,ilegal_mining
1085145,ilegal_mining
1085158,ilegal_mining
1085160,ilegal_mining
1085165,ilegal_mining
1085169,agriculture
1085177,ilegal_mining
1085181,ilegal_mining
1085201,ilegal_mining
1085203,ilegal_mining
1085218,ilegal_mining
1085236,ilegal_mining
1085237,agriculture
1085250,ilegal_mining
1085278,ilegal_mining
1085296,agriculture
1147268,agriculture
1147278,agriculture
1147283,agriculture
1147389,agriculture
1147431,agriculture
1147483,ilegal_mining
1147491,agriculture
1147525,agriculture
1147528,agriculture
1147543,agriculture
1147617,agriculture
1147636,agriculture
1147685,agriculture
1147716,agriculture
1147781,agriculture
1147823,agriculture
1147842,agriculture
1147858,agriculture
1147861,agriculture
1147863,agriculture
1147882,agriculture
1147906,agriculture
1147927,agriculture
1147934,agriculture
1147938,agriculture
1147939,agriculture
1148041,agriculture
1148060,ilegal_mining
1148083,ilegal_mining
1148085,agriculture
1148135,agriculture
1148158,agriculture
1148168,agriculture
1148182,agriculture
1148204,ilegal_mining
1148340,agriculture
1148399,agriculture
1148431,ilegal_mining
1148471,agriculture
1148492,agriculture
1148516,agriculture
1148614,agriculture
1148615,agriculture
1148660,agriculture
1148696,agriculture
1148709,ilegal_mining
1148724,agriculture
1148749,agriculture
1148756,agriculture
1148820,agriculture
1148836,ilegal_mining
1148845,agriculture
1148856,agriculture
1148865,ilegal_mining
1148869,agriculture
1148942,roads
1148991,ilegal_mining
1148996,agriculture
1149035,agriculture
1149102,agriculture
1149107,ilegal_mining
1149117,agriculture
1149171,agriculture
1149174,ilegal_mining
1149191,agriculture
1149212,agriculture
1149253,agriculture
1149266,agriculture
1149270,ilegal_mining
1149272,agriculture
1149296,ilegal_mining
1149317,ilegal_mining
1149334,agriculture
1149335,agriculture
1149367,ilegal_mining
1149398,agriculture
1149404,ilegal_mining
1149419,agriculture
1149424,agriculture
1149529,agriculture
1149547,agriculture
1149576,agriculture
1149577,agriculture
1149581,agriculture
1149625,agriculture
1149629,agriculture
1149637,agriculture
1149641,agriculture
1149673,agriculture
1149683,agriculture
1149714,agriculture
1149740,agriculture
1149763,ilegal_mining
1149777,agriculture
1149795,ilegal_mining
1149807,agriculture
1149820,agriculture
1149837,agriculture
1149853,agriculture
1149861,agriculture
1149876,ilegal_mining
1149889,agriculture
1149898,agriculture
1149930,agriculture
1149931,ilegal_mining
1149944,agriculture
1149954,ilegal_mining
1150017,ilegal_mining
1150019,agriculture
1150042,agriculture
1150066,agriculture
1150077,agriculture
1150095,agriculture
1150099,ilegal_mining
1150127,agriculture
1150156,agriculture
1150185,ilegal_mining
1150239,agriculture
1150271,agriculture
1150307,agriculture
1150321,ilegal_mining
1150337,ilegal_mining
1150357,agriculture
1150391,agriculture
1150401,agriculture
1150451,agriculture
1150492,agriculture
1150496,agriculture
1150502,agriculture
1150549,agriculture
1150576,agriculture
1150595,agriculture
1150602,agriculture
1150607,agriculture
1150631,agriculture
1150648,ilegal_mining
1150666,agriculture
1150692,agriculture
1150758,agriculture
1150759,ilegal_mining
1150772,agriculture
1150869,ilegal_mining
1150878,agriculture
1150895,agriculture
1150920,agriculture
1150937,agriculture
1150938,agriculture
1150942,agriculture
1150971,agriculture
1150978,agriculture
1151013,agriculture
1151026,agriculture
1151106,ilegal_mining
1151114,agriculture
1151125,agriculture
1151130,ilegal_mining
1151167,agriculture
1151185,ilegal_mining
1151194,agriculture
1151225,urban_expansion
1151227,agriculture
1151273,agriculture
1151274,agriculture
1151295,agriculture
1151307,agriculture
1151320,agriculture
1151329,agriculture
1151333,agriculture
1151334,agriculture
1151369,agriculture
1151373,agriculture
1151378,agriculture
1151418,ilegal_mining
1151450,ilegal_mining
1151456,agriculture
1151463,agriculture
1151494,agriculture
1151505,ilegal_mining
1151523,ilegal_mining
1151524,agriculture
1151539,agriculture
1151559,agriculture
1151570,agriculture
1151588,ilegal_mining
1151593,agriculture
1151613,agriculture
1151658,agriculture
1151670,agriculture
1151684,agriculture
1151690,ilegal_mining
1151693,agriculture
1151709,agriculture
1151712,agriculture
1151738,agriculture
1151739,agriculture
1151763,ilegal_mining
1151764,agriculture
1151767,agriculture
1151771,agriculture
1151791,agriculture
1151792,agriculture
1151812,agriculture
1151819,agriculture
1151876,agriculture
1151906,agriculture
1151918,ilegal_mining
1151984,agriculture
1152043,agriculture
1152045,agriculture
1152054,agriculture
1152056,agriculture
1152076,agriculture
1152113,ilegal_mining
1152127,agriculture
1152134,agriculture
1152159,agriculture
1152163,agriculture
1152179,agriculture
1152202,ilegal_mining
1152205,agriculture
1152211,agriculture
1152240,agriculture
1152244,agriculture
1152279,agriculture
1152388,agriculture
1152466,agriculture
1152478,agriculture
1152588,agriculture
1152612,agriculture
1152623,agriculture
1152655,agriculture
1152666,agriculture
1152705,agriculture
1152714,agriculture
1152718,agriculture
1152730,ilegal_mining
1152731,agriculture
1152739,agriculture
1152750,ilegal_mining
1152751,agriculture
1152774,agriculture
1152784,agriculture
1152787,agriculture
1152788,ilegal_mining
1152794,agriculture
1152807,ilegal_mining
1152813,ilegal_mining
1152819,agriculture
1152851,agriculture
1152859,agriculture
1152864,agriculture
1152867,agriculture
1152930,agriculture
1152931,agriculture
1152961,agriculture
1152981,agriculture
1153006,agriculture
1153036,agriculture
1153042,ilegal_mining
1153049,ilegal_mining
1153085,ilegal_mining
1153112,agriculture
1153131,ilegal_mining
1153166,ilegal_mining
1153182,agriculture
1153190,ilegal_mining
1153219,agriculture
1153315,agriculture
1153324,ilegal_mining
1153326,agriculture
1153328,agriculture
1153334,agriculture
1153348,agriculture
1153353,agriculture
1153357,ilegal_mining
1153360,agriculture
1153388,agriculture
1153428,agriculture
1153429,agriculture
1153442,agriculture
1153450,agriculture
1153519,agriculture
1153524,agriculture
1153526,agriculture
1153530,agriculture
1153533,agriculture
1153540,agriculture
1153559,agriculture
1153584,agriculture
1153598,agriculture
1153600,agriculture
1153616,agriculture
1153628,agriculture
1153668,agriculture
1153679,agriculture
1153704,agriculture
1153705,agriculture
1153737,agriculture
1153768,agriculture
1153776,agriculture
1153780,agriculture
1153782,agriculture
1153807,agriculture
1153889,ilegal_mining
1153937,agriculture
1153949,agriculture
1153988,agriculture
1153991,agriculture
1154000,agriculture
1154031,agriculture
1154046,agriculture
1154050,agriculture
1154099,ilegal_mining
1154123,agriculture
1154127,agriculture
1154138,agriculture
1154165,agriculture
1154177,agriculture
1154178,agriculture
1154197,ilegal_mining
1154198,agriculture
1154268,agriculture
1154288,agriculture
1154304,agriculture
1162403,agriculture
1162407,agriculture
1162555,agriculture
1162618,agriculture
1162755,agriculture
1162761,ilegal_mining
1162785,agriculture
1162788,agriculture
1162794,agriculture
1162820,agriculture
1162867,agriculture
1162891,ilegal_mining
1162897,agriculture
1162942,agriculture
1162965,agriculture
1163076,agriculture
1163081,agriculture
1163150,agriculture
1163205,agriculture
1163208,agriculture
1163338,agriculture
1163372,agriculture
1163394,ilegal_mining
1163421,agriculture
1163441,agriculture
1163490,agriculture
1163499,agriculture
1163569,ilegal_mining
1163577,agriculture
1163607,agriculture
1163621,ilegal_mining
1163666,agriculture
1163681,agriculture
1163696,agriculture
1163717,agriculture
1163814,ilegal_mining
1163844,agriculture
1163847,agriculture
1163868,agriculture
1163885,agriculture
1163893,agriculture
1163975,ilegal_mining
1164019,agriculture
1164050,agriculture
1164086,agriculture
1164088,ilegal_mining
1164093,agriculture
1164132,ilegal_mining
1164147,agriculture
1164153,ilegal_mining
1164203,agriculture
1164238,ilegal_mining
1164243,agriculture
1164298,agriculture
1164327,agriculture
1164339,agriculture
1165171,agriculture
1165188,ilegal_mining
1165191,ilegal_mining
1165196,agriculture
1165213,agriculture
1165234,ilegal_mining
1165261,ilegal_mining
1165279,ilegal_mining
1165305,ilegal_mining
1165355,ilegal_mining
1165359,ilegal_mining
1165390,agriculture
1165411,ilegal_mining
1165441,agriculture
1165482,ilegal_mining
1165529,agriculture
1165531,agriculture
1165566,ilegal_mining
1165567,agriculture
1165575,agriculture
1165582,ilegal_mining
1165687,agriculture
1165721,agriculture
1165723,ilegal_mining
1165727,agriculture
1165746,agriculture
1165750,ilegal_mining
1165758,agriculture
1165760,agriculture
1165773,agriculture
1165796,agriculture
1165805,agriculture
1165809,agriculture
1165822,agriculture
1165847,agriculture
1165856,agriculture
1165863,agriculture
1165893,ilegal_mining
1165898,agriculture
1165901,agriculture
1165905,ilegal_mining
1165907,agriculture
1165934,agriculture
1165942,agriculture
1165948,agriculture
1165964,agriculture
1165974,ilegal_mining
1165979,agriculture
1165981,agriculture
1166006,agriculture
1166010,agriculture
1166037,agriculture
1166065,agriculture
1166068,agriculture
1166077,ilegal_mining
1166085,ilegal_mining
1166089,ilegal_mining
1166115,agriculture
1166116,agriculture
1166124,ilegal_mining
1166126,agriculture
1166155,agriculture
1166178,agriculture
1166188,agriculture
1166216,agriculture
1166224,agriculture
1166237,agriculture
1166266,agriculture
1166270,agriculture
1166277,agriculture
1166281,agriculture
1166288,agriculture
1166296,agriculture
1166346,agriculture
1166360,agriculture
1166385,agriculture
1166389,agriculture
1166409,agriculture
1166463,agriculture
1166487,agriculture
1166488,agriculture
1166500,agriculture
1166517,agriculture
1166521,agriculture
1166523,agriculture
1166530,agriculture
1166541,agriculture
1166544,agriculture
1166560,agriculture
1166585,agriculture
1166587,agriculture
1166598,agriculture
1166639,agriculture
1166663,agriculture
1166676,agriculture
1166680,agriculture
1166686,agriculture
1166689,agriculture
1166727,agriculture
1166752,agriculture
1166776,agriculture
1166777,ilegal_mining
1166787,agriculture
1166800,agriculture
1166806,agriculture
1166807,agriculture
1166808,agriculture
1166829,agriculture
1166835,ilegal_mining
1166895,agriculture
1166907,agriculture
1166910,agriculture
1166948,agriculture
1166958,agriculture
1166961,agriculture
1203630,agriculture
1203641,agriculture
1203653,agriculture
1203654,ilegal_mining
1203663,agriculture
1203683,agriculture
1203685,agriculture
1203694,agriculture
1203696,agriculture
1203723,agriculture
1203727,agriculture
1203731,agriculture
1203737,ilegal_mining
1203739,agriculture
1203747,agriculture
1203787,agriculture
1203790,agriculture
1203805,agriculture
1203817,agriculture
1203829,agriculture
1203840,agriculture
1203848,agriculture
1203854,agriculture
1203857,agriculture
1203888,agriculture
1203902,agriculture
1203918,agriculture
1203929,ilegal_mining
1203947,agriculture
1203998,agriculture
1204000,agriculture
1204015,agriculture
1204019,agriculture
1204037,ilegal_mining
1204050,agriculture
1204076,agriculture
1204080,agriculture
1204088,agriculture
1204095,agriculture
1204101,agriculture
1204115,agriculture
1204121,agriculture
1204127,agriculture
1204136,agriculture
1204157,agriculture
1204160,agriculture
1204163,agriculture
1204164,agriculture
1204166,agriculture
1204224,agriculture
1204230,agriculture
1204256,agriculture
1204261,agriculture
1204276,agriculture
1204277,agriculture
1204284,agriculture
1204286,agriculture
1204293,agriculture
1204299,agriculture
1204349,agriculture
1204357,agriculture
1204373,agriculture
1204417,agriculture
1204521,agriculture
1204530,agriculture
1204535,ilegal_mining
1204539,ilegal_mining
1204548,ilegal_mining
1204558,agriculture
1204571,agriculture
1204575,ilegal_mining
1204581,agriculture
1204591,ilegal_mining
1204600,agriculture
1204614,ilegal_mining
1204615,ilegal_mining
1204622,ilegal_mining
1204629,ilegal_mining
1204631,agriculture
1204633,ilegal_mining
1204643,ilegal_mining
1204645,ilegal_mining
1204650,agriculture
1204659,agriculture
1204666,agriculture
1204671,agriculture
1204681,ilegal_mining
1204682,ilegal_mining
1204695,ilegal_mining
1204706,ilegal_mining
1204710,ilegal_mining
1204718,ilegal_mining
1204722,ilegal_mining
1204723,agriculture
1204740,ilegal_mining
1204750,agriculture
1204753,ilegal_mining
1204756,agriculture
1204761,ilegal_mining
1204769,ilegal_mining
1204773,ilegal_mining
1204775,agriculture
1204778,ilegal_mining
1204783,ilegal_mining
1204792,agriculture
1204793,ilegal_mining
1204798,ilegal_mining
1204799,ilegal_mining
1204816,agriculture
1204830,agriculture
1204831,agriculture
1204835,ilegal_mining
1204844,ilegal_mining
1204848,ilegal_mining
1204879,ilegal_mining
1204882,ilegal_mining
1204898,agriculture
1204901,ilegal_mining
1204906,agriculture
1204914,agriculture
1204938,agriculture
1204946,ilegal_mining
1204950,agriculture
1204956,agriculture
1204967,agriculture
1205016,agriculture
1205030,agriculture
1205031,agriculture
1205035,agriculture
1205045,agriculture
1205061,agriculture
1205065,agriculture
1205067,agriculture
1205074,agriculture
1205107,agriculture
1205120,agriculture
1205127,agriculture
1205128,agriculture
1205139,agriculture
1205146,agriculture
1205150,agriculture
1205166,agriculture
1205188,agriculture
1205203,agriculture
1205235,agriculture
1205239,agriculture
1205247,agriculture
1205256,ilegal_mining
1205258,agriculture
1205265,agriculture
1205279,agriculture
1205305,agriculture
1205330,agriculture
1205341,agriculture
1205357,agriculture
1205360,agriculture
1205379,agriculture
1205381,agriculture
1205407,agriculture
1205417,ilegal_mining
1205419,agriculture
1205433,agriculture
1205437,agriculture
1205452,agriculture
1205456,agriculture
1205476,agriculture
1205503,agriculture
1205530,agriculture
1205537,agriculture
1205540,agriculture
1205543,agriculture
1205551,agriculture
1205564,agriculture
1205568,ilegal_mining
1205574,agriculture
1205576,agriculture
1205584,agriculture
1205589,agriculture
1205590,agriculture
1205598,agriculture
1205604,agriculture
1205624,agriculture
1205638,agriculture
1205642,agriculture
1205668,agriculture
1205679,agriculture
1205685,agriculture
1205690,agriculture
1205719,agriculture
1205727,agriculture
1205730,agriculture
1205731,agriculture
1205733,agriculture
1205759,agriculture
1205761,ilegal_mining
1205765,agriculture
1205771,agriculture
1205777,agriculture
1205783,agriculture
1205789,agriculture
1205806,agriculture
1205810,agriculture
1205813,agriculture
1205825,agriculture
1205831,agriculture
1205845,agriculture
1205847,ilegal_mining
1205849,agriculture
1205856,agriculture
1205880,ilegal_mining
1205883,agriculture
1205887,agriculture
1205891,agriculture
1205893,agriculture
1205904,agriculture
1205911,agriculture
1205912,ilegal_mining
1205913,agriculture
1205920,agriculture
1205927,agriculture
1205942,agriculture
1205944,agriculture
1205945,agriculture
1205947,agriculture
1205950,agriculture
1205951,ilegal_mining
1205954,agriculture
1205981,agriculture
1205990,agriculture
1206002,agriculture
1206004,agriculture
1206010,agriculture
1206015,agriculture
1206018,agriculture
1206025,agriculture
1206039,agriculture
1206040,agriculture
1206057,agriculture
1206061,agriculture
1206067,agriculture
1218094,agriculture
1218095,agriculture
1218096,agriculture
1218098,agriculture
1218104,agriculture
1218123,agriculture
1218134,agriculture
1218139,agriculture
1218140,agriculture
1218147,agriculture
1218153,agriculture
1218156,agriculture
1218168,agriculture
1218178,agriculture
1218183,agriculture
1218192,agriculture
1218213,agriculture
1218222,ilegal_mining
1218229,agriculture
1218231,agriculture
1218246,agriculture
1218252,agriculture
1218255,agriculture
1218256,agriculture
1218257,ilegal_mining
1218264,agriculture
1218280,ilegal_mining
1218302,agriculture
1218308,agriculture
1218313,ilegal_mining
1218315,ilegal_mining
1218334,agriculture
1218338,agriculture
1218339,agriculture
1218343,agriculture
1218354,agriculture
1218355,agriculture
1218363,agriculture
1218372,agriculture
1218379,agriculture
1218386,agriculture
1218396,agriculture
1218406,agriculture
1218414,agriculture
1218416,ilegal_mining
1218424,agriculture
1218428,agriculture
1218457,agriculture
1218477,agriculture
1218478,ilegal_mining
1218499,agriculture
1218516,agriculture
1218537,agriculture
1218557,agriculture
1218560,agriculture
1218567,agriculture
1218571,agriculture
1218601,agriculture
1218602,agriculture
1218604,agriculture
1218605,agriculture
1218607,agriculture
1218626,agriculture
1218627,agriculture
1218632,agriculture
1218647,agriculture
1218651,agriculture
1218652,agriculture
1218668,agriculture
1218673,agriculture
1218679,agriculture
1218680,agriculture
1218702,agriculture
1218704,agriculture
1218706,agriculture
1218711,agriculture
1218723,ilegal_mining
1218732,agriculture
1218734,ilegal_mining
1218753,agriculture
1218754,agriculture
1218756,agriculture
1218779,agriculture
1218781,agriculture
1218798,agriculture
1218800,agriculture
1218810,agriculture
1218817,ilegal_mining
1218833,agriculture
1218841,agriculture
1218850,agriculture
1218868,ilegal_mining
1218876,agriculture
1218884,agriculture
1218887,ilegal_mining
1218893,agriculture
1218900,agriculture
1218901,agriculture
1218905,agriculture
1218908,agriculture
1218910,agriculture
1218917,agriculture
1218921,agriculture
1218922,agriculture
1218939,agriculture
1218945,agriculture
1218946,ilegal_mining
1218947,agriculture
1218949,agriculture
1218951,agriculture
1218969,agriculture
1218974,agriculture
1218987,agriculture
1218995,ilegal_mining
1218996,agriculture
1218997,agriculture
1218999,agriculture
1219010,agriculture
1219017,agriculture
1219033,agriculture
1219038,agriculture
1219042,agriculture
1219048,agriculture
1219065,agriculture
1219068,agriculture
1219081,agriculture
1219086,ilegal_mining
1219088,agriculture
1219089,agriculture
1219105,ilegal_mining
1219107,agriculture
1219114,agriculture
1219131,agriculture
1219134,ilegal_mining
1219144,agriculture
1219151,agriculture
1219157,agriculture
1219164,agriculture
1219190,agriculture
1219201,agriculture
1219207,agriculture
1219225,agriculture
1219227,agriculture
1219243,agriculture
1219256,ilegal_mining
1219258,agriculture
1219269,ilegal_mining
1219277,agriculture
1219295,agriculture
1219312,agriculture
1219320,agriculture
1219405,agriculture
1219407,agriculture
1219411,agriculture
1219427,agriculture
1219430,agriculture
1219434,agriculture
1219449,ilegal_mining
1219454,agriculture
1219480,agriculture
1219486,agriculture
1219488,ilegal_mining
1219490,agriculture
1219534,agriculture
1219548,ilegal_mining
1219554,agriculture
1219563,agriculture
1219568,agriculture
1219573,agriculture
1219575,agriculture
1219611,agriculture
1219634,agriculture
1219640,agriculture
1219670,agriculture
1219686,agriculture
1219699,agriculture
1219706,agriculture
1219709,agriculture
1219721,agriculture
1219722,agriculture
1219731,agriculture
1229274,agriculture
1229324,agriculture
1229336,agriculture
1229340,agriculture
1229342,agriculture
1229350,agriculture
1229356,agriculture
1229357,agriculture
1229374,agriculture
1229380,agriculture
1229407,agriculture
1229419,agriculture
1229429,agriculture
1229436,agriculture
1229442,agriculture
1229443,agriculture
1229448,agriculture
1229455,agriculture
1229457,agriculture
1229461,agriculture
1229472,agriculture
1229473,agriculture
1229477,agriculture
1229484,agriculture
1229489,agriculture
1229492,agriculture
1229501,agriculture
1229504,agriculture
1229506,agriculture
1229512,agriculture
1229587,agriculture
1229589,agriculture
1229594,agriculture
1229606,agriculture
1229626,agriculture
1229645,agriculture
1229651,agriculture
1229656,agriculture
1229679,agriculture
1229686,agriculture
1229693,agriculture
1229694,agriculture
1229702,agriculture
1229704,agriculture
1229726,agriculture
1229743,agriculture
1229747,agriculture
1229758,agriculture
1229762,agriculture
1229800,agriculture
1229801,agriculture
1231236,agriculture
1231254,agriculture
1231288,agriculture
1231293,ilegal_mining
1231322,ilegal_mining
1231336,agriculture
1231337,agriculture
1231354,agriculture
1231386,agriculture
1231406,ilegal_mining
1231435,agriculture
1231437,agriculture
1231460,agriculture
1231465,ilegal_mining
1231505,ilegal_mining
1231506,ilegal_mining
1231511,ilegal_mining
1231513,agriculture
1231599,agriculture
1231600,agriculture
1231627,ilegal_mining
1231642,agriculture
1231646,agriculture
1231652,agriculture
1231667,agriculture
1231693,agriculture
1231694,ilegal_mining
1231698,agriculture
1231732,agriculture
1231738,ilegal_mining
1231743,agriculture
1231759,agriculture
1231763,agriculture
1231828,agriculture
1231831,agriculture
1231855,agriculture
1231874,agriculture
1232684,agriculture
1232703,ilegal_mining
1232751,agriculture
1232758,ilegal_mining
1232784,agriculture
1232788,agriculture
1232789,agriculture
1232805,agriculture
1232810,agriculture
1232812,agriculture
1232813,agriculture
1232817,agriculture
1232857,ilegal_mining
1232888,ilegal_mining
1232912,agriculture
1232918,agriculture
1232920,agriculture
1232924,agriculture
1232941,agriculture
1232953,agriculture
1232958,ilegal_mining
1232960,agriculture
1232986,agriculture
1233022,agriculture
1233027,agriculture
1233028,agriculture
1233033,ilegal_mining
1233034,agriculture
1233038,agriculture
1233059,agriculture
1233075,agriculture
1233087,agriculture
1233095,agriculture
1233114,agriculture
1233117,agriculture
1233124,agriculture
1233147,agriculture
1233157,ilegal_mining
1233179,agriculture
1233181,agriculture
1233182,agriculture
1233190,agriculture
1233196,agriculture
1233204,agriculture
1233228,agriculture
1233260,agriculture
1233263,agriculture
1233281,ilegal_mining
1233297,agriculture
1233323,agriculture
1233333,agriculture
1233339,ilegal_mining
1233344,agriculture
1233352,agriculture
1233353,agriculture
1233394,agriculture
1233429,agriculture
1233433,agriculture
1233458,agriculture
1233467,agriculture
1233469,agriculture
1233492,ilegal_mining
1233523,agriculture
1233536,agriculture
1233555,agriculture
1233589,agriculture
1233593,agriculture
1233594,ilegal_mining
1233597,agriculture
1233608,agriculture
1233635,agriculture
1241473,agriculture
1241536,ilegal_mining
1241552,agriculture
1241561,ilegal_mining
1241571,ilegal_mining
1241600,ilegal_mining
1241606,ilegal_mining
1241607,agriculture
1241614,ilegal_mining
1241641,ilegal_mining
1241643,ilegal_mining
1241661,ilegal_mining
1241672,ilegal_mining
1241682,ilegal_mining
1241685,agriculture
1241686,agriculture
1241687,ilegal_mining
1241710,ilegal_mining
1241723,agriculture
1241725,ilegal_mining
1241738,ilegal_mining
1241758,ilegal_mining
1241760,ilegal_mining
1241773,agriculture
1241779,agriculture
1241788,ilegal_mining
1241793,ilegal_mining
1241819,agriculture
1241850,ilegal_mining
1241876,ilegal_mining
1241879,ilegal_mining
1241892,agriculture
1241909,ilegal_mining
1241927,agriculture
1241939,ilegal_mining
1241944,agriculture
1241950,agriculture
1241983,ilegal_mining
1242008,ilegal_mining
1242009,agriculture
1242012,agriculture
1242013,agriculture
1242034,ilegal_mining
1242035,ilegal_mining
1242049,ilegal_mining
1242052,agriculture
1242055,ilegal_mining
1242072,agriculture
1242073,agriculture
1242088,ilegal_mining
1242096,agriculture
1242097,ilegal_mining
1242101,ilegal_mining
1242104,agriculture
1242117,agriculture
1242118,ilegal_mining
1242139,agriculture
1242140,ilegal_mining
1242168,agriculture
1242169,ilegal_mining
1242230,agriculture
1242234,agriculture
1242248,agriculture
1242273,ilegal_mining
1242279,ilegal_mining
1242281,ilegal_mining
1242283,ilegal_mining
1242309,ilegal_mining
1242317,ilegal_mining
1242323,agriculture
1242331,ilegal_mining
1242336,agriculture
1242338,ilegal_mining
1242351,ilegal_mining
1242363,ilegal_mining
1242397,ilegal_mining
1242464,ilegal_mining
1242500,ilegal_mining
1242507,ilegal_mining
1242509,roads
1242518,ilegal_mining
1242520,ilegal_mining
1242525,agriculture
1242526,ilegal_mining
1242557,agriculture
1242566,agriculture
1242576,ilegal_mining
1242579,agriculture
1242591,ilegal_mining
1242598,ilegal_mining
1242604,agriculture
1242609,ilegal_mining
1242610,ilegal_mining
1242650,agriculture
1242651,ilegal_mining
1242652,agriculture
1242656,ilegal_mining
1242681,ilegal_mining
1242685,ilegal_mining
1242687,agriculture
1242727,ilegal_mining
1242730,ilegal_mining
1242741,ilegal_mining
1242780,agriculture
1242786,agriculture
1242809,agriculture
1242813,agriculture
1242831,ilegal_mining
1242850,agriculture
1242866,agriculture
1242879,ilegal_mining
1242893,agriculture
1242908,ilegal_mining
1242920,agriculture
1242927,ilegal_mining
1242931,ilegal_mining
1242942,ilegal_mining
1242946,agriculture
1242989,ilegal_mining
1242994,ilegal_mining
1242999,ilegal_mining
1243030,agriculture
1243031,agriculture
1243056,ilegal_mining
1243062,ilegal_mining
1243068,ilegal_mining
1243087,agriculture
1243088,ilegal_mining
1243092,ilegal_mining
1243106,agriculture
1243108,agriculture
1243112,agriculture
1243115,ilegal_mining
1243122,ilegal_mining
1243128,agriculture
1243130,ilegal_mining
1243155,agriculture
1243162,agriculture
1243165,agriculture
1243176,agriculture
1243192,ilegal_mining
1243196,agriculture
1243203,agriculture
1243218,agriculture
1243219,agriculture
1243233,ilegal_mining
1243235,ilegal_mining
1243237,ilegal_mining
1243255,agriculture
1243282,ilegal_mining
1243296,ilegal_mining
1243308,agriculture
1243312,ilegal_mining
1243332,ilegal_mining
1243342,ilegal_mining
1243348,agriculture
1243365,ilegal_mining
1243396,ilegal_mining
1243397,ilegal_mining
1243403,ilegal_mining
1243424,agriculture
1243452,ilegal_mining
1243458,agriculture
1243479,ilegal_mining
1243492,ilegal_mining
1243495,ilegal_mining
1243513,ilegal_mining
1243515,agriculture
1243518,agriculture
1243545,ilegal_mining
1243554,ilegal_mining
1243557,agriculture
1243570,agriculture
1243579,ilegal_mining
1243580,ilegal_mining
1243584,ilegal_mining
1243590,ilegal_mining
1243594,agriculture
1243615,ilegal_mining
1243643,ilegal_mining
1243646,ilegal_mining
1243656,agriculture
1243673,agriculture
1243681,agriculture
1243691,ilegal_mining
1243693,ilegal_mining
1243695,agriculture
1243705,agriculture
1243711,ilegal_mining
1243714,agriculture
1243726,ilegal_mining
1243728,agriculture
1243729,ilegal_mining
1243730,agriculture
1243733,agriculture
1243768,ilegal_mining
1243777,agriculture
1243800,agriculture
1243810,agriculture
1243825,agriculture
1243828,ilegal_mining
1243832,ilegal_mining
1243842,ilegal_mining
1243843,ilegal_mining
1243868,ilegal_mining
1243870,ilegal_mining
1243886,agriculture
1243893,ilegal_mining
1243901,ilegal_mining
1243905,agriculture
1243914,agriculture
1243916,ilegal_mining
1243930,ilegal_mining
1243931,agriculture
1243937,ilegal_mining
1243938,ilegal_mining
1243979,agriculture
1243981,agriculture
1243983,agriculture
1243995,ilegal_mining
1243998,ilegal_mining
1244008,agriculture
1244011,ilegal_mining
1244040,agriculture
1244061,ilegal_mining
1244065,ilegal_mining
1244076,agriculture
1244086,ilegal_mining
1244087,agriculture
1244098,agriculture
1244100,agriculture
1244112,agriculture
1244119,ilegal_mining
1244128,agriculture
1244145,ilegal_mining
1244148,agriculture
1244155,agriculture
1244156,ilegal_mining
1244181,ilegal_mining
1244202,ilegal_mining
1244204,ilegal_mining
1244205,ilegal_mining
1244213,agriculture
1244228,ilegal_mining
1244240,ilegal_mining
1244247,ilegal_mining
1244250,agriculture
1244255,agriculture
1244262,ilegal_mining
1244266,agriculture
1244287,agriculture
1244298,ilegal_mining
1244315,agriculture
1244383,agriculture
1244400,ilegal_mining
1244415,ilegal_mining
1244423,agriculture
1244434,ilegal_mining
1244447,agriculture
1244502,agriculture
1244505,ilegal_mining
1244507,ilegal_mining
1244513,ilegal_mining
1244514,agriculture
1244516,ilegal_mining
1244524,agriculture
1244525,ilegal_mining
1244530,agriculture
1244556,ilegal_mining
1244561,agriculture
1244576,ilegal_mining
1244587,ilegal_mining
1244588,ilegal_mining
1244592,agriculture
1244598,agriculture
1244602,agriculture
1244635,ilegal_mining
1244641,agriculture
1244643,agriculture
1244674,agriculture
1244680,ilegal_mining
1244692,agriculture
1244694,ilegal_mining
1244699,agriculture
1244701,agriculture
1244706,ilegal_mining
1244712,agriculture
1244717,ilegal_mining
1244728,agriculture
1244771,ilegal_mining
1244784,ilegal_mining
1244789,ilegal_mining
1244794,ilegal_mining
1244799,agriculture
1244800,ilegal_mining
1244827,ilegal_mining
1244830,agriculture
1244840,agriculture
1244846,agriculture
1244853,ilegal_mining
1244870,agriculture
1244881,ilegal_mining
1244884,agriculture
1244891,ilegal_mining
1244893,ilegal_mining
1244895,agriculture
1244901,agriculture
1244947,agriculture
1244953,ilegal_mining
1244955,ilegal_mining
1244961,agriculture
1244964,agriculture
1244981,ilegal_mining
1244991,ilegal_mining
1244998,ilegal_mining
1245003,ilegal_mining
1245007,agriculture
1245012,agriculture
1245016,ilegal_mining
1245023,agriculture
1245024,ilegal_mining
1245028,ilegal_mining
1245054,agriculture
1245064,agriculture
1245076,ilegal_mining
1245096,agriculture
1245109,ilegal_mining
1245116,ilegal_mining
1245138,ilegal_mining
1245140,agriculture
1245145,ilegal_mining
1245187,agriculture
1245192,ilegal_mining
1245224,ilegal_mining
1245232,ilegal_mining
1245257,ilegal_mining
1245273,agriculture
1245274,agriculture
1245286,ilegal_mining
1245292,agriculture
1245296,ilegal_mining
1245305,ilegal_mining
1245312,ilegal_mining
1245356,agriculture
1245364,agriculture
1245366,ilegal_mining
1245373,ilegal_mining
1245381,ilegal_mining
1245396,agriculture
1245407,ilegal_mining
1245418,ilegal_mining
1245424,agriculture
1245425,agriculture
1245432,ilegal_mining
1245434,ilegal_mining
1245468,ilegal_mining
1245469,agriculture
1245472,ilegal_mining
1245487,agriculture
1245500,ilegal_mining
1245520,ilegal_mining
1245563,agriculture
1245588,agriculture
1245635,ilegal_mining
1245648,agriculture
1245666,agriculture
1245668,agriculture
1245674,ilegal_mining
1245678,ilegal_mining
1245683,agriculture
1245692,ilegal_mining
1245709,agriculture
1245721,agriculture
1245759,agriculture
1245764,agriculture
1245783,ilegal_mining
1245786,agriculture
1245791,agriculture
1245799,ilegal_mining
1245839,ilegal_mining
1245857,agriculture
1245886,agriculture
1245927,ilegal_mining
1245940,agriculture
1245948,ilegal_mining
1245952,agriculture
1245956,ilegal_mining
1245957,ilegal_mining
1245962,ilegal_mining
1245975,ilegal_mining
1245983,ilegal_mining
1245989,ilegal_mining
1246000,ilegal_mining
1246020,agriculture
1246051,ilegal_mining
1246095,ilegal_mining
1246116,ilegal_mining
1254542,agriculture
1254588,agriculture
1254600,agriculture
1254658,agriculture
1254701,agriculture
1254705,agriculture
1254777,agriculture
1254793,agriculture
1254795,agriculture
1254810,agriculture
1254883,agriculture
1254893,agriculture
1254907,agriculture
1254943,agriculture
1254947,ilegal_mining
1255036,agriculture
1255043,agriculture
1255132,agriculture
1255136,agriculture
1255205,agriculture
1255224,agriculture
1255240,agriculture
1255315,agriculture
1255330,agriculture
1255386,agriculture
1255452,agriculture
1255471,agriculture
1255493,agriculture
1255511,agriculture
1255513,agriculture
1255602,agriculture
1255653,ilegal_mining
1255686,agriculture
1255700,agriculture
1255813,agriculture
1255857,agriculture
1255871,ilegal_mining
1255926,agriculture
1255939,ilegal_mining
1255969,agriculture
1255986,ilegal_mining
1256001,agriculture
1256006,ilegal_mining
1256027,agriculture
1256035,ilegal_mining
1256090,agriculture
1256123,agriculture
1256125,agriculture
1256133,ilegal_mining
1256169,ilegal_mining
1256229,agriculture
1256267,agriculture
1256288,ilegal_mining
1256343,agriculture
1256371,agriculture
1256373,agriculture
1256416,agriculture
1256419,agriculture
1256422,ilegal_mining
1256498,agriculture
1256620,ilegal_mining
1256627,agriculture
1256628,ilegal_mining
1256700,agriculture
1256722,agriculture
1256781,ilegal_mining
1256867,agriculture
1256868,agriculture
1256878,ilegal_mining
1256935,agriculture
1257064,agriculture
1257115,agriculture
1257118,agriculture
1257155,ilegal_mining
1257200,agriculture
1257231,agriculture
1257273,agriculture
1257290,agriculture
1257297,agriculture
1257303,agriculture
1257325,agriculture
1257413,ilegal_mining
1257470,agriculture
1257516,agriculture
1257535,ilegal_mining
1273500,agriculture
1273517,agriculture
1273537,agriculture
1273577,agriculture
1273619,agriculture
1273631,agriculture
1273664,agriculture
1273670,agriculture
1273730,agriculture
1273731,agriculture
1273751,agriculture
1273779,urban_expansion
1273840,agriculture
1273856,agriculture
1273863,agriculture
1273865,ilegal_mining
1273877,agriculture
1273882,agriculture
1273912,agriculture
1273951,agriculture
1273954,agriculture
1274023,agriculture
1274029,agriculture
1274057,agriculture
1274112,agriculture
1274123,agriculture
1274129,agriculture
1274131,agriculture
1274139,agriculture
1274157,agriculture
1274217,agriculture
1274230,agriculture
1274249,agriculture
1274256,agriculture
1274265,agriculture
1274281,agriculture
1274300,agriculture
1274311,agriculture
1274314,agriculture
1274335,agriculture
1274377,agriculture
1274470,agriculture
1274473,agriculture
1274596,agriculture
1274600,agriculture
1274864,agriculture
1274868,agriculture
1274900,agriculture
1274905,agriculture
1274963,ilegal_mining
1274981,ilegal_mining
1275023,agriculture
1275049,agriculture
1275237,ilegal_mining
1275273,agriculture
1275288,ilegal_mining
1275300,agriculture
1275324,agriculture
1275348,ilegal_mining
1275368,ilegal_mining
1275373,ilegal_mining
1275377,agriculture
1275404,ilegal_mining
1275410,agriculture
1275472,ilegal_mining
1275483,agriculture
1275511,agriculture
1275559,agriculture
1275636,agriculture
1275643,agriculture
1275669,ilegal_mining
1275693,agriculture
1275736,agriculture
1275794,agriculture
1275800,agriculture
1275826,agriculture
1275853,agriculture
1275869,agriculture
1275927,agriculture
1275964,agriculture
1276010,agriculture
1276245,agriculture
1276257,agriculture
1276269,agriculture
1276280,agriculture
1276316,agriculture
1276475,ilegal_mining
1276523,ilegal_mining
1276590,ilegal_mining
1276616,agriculture
1276634,ilegal_mining
1276656,agriculture
1276855,agriculture
1276858,agriculture
1276864,agriculture
1276868,ilegal_mining
1276877,agriculture
1276926,agriculture
1276931,ilegal_mining
1276953,ilegal_mining
1277057,agriculture
1277104,agriculture
1277128,agriculture
1277154,agriculture
1277157,agriculture
1277158,agriculture
1277178,agriculture
1277241,agriculture
1277256,agriculture
1277282,agriculture
1277301,agriculture
1277327,agriculture
1277350,agriculture
1277357,agriculture
1277371,ilegal_mining
1277379,agriculture
1277383,ilegal_mining
1277552,ilegal_mining
1277563,agriculture
1277579,ilegal_mining
1277591,agriculture
1277604,agriculture
1277613,ilegal_mining
1277627,ilegal_mining
1277649,agriculture
1277671,ilegal_mining
1277701,agriculture
1277707,ilegal_mining
1277712,agriculture
1277726,ilegal_mining
1277740,agriculture
1277778,agriculture
1277819,agriculture
1277841,ilegal_mining
1277843,agriculture
1277871,agriculture
1277905,agriculture
1278006,agriculture
1278019,agriculture
1278051,agriculture
1278071,agriculture
1278084,agriculture
1278104,agriculture
1278180,agriculture
1278208,agriculture
1278285,ilegal_mining
1278331,agriculture
1278390,agriculture
1278410,agriculture
1278423,agriculture
1278444,agriculture
1278457,ilegal_mining
1278496,ilegal_mining
1278572,agriculture
1278606,ilegal_mining
1278628,agriculture
1278699,ilegal_mining
1278778,ilegal_mining
1278838,agriculture
1278865,agriculture
1278884,agriculture
1278900,agriculture
1278934,agriculture
1278971,ilegal_mining
1279014,agriculture
1279027,agriculture
1279032,agriculture
1279057,agriculture
1279072,agriculture
1279099,agriculture
1279126,agriculture
1279151,agriculture
1279154,agriculture
1279198,agriculture
1279221,agriculture
1279269,agriculture
1279272,agriculture
1279341,agriculture
1279346,agriculture
1279349,agriculture
1279363,agriculture
1279387,agriculture
1279444,agriculture
1279445,agriculture
1279446,agriculture
1279505,ilegal_mining
1279529,agriculture
1279613,agriculture
1279618,agriculture
1279626,agriculture
1279628,agriculture
1279666,agriculture
1279675,agriculture
1279676,agriculture
1279705,agriculture
1279752,agriculture
1279835,agriculture
1279869,agriculture
1279870,agriculture
1279873,agriculture
1279886,agriculture
1279889,ilegal_mining
1279987,ilegal_mining
1280005,agriculture
1280012,ilegal_mining
1280017,agriculture
1280067,agriculture
1280115,agriculture
1280159,agriculture
1280164,ilegal_mining
1280194,ilegal_mining
1280223,agriculture
1280232,agriculture
1280265,ilegal_mining
1280301,agriculture
1280305,agriculture
1280423,agriculture
1280459,agriculture
1280546,agriculture
1280548,agriculture
1280560,agriculture
1280564,agriculture
1280591,roads
1280604,agriculture
1280610,agriculture
1280626,agriculture
1280638,agriculture
1280674,agriculture
1280712,ilegal_mining
1280731,ilegal_mining
1280757,agriculture
1280841,agriculture
1280909,ilegal_mining
1280911,agriculture
1280918,agriculture
1280932,agriculture
1280933,agriculture
1280970,agriculture
1281001,ilegal_mining
1281053,ilegal_mining
1281117,ilegal_mining
1281126,agriculture
1281146,agriculture
1281260,agriculture
1281337,agriculture
1281391,agriculture
1281416,agriculture
1281448,agriculture
1281472,agriculture
1281488,agriculture
1281494,agriculture
1281564,agriculture
1281576,agriculture
1281581,agriculture
1281603,agriculture
1281657,agriculture
1281658,agriculture
1281686,ilegal_mining
1281758,agriculture
1281794,ilegal_mining
1281833,agriculture
1281859,agriculture
1281869,agriculture
1281954,agriculture
1281962,agriculture
1281972,agriculture
1281992,agriculture
1282014,agriculture
1282030,agriculture
1282053,agriculture
1282061,agriculture
1282070,agriculture
1282104,agriculture
1282107,agriculture
1282110,agriculture
1282146,agriculture
1282197,ilegal_mining
1282274,agriculture
1282301,agriculture
1282305,agriculture
1282345,agriculture
1282412,agriculture
1282426,agriculture
1282448,agriculture
1282461,agriculture
1282499,agriculture
1282507,agriculture
1282546,agriculture
1282549,roads
1282558,agriculture
1282593,agriculture
1282602,ilegal_mining
1282604,ilegal_mining
1282632,roads
1282655,roads
1282730,agriculture
1282763,agriculture
1282785,agriculture
1282871,ilegal_mining
1282882,agriculture
1282950,agriculture
1282981,agriculture
1282987,agriculture
1283061,agriculture
1283096,agriculture
1283203,agriculture
1283225,ilegal_mining
1283262,ilegal_mining
1283307,ilegal_mining
1283335,agriculture
1283389,agriculture
1283460,agriculture
1283467,agriculture
1283483,ilegal_mining
1283495,agriculture
1283499,ilegal_mining
1283512,agriculture
1283551,agriculture
1283656,agriculture
1283775,agriculture
1283802,agriculture
1283816,agriculture
1289208,agriculture
1289209,ilegal_mining
1289214,ilegal_mining
1289223,ilegal_mining
1289224,ilegal_mining
1289225,ilegal_mining
1289226,agriculture
1289230,agriculture
1289237,ilegal_mining
1289239,ilegal_mining
1289255,agriculture
1289260,agriculture
1289266,agriculture
1289279,agriculture
1289281,ilegal_mining
1289295,ilegal_mining
1289298,agriculture
1289308,ilegal_mining
1289314,agriculture
1289321,ilegal_mining
1289329,ilegal_mining
1289335,ilegal_mining
1289337,ilegal_mining
1289353,ilegal_mining
1289358,ilegal_mining
1289366,ilegal_mining
1289412,ilegal_mining
1289430,agriculture
1289444,ilegal_mining
1289460,ilegal_mining
1289465,ilegal_mining
1289477,ilegal_mining
1289481,ilegal_mining
1289491,ilegal_mining
1289495,agriculture
1289505,agriculture
1289512,ilegal_mining
1289518,ilegal_mining
1289579,ilegal_mining
1289581,ilegal_mining
1289586,agriculture
1289592,agriculture
1289605,ilegal_mining
1289616,agriculture
1289617,agriculture
1289618,ilegal_mining
1289622,ilegal_mining
1289629,ilegal_mining
1289632,ilegal_mining
1289637,ilegal_mining
1289641,ilegal_mining
1289653,ilegal_mining
1289661,ilegal_mining
1289662,ilegal_mining
1289673,ilegal_mining
1289682,ilegal_mining
1289687,ilegal_mining
1289688,ilegal_mining
1289693,agriculture
1289708,ilegal_mining
1289716,ilegal_mining
1289717,ilegal_mining
1289722,ilegal_mining
1289734,agriculture
1289747,agriculture
1289748,agriculture
1289755,ilegal_mining
1289773,ilegal_mining
1289782,ilegal_mining
1289789,agriculture
1289797,ilegal_mining
1289811,agriculture
1289812,agriculture
1289825,ilegal_mining
1289831,ilegal_mining
1289840,ilegal_mining
1289846,ilegal_mining
1289847,agriculture
1289850,ilegal_mining
1289853,agriculture
1289870,ilegal_mining
1289880,ilegal_mining
1289892,ilegal_mining
1289898,agriculture
1289908,ilegal_mining
1289911,ilegal_mining
1289912,ilegal_mining
1289927,ilegal_mining
1289928,ilegal_mining
1289945,ilegal_mining
1289958,ilegal_mining
1289959,ilegal_mining
1289965,ilegal_mining
1289967,ilegal_mining
1289974,ilegal_mining
1289989,ilegal_mining
1289991,ilegal_mining
1290008,ilegal_mining
1290009,ilegal_mining
1290030,agriculture
1290033,ilegal_mining
1290041,ilegal_mining
1290050,ilegal_mining
1290052,ilegal_mining
1290072,ilegal_mining
1290110,agriculture
1290111,ilegal_mining
1290115,ilegal_mining
1290117,ilegal_mining
1290120,ilegal_mining
1290122,ilegal_mining
1290136,ilegal_mining
1290140,ilegal_mining
1290141,ilegal_mining
1290142,ilegal_mining
1290149,agriculture
1290160,agriculture
1290162,ilegal_mining
1290177,agriculture
1290184,agriculture
1290188,ilegal_mining
1290193,ilegal_mining
1290195,ilegal_mining
1290197,ilegal_mining
1290209,ilegal_mining
1290212,ilegal_mining
1290214,ilegal_mining
1290215,ilegal_mining
1290234,ilegal_mining
1290238,ilegal_mining
1290249,agriculture
1290257,ilegal_mining
1290262,ilegal_mining
1290269,ilegal_mining
1290281,agriculture
1290284,ilegal_mining
1290292,ilegal_mining
1290302,ilegal_mining
1290311,ilegal_mining
1290312,ilegal_mining
1290321,agriculture
1290337,agriculture
1290350,agriculture
1290358,ilegal_mining
1290371,ilegal_mining
1290395,ilegal_mining
1290402,agriculture
1290410,ilegal_mining
1290415,ilegal_mining
1290426,agriculture
1290430,agriculture
1290431,ilegal_mining
1290435,ilegal_mining
1290438,ilegal_mining
1290443,ilegal_mining
1290449,agriculture
1290456,agriculture
1290486,agriculture
1290491,ilegal_mining
1290492,agriculture
1290498,ilegal_mining
1290505,ilegal_mining
1290506,agriculture
1290521,agriculture
1290525,ilegal_mining
1290529,ilegal_mining
1290533,ilegal_mining
1290536,ilegal_mining
1290547,ilegal_mining
1290565,ilegal_mining
1290593,ilegal_mining
1290598,agriculture
1290611,ilegal_mining
1290621,ilegal_mining
1290626,agriculture
1290628,ilegal_mining
1290633,ilegal_mining
1290634,ilegal_mining
1290643,agriculture
1290646,ilegal_mining
1290650,ilegal_mining
1290653,ilegal_mining
1290659,ilegal_mining
1290660,agriculture
1290686,ilegal_mining
1290688,ilegal_mining
1290696,ilegal_mining
1290720,agriculture
1290730,ilegal_mining
1290731,ilegal_mining
1290761,ilegal_mining
1290764,ilegal_mining
1290768,ilegal_mining
1290769,ilegal_mining
1290777,ilegal_mining
1290783,ilegal_mining
1290797,ilegal_mining
1290799,ilegal_mining
1290804,ilegal_mining
1290807,ilegal_mining
1290808,ilegal_mining
1290811,ilegal_mining
1290814,agriculture
1290816,ilegal_mining
1290820,ilegal_mining
1290821,ilegal_mining
1290825,ilegal_mining
1290829,ilegal_mining
1290832,ilegal_mining
1290833,ilegal_mining
1290835,ilegal_mining
1290839,ilegal_mining
1290842,ilegal_mining
1290855,ilegal_mining
1290864,ilegal_mining
1290882,ilegal_mining
1290883,ilegal_mining
1290885,agriculture
1290895,ilegal_mining
1290899,ilegal_mining
1290901,ilegal_mining
1290905,ilegal_mining
1290912,ilegal_mining
1290913,ilegal_mining
1290918,ilegal_mining
1290920,ilegal_mining
1290921,ilegal_mining
1290922,ilegal_mining
1290924,ilegal_mining
1290928,ilegal_mining
1290943,ilegal_mining
1290944,ilegal_mining
1290945,ilegal_mining
1290950,ilegal_mining
1290952,ilegal_mining
1290954,ilegal_mining
1290955,ilegal_mining
1290962,agriculture
1290963,agriculture
1290967,ilegal_mining
1290968,ilegal_mining
1290981,ilegal_mining
1290983,ilegal_mining
1290987,ilegal_mining
1290988,ilegal_mining
1290994,ilegal_mining
1290995,ilegal_mining
1290996,ilegal_mining
1291000,ilegal_mining
1291002,ilegal_mining
1291008,ilegal_mining
1291009,ilegal_mining
1291013,ilegal_mining
1291025,ilegal_mining
1291035,ilegal_mining
1291038,ilegal_mining
1291043,ilegal_mining
1291045,ilegal_mining
1291050,ilegal_mining
1291056,ilegal_mining
1291066,ilegal_mining
1291072,ilegal_mining
1291074,ilegal_mining
1291077,ilegal_mining
1291085,ilegal_mining
1291089,ilegal_mining
1291090,ilegal_mining
1291094,ilegal_mining
1291113,ilegal_mining
1291119,ilegal_mining
1291148,ilegal_mining
1291156,ilegal_mining
1291158,ilegal_mining
1291159,agriculture
1291161,ilegal_mining
1291164,ilegal_mining
1291165,ilegal_mining
1291169,ilegal_mining
1291188,ilegal_mining
1291194,ilegal_mining
1291198,ilegal_mining
1291199,ilegal_mining
1291212,ilegal_mining
1291213,ilegal_mining
1291217,agriculture
1291218,ilegal_mining
1291227,ilegal_mining
1291228,ilegal_mining
1291230,agriculture
1291232,ilegal_mining
1291233,ilegal_mining
1291234,agriculture
1291236,ilegal_mining
1291237,ilegal_mining
1291239,ilegal_mining
1291241,ilegal_mining
1291254,ilegal_mining
1291260,ilegal_mining
1291263,ilegal_mining
1291269,ilegal_mining
1291271,ilegal_mining
1291282,agriculture
1291286,ilegal_mining
1291296,ilegal_mining
1291299,ilegal_mining
1291313,ilegal_mining
1291314,ilegal_mining
1291320,ilegal_mining
1291328,ilegal_mining
1291337,ilegal_mining
1291338,agriculture
1291339,ilegal_mining
1291340,agriculture
1291350,agriculture
1291383,agriculture
1291432,agriculture
1291441,agriculture
1291486,agriculture
1291494,agriculture
1291508,agriculture
1291512,agriculture
1291526,agriculture
1291527,agriculture
1291652,agriculture
1291716,agriculture
1291792,agriculture
1291815,agriculture
1291830,agriculture
1291840,agriculture
1291882,agriculture
1291900,agriculture
1291903,agriculture
1291908,agriculture
1291916,agriculture
1291942,agriculture
1291956,agriculture
1291978,agriculture
1291988,agriculture
1292002,agriculture
1292021,agriculture
1292035,agriculture
1292159,agriculture
1292174,agriculture
1292181,agriculture
1292211,agriculture
1292215,agriculture
1292224,agriculture
1292226,agriculture
1292254,agriculture
1292281,agriculture
1292292,agriculture
1292331,agriculture
1292337,agriculture
1292341,agriculture
1292419,agriculture
1292422,agriculture
1292433,agriculture
1292444,agriculture
1292453,agriculture
1292464,agriculture
1292475,agriculture
1292510,agriculture
1292558,agriculture
1292578,agriculture
1292585,ilegal_mining
1292589,agriculture
1292619,ilegal_mining
1292652,agriculture
1292673,agriculture
1292713,agriculture
1292715,agriculture
1292731,agriculture
1292783,agriculture
1292861,agriculture
1292893,agriculture
1292894,agriculture
1293015,ilegal_mining
1293081,agriculture
1293113,agriculture
1293134,agriculture
1293152,agriculture
1293180,agriculture
1293226,agriculture
1293228,agriculture
1293310,agriculture
1293328,agriculture
1293387,agriculture
1293413,agriculture
1293448,agriculture
1293479,agriculture
1293546,agriculture
1293554,ilegal_mining
1293601,agriculture
1293668,agriculture
1293681,ilegal_mining
1293686,agriculture
1293732,agriculture
1293759,agriculture
1293815,agriculture
1293821,agriculture
1293916,agriculture
1293935,agriculture
1293949,agriculture
1293998,agriculture
1294040,agriculture
1294051,agriculture
1294057,ilegal_mining
1294082,agriculture
1294087,agriculture
1294112,agriculture
1294115,agriculture
1294154,agriculture
1294170,agriculture
1294180,ilegal_mining
1294181,agriculture
1294201,agriculture
1294212,agriculture
1294240,agriculture
1294283,agriculture
1294314,agriculture
1294319,agriculture
1294463,agriculture
1294580,agriculture
1294615,agriculture
1294707,agriculture
1294736,agriculture
1294744,agriculture
1294746,agriculture
1294755,agriculture
1294758,agriculture
1294777,agriculture
1294820,ilegal_mining
1294867,agriculture
1294919,agriculture
1294957,agriculture
1294974,agriculture
1294989,agriculture
1294993,agriculture
1295031,agriculture
1295043,agriculture
1295057,agriculture
1295121,agriculture
1295164,ilegal_mining
1295250,agriculture
1295300,agriculture
1295383,agriculture
1295438,agriculture
1295500,agriculture
1295564,agriculture
1295625,agriculture
1295635,agriculture
1295663,agriculture
1295693,agriculture
1295714,agriculture
1295743,agriculture
1295779,agriculture
1295780,agriculture
1295839,agriculture
1295860,ilegal_mining
1295931,agriculture
1295965,agriculture
1296065,agriculture
1296131,ilegal_mining
1296160,agriculture
1296168,agriculture
1296223,agriculture
1296237,ilegal_mining
1296284,agriculture
1296292,ilegal_mining
1296315,ilegal_mining
1296317,agriculture
1296345,agriculture
1296356,agriculture
1296360,agriculture
1296363,agriculture
1296376,agriculture
1296440,agriculture
1296502,agriculture
1296545,ilegal_mining
1296547,agriculture
1296555,agriculture
1296561,agriculture
1296582,ilegal_mining
1296592,agriculture
1296604,agriculture
1296622,agriculture
1296681,agriculture
1296690,agriculture
1296746,agriculture
1296751,agriculture
1296761,agriculture
1296831,agriculture
1296839,agriculture
1296860,agriculture
1296878,agriculture
1296882,agriculture
1296895,agriculture
1296902,agriculture
1296936,agriculture
1297024,agriculture
1297040,agriculture
1297064,agriculture
1297103,agriculture
1297111,agriculture
1297120,agriculture
1297121,agriculture
1297140,agriculture
1297171,agriculture
1297174,agriculture
1297187,agriculture
1297189,agriculture
1297220,agriculture
1297266,agriculture
1297270,agriculture
1297280,agriculture
1297283,agriculture
1297288,ilegal_mining
1297310,agriculture
1297322,agriculture
1297414,agriculture
1297418,agriculture
1297440,agriculture
1297458,agriculture
1297481,agriculture
1297500,agriculture
1297508,agriculture
1297529,agriculture
1297556,agriculture
1297568,agriculture
1297668,agriculture
1297713,agriculture
1297727,agriculture
1297815,agriculture
1297834,agriculture
1297853,ilegal_mining
1297893,agriculture
1297955,agriculture
1297967,agriculture
1298002,agriculture
1298079,agriculture
1298105,agriculture
1298145,agriculture
1298154,agriculture
1298187,agriculture
1298235,ilegal_mining
1298251,agriculture
1298265,agriculture
1298279,agriculture
1298538,agriculture
1298547,ilegal_mining
1298568,agriculture
1298588,agriculture
1298590,agriculture
1298617,agriculture
1298657,agriculture
1298681,agriculture
1298692,agriculture
1298695,agriculture
1298707,agriculture
1298791,agriculture
1298802,agriculture
1298842,ilegal_mining
1298851,agriculture
1298857,agriculture
1298859,agriculture
1298865,agriculture
1298877,agriculture
1298894,agriculture
1298946,agriculture
1298959,agriculture
1299009,agriculture
1299013,agriculture
1299014,agriculture
1299057,agriculture
1299090,agriculture
1299097,agriculture
1299099,agriculture
1299113,ilegal_mining
1299169,agriculture
1299176,agriculture
1299183,agriculture
1299271,agriculture
1299273,agriculture
1299338,agriculture
1299352,agriculture
1299359,agriculture
1299405,agriculture
1299406,agriculture
1299423,agriculture
1299435,agriculture
1299471,agriculture
1299491,agriculture
1299524,agriculture
1299527,agriculture
1299542,agriculture
1299637,agriculture
1299671,agriculture
1299719,agriculture
1299756,agriculture
1299796,agriculture
1299828,agriculture
1299839,agriculture
1299869,agriculture
1299943,agriculture
1300004,agriculture
1300052,agriculture
1300057,agriculture
1300082,agriculture
1300124,agriculture
1300126,ilegal_mining
1300167,agriculture
1300189,agriculture
1300191,agriculture
1300192,agriculture
1300194,agriculture
1300220,agriculture
1300223,agriculture
1300225,agriculture
1300271,agriculture
1300298,agriculture
1300309,agriculture
1300355,agriculture
1300368,agriculture
1300369,agriculture
1300399,agriculture
1300407,agriculture
1300409,agriculture
1300420,agriculture
1300435,agriculture
1300439,agriculture
1300540,agriculture
1300553,agriculture
1300564,agriculture
1300565,agriculture
1300608,agriculture
1300609,agriculture
1300626,agriculture
1300635,agriculture
1300741,ilegal_mining
1300769,agriculture
1300795,agriculture
1300800,ilegal_mining
1300804,ilegal_mining
1300848,agriculture
1300857,ilegal_mining
1300896,ilegal_mining
1300900,agriculture
1300922,agriculture
1300984,agriculture
1301015,agriculture
1301032,agriculture
1301141,agriculture
1301145,agriculture
1301169,agriculture
1301178,agriculture
1301202,agriculture
1301205,agriculture
1314711,agriculture
1314732,agriculture
1314736,agriculture
1314749,agriculture
1314764,agriculture
1314787,agriculture
1314811,agriculture
1314817,agriculture
1314818,agriculture
1314821,agriculture
1314830,agriculture
1314853,agriculture
1314927,agriculture
1314988,agriculture
1315085,agriculture
1315119,agriculture
1315134,agriculture
1315135,agriculture
1315250,ilegal_mining
1315367,agriculture
1315392,agriculture
1315410,agriculture
1315431,agriculture
1315453,agriculture
1315474,agriculture
1315475,agriculture
1315491,agriculture
1315539,agriculture
1315595,agriculture
1315632,agriculture
1315664,agriculture
1315669,agriculture
1315673,agriculture
1315734,agriculture
1315803,agriculture
1315824,agriculture
1315895,agriculture
1315920,agriculture
1315993,agriculture
1316011,agriculture
1316044,agriculture
1316163,agriculture
1316218,agriculture
1316233,agriculture
1316234,agriculture
1316255,agriculture
1316281,agriculture
1316308,agriculture
1316313,agriculture
1316332,agriculture
1316347,agriculture
1316376,agriculture
1316444,agriculture
1316466,agriculture
1316482,agriculture
1316526,agriculture
1316548,agriculture
1316557,agriculture
1316581,agriculture
1316613,agriculture
1316627,agriculture
1316628,agriculture
1316632,agriculture
1316672,agriculture
1316673,ilegal_mining
1316684,agriculture
1316688,ilegal_mining
1316694,agriculture
1316725,ilegal_mining
1316805,agriculture
1316848,agriculture
1316850,agriculture
1317036,agriculture
1317039,agriculture
1317074,agriculture
1317126,agriculture
1317129,agriculture
1317132,agriculture
1317169,agriculture
1317184,agriculture
1317257,agriculture
1317270,agriculture
1317293,agriculture
1317302,agriculture
1317309,agriculture
1317320,agriculture
1317323,agriculture
1317352,agriculture
1317457,agriculture
1317480,agriculture
1317507,agriculture
1317524,agriculture
1317534,agriculture
1317560,agriculture
1317562,agriculture
1317595,agriculture
1317596,agriculture
1317606,agriculture
1317630,agriculture
1317634,agriculture
1317644,agriculture
1317676,agriculture
1317679,agriculture
1317733,agriculture
1317743,agriculture
1317746,agriculture
1317811,agriculture
1317830,agriculture
1317834,agriculture
1317859,agriculture
1317876,agriculture
1317879,agriculture
1317893,agriculture
1317927,agriculture
1318061,agriculture
1318107,agriculture
1318150,agriculture
1318182,agriculture
1318185,agriculture
1318202,agriculture
1318209,agriculture
1318228,agriculture
1318236,agriculture
1318247,agriculture
1318337,agriculture
1318363,agriculture
1318376,agriculture
1318417,agriculture
1318437,agriculture
1318469,agriculture
1318519,agriculture
1318527,agriculture
1318541,agriculture
1318551,agriculture
1318567,agriculture
1318591,agriculture
1318599,agriculture
1318664,agriculture
1318694,agriculture
1318706,ilegal_mining
1318725,agriculture
1318734,agriculture
1318797,agriculture
1318946,agriculture
1318950,ilegal_mining
1318952,agriculture
1318960,agriculture
1319018,agriculture
1319022,agriculture
1319024,agriculture
1319027,agriculture
1319084,agriculture
1319120,agriculture
1319123,agriculture
1319139,agriculture
1319174,agriculture
1319194,agriculture
1319199,agriculture
1319216,agriculture
1319244,agriculture
1319262,agriculture
1319280,agriculture
1319300,agriculture
1319305,agriculture
1319333,agriculture
1319337,agriculture
1319345,agriculture
1319360,agriculture
1319400,agriculture
1319434,agriculture
1319437,agriculture
1319492,agriculture
1319531,agriculture
1319535,agriculture
1319547,agriculture
1319598,agriculture
1319626,agriculture
1319629,agriculture
1319638,agriculture
1319646,agriculture
1319706,agriculture
1319747,agriculture
1319809,agriculture
1319856,ilegal_mining
1319877,agriculture
1319897,agriculture
1319902,agriculture
1319947,ilegal_mining
1319963,agriculture
1319976,agriculture
1319979,agriculture
1320002,agriculture
1320041,ilegal_mining
1320077,agriculture
1320112,agriculture
1320115,agriculture
1320125,agriculture
1320203,agriculture
1320240,agriculture
1320312,agriculture
1320344,agriculture
1320387,agriculture
1320392,agriculture
1320407,agriculture
1320508,ilegal_mining
1320519,agriculture
1320552,agriculture
1320594,agriculture
1320641,agriculture
1320678,agriculture
1320713,agriculture
1320717,agriculture
1320785,agriculture
1320818,agriculture
1320849,agriculture
1320912,agriculture
1320933,agriculture
1320956,agriculture
1320977,agriculture
1321010,agriculture
1321023,agriculture
1321028,agriculture
1321031,agriculture
1321065,agriculture
1321072,agriculture
1321073,agriculture
1321114,agriculture
1321130,agriculture
1321145,agriculture
1321155,agriculture
1321163,agriculture
1321164,agriculture
1321168,agriculture
1321216,agriculture
1321220,agriculture
1321245,agriculture
1321271,agriculture
1321275,agriculture
1321277,agriculture
1321309,ilegal_mining
1321359,agriculture
1321368,agriculture
1321410,agriculture
1321413,agriculture
1321517,agriculture
1321570,agriculture
1321589,agriculture
1321593,agriculture
1321626,agriculture
1321654,agriculture
1321739,agriculture
1321757,agriculture
1321771,agriculture
1321787,agriculture
1321881,agriculture
1321883,agriculture
1321886,agriculture
1321902,agriculture
1321904,agriculture
1321908,agriculture
1321911,agriculture
1321923,agriculture
1321926,agriculture
1321961,agriculture
1321986,agriculture
1321999,agriculture
1322031,agriculture
1322057,agriculture
1322068,agriculture
1322099,agriculture
1322110,agriculture
1322113,agriculture
1322123,agriculture
1322194,agriculture
1322233,agriculture
1322247,agriculture
1322251,agriculture
1322303,agriculture
1322307,agriculture
1322329,agriculture
1322368,agriculture
1322385,agriculture
1322397,agriculture
1322416,agriculture
1322486,agriculture
1322499,agriculture
1322510,agriculture
1322513,agriculture
1322578,agriculture
1322585,agriculture
1322651,agriculture
1322666,agriculture
1322702,agriculture
1322750,agriculture
1322764,agriculture
1322777,agriculture
1322792,agriculture
1322825,agriculture
1322839,agriculture
1322855,agriculture
1322858,agriculture
1322916,agriculture
1322982,agriculture
1322994,agriculture
1323019,agriculture
1323028,agriculture
1323053,agriculture
1323072,agriculture
1323128,agriculture
1323167,agriculture
1323230,agriculture
1323236,agriculture
1323240,ilegal_mining
1323289,agriculture
1323290,agriculture
1323296,agriculture
1323310,agriculture
1323324,agriculture
1323350,agriculture
1323381,agriculture
1323395,agriculture
1323427,agriculture
1323428,agriculture
1323429,agriculture
1323473,agriculture
1323613,agriculture
1323622,agriculture
1323630,agriculture
1323644,agriculture
1323723,agriculture
1323737,agriculture
1323756,agriculture
1323769,agriculture
1323791,agriculture
1323795,agriculture
1323806,agriculture
1323828,agriculture
1323854,agriculture
1323863,agriculture
1323872,agriculture
1323900,agriculture
1323936,agriculture
1324010,agriculture
1324026,agriculture
1324046,agriculture
1324073,agriculture
1324160,agriculture
1324224,agriculture
1324308,agriculture
1324354,agriculture
1324381,agriculture
1324430,agriculture
1324455,ilegal_mining
1324482,agriculture
1324492,agriculture
1324501,agriculture
1324507,agriculture
1324514,ilegal_mining
1324541,agriculture
1324554,agriculture
1324570,agriculture
1324609,agriculture
1324685,agriculture
1324703,agriculture
1324708,agriculture
1324759,ilegal_mining
1324791,agriculture
1324812,agriculture
1324824,agriculture
1324833,agriculture
1324991,agriculture
1324999,agriculture
1325010,agriculture
1325045,agriculture
1325083,agriculture
1325135,agriculture
1325141,agriculture
1325149,agriculture
1325170,agriculture
1325173,agriculture
1325211,agriculture
1325254,agriculture
1325301,agriculture
1325334,agriculture
1325365,agriculture
1325467,agriculture
1325468,agriculture
1325500,agriculture
1325522,agriculture
1325534,agriculture
1325564,agriculture
1325594,agriculture
1325656,agriculture
1325667,agriculture
1325748,agriculture
1325767,agriculture
1325774,agriculture
1325842,agriculture
1325843,agriculture
1325869,agriculture
1325892,agriculture
1325911,agriculture
1325917,agriculture
1325923,agriculture
1325935,agriculture
1325989,agriculture
1326032,agriculture
1326062,agriculture
1326063,agriculture
1326066,agriculture
1326070,agriculture
1326099,agriculture
1326113,agriculture
1326197,agriculture
1326230,agriculture
1326295,agriculture
1326315,agriculture
1326328,agriculture
1326361,agriculture
1326363,agriculture
1326374,agriculture
1326385,agriculture
1326390,agriculture
1326430,agriculture
1326440,agriculture
1326467,agriculture
1326513,agriculture
1326564,agriculture
1326570,ilegal_mining
1326667,ilegal_mining
1326701,agriculture
1326746,agriculture
1326777,agriculture
1326782,agriculture
1326783,agriculture
1326831,agriculture
1326851,agriculture
1326869,agriculture
1326905,agriculture
1326951,agriculture
1326992,agriculture
1327005,agriculture
1327045,agriculture
1327083,agriculture
1327098,agriculture
1327122,agriculture
1327223,agriculture
1327280,agriculture
1327375,agriculture
1327414,agriculture
1327432,agriculture
1327492,agriculture
1327493,agriculture
1327498,agriculture
1327539,agriculture
1327585,agriculture
1327604,agriculture
1327611,agriculture
1327632,agriculture
1327678,agriculture
1327680,agriculture
1327689,agriculture
1327691,agriculture
1327698,agriculture
1327741,agriculture
1327786,agriculture
1327790,agriculture
1327797,agriculture
1327868,agriculture
1327885,agriculture
1327901,agriculture
1327930,agriculture
1327968,agriculture
1327984,agriculture
1327988,agriculture
1327997,agriculture
1328039,agriculture
1328046,agriculture
1328085,agriculture
1328104,agriculture
1328163,agriculture
1328167,agriculture
1328182,agriculture
1328203,agriculture
1328249,agriculture
1328268,agriculture
1328293,agriculture
1328323,agriculture
1328369,agriculture
1328412,agriculture
1328426,agriculture
1328429,agriculture
1328473,agriculture
1328507,agriculture
1328571,agriculture
1328586,agriculture
1328604,agriculture
1328684,agriculture
1328694,agriculture
1328754,agriculture
1328798,agriculture
1328822,agriculture
1328848,agriculture
1328854,ilegal_mining
1328966,agriculture
1329036,agriculture
1329047,agriculture
1329084,agriculture
1329095,agriculture
1329096,agriculture
1329130,agriculture
1329139,agriculture
1329140,agriculture
1329143,agriculture
1329150,agriculture
1329166,agriculture
1329168,agriculture
1329182,agriculture
1329203,agriculture
1329207,agriculture
1349944,agriculture
1349949,agriculture
1349959,agriculture
1349964,ilegal_mining
1349973,agriculture
1350004,agriculture
1350012,agriculture
1350033,agriculture
1350034,agriculture
1350075,ilegal_mining
1350087,agriculture
1350118,agriculture
1350143,agriculture
1350151,agriculture
1350165,agriculture
1350226,agriculture
1350238,agriculture
1350255,agriculture
1350262,agriculture
1350266,agriculture
1350315,agriculture
1350327,agriculture
1350343,agriculture
1350351,agriculture
1350354,agriculture
1350360,agriculture
1350370,agriculture
1350384,agriculture
1350386,agriculture
1350414,agriculture
1350426,agriculture
1350447,agriculture
1350449,agriculture
1350450,agriculture
1350507,agriculture
1350522,agriculture
1350535,agriculture
1350542,agriculture
1350545,agriculture
1350552,agriculture
1357163,agriculture
1357173,agriculture
1357218,ilegal_mining
1357259,agriculture
1357286,ilegal_mining
1357329,agriculture
1357341,agriculture
1357363,agriculture
1357371,agriculture
1357383,agriculture
1357390,agriculture
1357397,agriculture
1357404,ilegal_mining
1357410,ilegal_mining
1357426,ilegal_mining
1357494,agriculture
1357505,agriculture
1357563,ilegal_mining
1357576,agriculture
1357636,ilegal_mining
1357688,ilegal_mining
1357690,ilegal_mining
1357708,ilegal_mining
1357736,agriculture
1357748,ilegal_mining
1357767,ilegal_mining
1357768,agriculture
1357779,ilegal_mining
1357793,agriculture
1357811,ilegal_mining
1357821,agriculture
1357860,ilegal_mining
1357861,agriculture
1358048,agriculture
1358062,agriculture
1358068,agriculture
1358074,agriculture
1358075,agriculture
1358107,agriculture
1358113,agriculture
1358115,ilegal_mining
1358139,agriculture
1358150,agriculture
1358173,ilegal_mining
1358218,agriculture
1358222,agriculture
1358249,agriculture
1358262,ilegal_mining
1358312,ilegal_mining
1358332,agriculture
1358344,agriculture
1358377,agriculture
1358381,agriculture
1358385,agriculture
1358398,ilegal_mining
1358424,ilegal_mining
1358479,ilegal_mining
1358486,ilegal_mining
1358488,agriculture
1358492,agriculture
1358518,agriculture
1358537,agriculture
1358558,agriculture
1358571,ilegal_mining
1358596,ilegal_mining
1358597,ilegal_mining
1358599,agriculture
1358600,agriculture
1358615,agriculture
1358670,ilegal_mining
1358694,ilegal_mining
1358732,ilegal_mining
1358751,agriculture
1358756,ilegal_mining
1358766,agriculture
1358779,agriculture
1358781,agriculture
1358782,ilegal_mining
1358809,agriculture
1358823,ilegal_mining
1358831,ilegal_mining
1358841,ilegal_mining
1358880,agriculture
1358885,ilegal_mining
1358887,agriculture
1358901,agriculture
1358911,ilegal_mining
1358914,agriculture
1358923,ilegal_mining
1358927,ilegal_mining
1358932,ilegal_mining
1358937,ilegal_mining
1358959,ilegal_mining
1358967,ilegal_mining
1358969,ilegal_mining
1358973,ilegal_mining
1358979,agriculture
1358989,ilegal_mining
1358994,ilegal_mining
1358996,ilegal_mining
1359000,ilegal_mining
1359038,ilegal_mining
1359045,agriculture
1359048,ilegal_mining
1359065,ilegal_mining
1359070,ilegal_mining
1359076,ilegal_mining
1359082,ilegal_mining
1359083,agriculture
1359093,agriculture
1359094,ilegal_mining
1359121,ilegal_mining
1359138,ilegal_mining
1359146,ilegal_mining
1359147,ilegal_mining
1359153,agriculture
1359183,ilegal_mining
1359186,ilegal_mining
1359195,ilegal_mining
1359196,ilegal_mining
1359208,agriculture
1359222,ilegal_mining
1359238,agriculture
1359251,ilegal_mining
1359258,ilegal_mining
1359275,agriculture
1359277,agriculture
1359285,agriculture
1359291,agriculture
1359304,ilegal_mining
1359319,agriculture
1359335,ilegal_mining
1359340,ilegal_mining
1359341,agriculture
1359360,ilegal_mining
1359381,agriculture
1359386,ilegal_mining
1359417,agriculture
1359424,ilegal_mining
1359436,ilegal_mining
1359437,ilegal_mining
1359441,ilegal_mining
1359465,ilegal_mining
1359493,ilegal_mining
1359497,ilegal_mining
1359508,agriculture
1359514,ilegal_mining
1359517,ilegal_mining
1359540,agriculture
1359556,ilegal_mining
1359595,ilegal_mining
1359611,ilegal_mining
1359614,agriculture
1359616,agriculture
1359629,ilegal_mining
1359644,agriculture
1359655,ilegal_mining
1359659,ilegal_mining
1359679,agriculture
1359683,ilegal_mining
1359684,agriculture
1359704,agriculture
1359718,agriculture
1359732,agriculture
1359773,ilegal_mining
1359783,agriculture
1359790,agriculture
1359808,agriculture
1359810,agriculture
1359823,agriculture
1359830,agriculture
1359844,agriculture
1359868,agriculture
1359873,agriculture
1359875,agriculture
1359876,agriculture
1359885,ilegal_mining
1359890,agriculture
1359899,agriculture
1359928,agriculture
1359956,agriculture
1359978,agriculture
1359989,agriculture
1360010,agriculture
1360014,agriculture
1360016,natural_cause
1360019,agriculture
1360028,agriculture
1360040,agriculture
1360054,agriculture
1360060,agriculture
1360090,agriculture
1360091,agriculture
1360098,agriculture
1360118,agriculture
1360176,agriculture
1360177,agriculture
1360193,agriculture
1360197,agriculture
1360213,agriculture
1360227,agriculture
1360229,agriculture
1360238,agriculture
1360245,ilegal_mining
1360259,agriculture
1360270,agriculture
1360272,agriculture
1360275,agriculture
1360276,agriculture
1360281,agriculture
1360282,agriculture
1360298,agriculture
1360307,agriculture
1360318,agriculture
1360319,agriculture
1360337,agriculture
1360338,agriculture
1360342,agriculture
1360343,agriculture
1360365,agriculture
1360371,agriculture
1360382,ilegal_mining
1360388,agriculture
1360389,agriculture
1360401,agriculture
1360414,agriculture
1360418,agriculture
1360420,agriculture
1360431,agriculture
1360433,agriculture
1360453,ilegal_mining
1360473,agriculture
1360496,agriculture
1360498,agriculture
1360500,agriculture
1360512,agriculture
1360523,agriculture
1360542,agriculture
1360545,agriculture
1360559,agriculture
1360580,agriculture
1360588,agriculture
1360598,agriculture
1360646,agriculture
1360656,agriculture
1360657,ilegal_mining
1360679,agriculture
1360703,agriculture
1360704,agriculture
1360707,agriculture
1360714,agriculture
1360717,agriculture
1360727,agriculture
1360728,agriculture
1360744,agriculture
1360754,agriculture
1360771,ilegal_mining
1360787,agriculture
1360802,agriculture
1360805,agriculture
1360806,agriculture
1360808,agriculture
1360812,agriculture
1360827,agriculture
1360829,agriculture
1360846,agriculture
1360853,agriculture
1360854,agriculture
1360855,agriculture
1360871,agriculture
1360891,agriculture
1360903,agriculture
1360925,agriculture
1360939,agriculture
1360953,agriculture
1360960,agriculture
1360981,roads
